solid OpenSCAD_Model
  facet normal 0.999848 -0.0174388 0
    outer loop
      vertex -55.2 0 24
      vertex -55.1664 1.92645 21
      vertex -55.1664 1.92645 24
    endloop
  endfacet
  facet normal 0.999848 -0.0174388 0
    outer loop
      vertex -55.1664 1.92645 21
      vertex -55.2 0 24
      vertex -55.2 0 21
    endloop
  endfacet
  facet normal 0.999847 -0.0174761 0
    outer loop
      vertex -50 0 21
      vertex -49.9695 1.74497 19
      vertex -49.9695 1.74497 21
    endloop
  endfacet
  facet normal 0.999847 -0.0174761 0
    outer loop
      vertex -49.9695 1.74497 19
      vertex -50 0 21
      vertex -50 0 19
    endloop
  endfacet
  facet normal 0.732212 -0.012737 -0.680957
    outer loop
      vertex -50.9264 0.206954 18
      vertex -50 0 19
      vertex -50.93 0 18
    endloop
  endfacet
  facet normal 0.732188 -0.0127744 -0.680983
    outer loop
      vertex -49.9695 1.74497 19
      vertex -50.9264 0.206954 18
      vertex -50.899 1.77743 18
    endloop
  endfacet
  facet normal 0.732205 -0.0127981 -0.680964
    outer loop
      vertex -50.9264 0.206954 18
      vertex -49.9695 1.74497 19
      vertex -50 0 19
    endloop
  endfacet
  facet normal 0.986242 -0.0175693 -0.16437
    outer loop
      vertex -60.8 0 0
      vertex -59.4625 0.235765 8
      vertex -59.4667 0 8
    endloop
  endfacet
  facet normal 0.986247 -0.0171975 -0.164381
    outer loop
      vertex -59.4625 0.235765 8
      vertex -60.8 0 0
      vertex -60.763 2.12189 0
    endloop
  endfacet
  facet normal 0.986246 -0.0172095 -0.164384
    outer loop
      vertex -59.4304 2.07536 8
      vertex -59.4625 0.235765 8
      vertex -60.763 2.12189 0
    endloop
  endfacet
  facet normal 0 0 -1
    outer loop
      vertex 60.8 0 0
      vertex 62 0 0
      vertex 61.9622 -2.16377 0
    endloop
  endfacet
  facet normal 0 0 -1
    outer loop
      vertex 60.763 -2.12189 0
      vertex 61.9622 -2.16377 0
      vertex 61.849 -4.3249 0
    endloop
  endfacet
  facet normal 0 0 -1
    outer loop
      vertex 62 0 0
      vertex 60.8 0 0
      vertex 61.9622 2.16377 0
    endloop
  endfacet
  facet normal 0 0 -1
    outer loop
      vertex 60.6519 -4.24119 0
      vertex 61.849 -4.3249 0
      vertex 61.6604 -6.48076 0
    endloop
  endfacet
  facet normal 0 0 -1
    outer loop
      vertex 60.763 2.12189 0
      vertex 61.9622 2.16377 0
      vertex 60.8 0 0
    endloop
  endfacet
  facet normal 0 0 -1
    outer loop
      vertex 60.4669 -6.35533 0
      vertex 61.6604 -6.48076 0
      vertex 61.3966 -8.62873 0
    endloop
  endfacet
  facet normal -0 0 -1
    outer loop
      vertex 61.9622 2.16377 0
      vertex 60.763 2.12189 0
      vertex 61.849 4.3249 0
    endloop
  endfacet
  facet normal 0 0 -1
    outer loop
      vertex 60.2083 -8.46172 0
      vertex 61.3966 -8.62873 0
      vertex 61.0581 -10.7662 0
    endloop
  endfacet
  facet normal 0 0 -1
    outer loop
      vertex 60.6519 4.24119 0
      vertex 61.849 4.3249 0
      vertex 60.763 2.12189 0
    endloop
  endfacet
  facet normal -0 0 -1
    outer loop
      vertex 61.849 4.3249 0
      vertex 60.6519 4.24119 0
      vertex 61.6604 6.48076 0
    endloop
  endfacet
  facet normal 0 0 -1
    outer loop
      vertex 61.9622 -2.16377 0
      vertex 60.763 -2.12189 0
      vertex 60.8 0 0
    endloop
  endfacet
  facet normal 0 0 -1
    outer loop
      vertex 61.849 -4.3249 0
      vertex 60.6519 -4.24119 0
      vertex 60.763 -2.12189 0
    endloop
  endfacet
  facet normal 0 0 -1
    outer loop
      vertex 59.8763 -10.5578 0
      vertex 61.0581 -10.7662 0
      vertex 60.6451 -12.8905 0
    endloop
  endfacet
  facet normal 0 0 -1
    outer loop
      vertex 61.6604 -6.48076 0
      vertex 60.4669 -6.35533 0
      vertex 60.6519 -4.24119 0
    endloop
  endfacet
  facet normal 0 0 -1
    outer loop
      vertex 61.3966 -8.62873 0
      vertex 60.2083 -8.46172 0
      vertex 60.4669 -6.35533 0
    endloop
  endfacet
  facet normal 0 0 -1
    outer loop
      vertex 59.4714 -12.641 0
      vertex 60.6451 -12.8905 0
      vertex 60.1583 -14.9992 0
    endloop
  endfacet
  facet normal 0 0 -1
    outer loop
      vertex 61.0581 -10.7662 0
      vertex 59.8763 -10.5578 0
      vertex 60.2083 -8.46172 0
    endloop
  endfacet
  facet normal 0 0 -1
    outer loop
      vertex 58.994 -14.7088 0
      vertex 60.1583 -14.9992 0
      vertex 59.5982 -17.0895 0
    endloop
  endfacet
  facet normal 0 0 -1
    outer loop
      vertex 60.6451 -12.8905 0
      vertex 59.4714 -12.641 0
      vertex 59.8763 -10.5578 0
    endloop
  endfacet
  facet normal 0 0 -1
    outer loop
      vertex 60.1583 -14.9992 0
      vertex 58.994 -14.7088 0
      vertex 59.4714 -12.641 0
    endloop
  endfacet
  facet normal 0 0 -1
    outer loop
      vertex 58.4447 -16.7587 0
      vertex 59.5982 -17.0895 0
      vertex 58.9655 -19.1591 0
    endloop
  endfacet
  facet normal 0 0 -1
    outer loop
      vertex 59.5982 -17.0895 0
      vertex 58.4447 -16.7587 0
      vertex 58.994 -14.7088 0
    endloop
  endfacet
  facet normal 0 0 -1
    outer loop
      vertex 57.8242 -18.7882 0
      vertex 58.9655 -19.1591 0
      vertex 58.2609 -21.2052 0
    endloop
  endfacet
  facet normal 0 0 -1
    outer loop
      vertex 58.9655 -19.1591 0
      vertex 57.8242 -18.7882 0
      vertex 58.4447 -16.7587 0
    endloop
  endfacet
  facet normal 0 0 -1
    outer loop
      vertex 57.1333 -20.7948 0
      vertex 58.2609 -21.2052 0
      vertex 57.4854 -23.2256 0
    endloop
  endfacet
  facet normal 0 0 -1
    outer loop
      vertex 58.2609 -21.2052 0
      vertex 57.1333 -20.7948 0
      vertex 57.8242 -18.7882 0
    endloop
  endfacet
  facet normal 0 0 -1
    outer loop
      vertex 56.3728 -22.7761 0
      vertex 57.4854 -23.2256 0
      vertex 56.6398 -25.2177 0
    endloop
  endfacet
  facet normal 0 0 -1
    outer loop
      vertex 57.4854 -23.2256 0
      vertex 56.3728 -22.7761 0
      vertex 57.1333 -20.7948 0
    endloop
  endfacet
  facet normal 0 0 -1
    outer loop
      vertex 55.5436 -24.7296 0
      vertex 56.6398 -25.2177 0
      vertex 55.7252 -27.179 0
    endloop
  endfacet
  facet normal 0 0 -1
    outer loop
      vertex 56.6398 -25.2177 0
      vertex 55.5436 -24.7296 0
      vertex 56.3728 -22.7761 0
    endloop
  endfacet
  facet normal 0 0 -1
    outer loop
      vertex 54.6467 -26.653 0
      vertex 55.7252 -27.179 0
      vertex 54.7428 -29.1072 0
    endloop
  endfacet
  facet normal 0 0 -1
    outer loop
      vertex 55.7252 -27.179 0
      vertex 54.6467 -26.653 0
      vertex 55.5436 -24.7296 0
    endloop
  endfacet
  facet normal 0 0 -1
    outer loop
      vertex 53.6832 -28.5439 0
      vertex 54.7428 -29.1072 0
      vertex 53.6936 -31 0
    endloop
  endfacet
  facet normal 0 0 -1
    outer loop
      vertex 54.7428 -29.1072 0
      vertex 53.6832 -28.5439 0
      vertex 54.6467 -26.653 0
    endloop
  endfacet
  facet normal 0 0 -1
    outer loop
      vertex 53.6936 -31 0
      vertex 52.6543 -30.4 0
      vertex 53.6832 -28.5439 0
    endloop
  endfacet
  facet normal 0 0 -1
    outer loop
      vertex 52.579 -32.855 0
      vertex 52.6543 -30.4 0
      vertex 53.6936 -31 0
    endloop
  endfacet
  facet normal 0 0 -1
    outer loop
      vertex 52.579 -32.855 0
      vertex 51.5613 -32.2191 0
      vertex 52.6543 -30.4 0
    endloop
  endfacet
  facet normal 0 0 -1
    outer loop
      vertex 51.4003 -34.67 0
      vertex 51.5613 -32.2191 0
      vertex 52.579 -32.855 0
    endloop
  endfacet
  facet normal 0 0 -1
    outer loop
      vertex 51.4003 -34.67 0
      vertex 50.4055 -33.9989 0
      vertex 51.5613 -32.2191 0
    endloop
  endfacet
  facet normal 0 0 -1
    outer loop
      vertex 50.1591 -36.4427 0
      vertex 50.4055 -33.9989 0
      vertex 51.4003 -34.67 0
    endloop
  endfacet
  facet normal 0 0 -1
    outer loop
      vertex 50.1591 -36.4427 0
      vertex 49.1882 -35.7373 0
      vertex 50.4055 -33.9989 0
    endloop
  endfacet
  facet normal 0 0 -1
    outer loop
      vertex 48.8567 -38.171 0
      vertex 49.1882 -35.7373 0
      vertex 50.1591 -36.4427 0
    endloop
  endfacet
  facet normal 0 0 -1
    outer loop
      vertex 48.8567 -38.171 0
      vertex 47.911 -37.4322 0
      vertex 49.1882 -35.7373 0
    endloop
  endfacet
  facet normal 0 0 -1
    outer loop
      vertex 47.4948 -39.8528 0
      vertex 47.911 -37.4322 0
      vertex 48.8567 -38.171 0
    endloop
  endfacet
  facet normal 0 0 -1
    outer loop
      vertex 47.4948 -39.8528 0
      vertex 46.5755 -39.0815 0
      vertex 47.911 -37.4322 0
    endloop
  endfacet
  facet normal 0 0 -1
    outer loop
      vertex 46.075 -41.4861 0
      vertex 46.5755 -39.0815 0
      vertex 47.4948 -39.8528 0
    endloop
  endfacet
  facet normal 0 0 -1
    outer loop
      vertex 46.075 -41.4861 0
      vertex 45.1832 -40.6831 0
      vertex 46.5755 -39.0815 0
    endloop
  endfacet
  facet normal 0 0 -1
    outer loop
      vertex 44.5991 -43.0688 0
      vertex 45.1832 -40.6831 0
      vertex 46.075 -41.4861 0
    endloop
  endfacet
  facet normal 0 0 -1
    outer loop
      vertex 44.5991 -43.0688 0
      vertex 43.7359 -42.2352 0
      vertex 45.1832 -40.6831 0
    endloop
  endfacet
  facet normal 0 0 -1
    outer loop
      vertex 43.0688 -44.5991 0
      vertex 43.7359 -42.2352 0
      vertex 44.5991 -43.0688 0
    endloop
  endfacet
  facet normal 0 0 -1
    outer loop
      vertex 43.0688 -44.5991 0
      vertex 42.2352 -43.7359 0
      vertex 43.7359 -42.2352 0
    endloop
  endfacet
  facet normal 0 0 -1
    outer loop
      vertex 41.4861 -46.075 0
      vertex 42.2352 -43.7359 0
      vertex 43.0688 -44.5991 0
    endloop
  endfacet
  facet normal 0 0 -1
    outer loop
      vertex 41.4861 -46.075 0
      vertex 40.6831 -45.1832 0
      vertex 42.2352 -43.7359 0
    endloop
  endfacet
  facet normal 0 0 -1
    outer loop
      vertex 39.8528 -47.4948 0
      vertex 40.6831 -45.1832 0
      vertex 41.4861 -46.075 0
    endloop
  endfacet
  facet normal 0 0 -1
    outer loop
      vertex 39.8528 -47.4948 0
      vertex 39.0815 -46.5755 0
      vertex 40.6831 -45.1832 0
    endloop
  endfacet
  facet normal 0 0 -1
    outer loop
      vertex 38.171 -48.8567 0
      vertex 39.0815 -46.5755 0
      vertex 39.8528 -47.4948 0
    endloop
  endfacet
  facet normal 0 0 -1
    outer loop
      vertex 38.171 -48.8567 0
      vertex 37.4322 -47.911 0
      vertex 39.0815 -46.5755 0
    endloop
  endfacet
  facet normal 0 0 -1
    outer loop
      vertex 36.4427 -50.1591 0
      vertex 37.4322 -47.911 0
      vertex 38.171 -48.8567 0
    endloop
  endfacet
  facet normal 0 0 -1
    outer loop
      vertex 36.4427 -50.1591 0
      vertex 35.7373 -49.1882 0
      vertex 37.4322 -47.911 0
    endloop
  endfacet
  facet normal 0 0 -1
    outer loop
      vertex 34.67 -51.4003 0
      vertex 35.7373 -49.1882 0
      vertex 36.4427 -50.1591 0
    endloop
  endfacet
  facet normal 0 0 -1
    outer loop
      vertex 34.67 -51.4003 0
      vertex 33.9989 -50.4055 0
      vertex 35.7373 -49.1882 0
    endloop
  endfacet
  facet normal 0 0 -1
    outer loop
      vertex 32.855 -52.579 0
      vertex 33.9989 -50.4055 0
      vertex 34.67 -51.4003 0
    endloop
  endfacet
  facet normal 0 0 -1
    outer loop
      vertex 32.855 -52.579 0
      vertex 32.2191 -51.5613 0
      vertex 33.9989 -50.4055 0
    endloop
  endfacet
  facet normal 0 0 -1
    outer loop
      vertex 31 -53.6936 0
      vertex 32.2191 -51.5613 0
      vertex 32.855 -52.579 0
    endloop
  endfacet
  facet normal 0 0 -1
    outer loop
      vertex 31 -53.6936 0
      vertex 30.4 -52.6543 0
      vertex 32.2191 -51.5613 0
    endloop
  endfacet
  facet normal 0 0 -1
    outer loop
      vertex 29.1072 -54.7428 0
      vertex 30.4 -52.6543 0
      vertex 31 -53.6936 0
    endloop
  endfacet
  facet normal 0 0 -1
    outer loop
      vertex 29.1072 -54.7428 0
      vertex 28.5439 -53.6832 0
      vertex 30.4 -52.6543 0
    endloop
  endfacet
  facet normal 0 0 -1
    outer loop
      vertex 27.179 -55.7252 0
      vertex 28.5439 -53.6832 0
      vertex 29.1072 -54.7428 0
    endloop
  endfacet
  facet normal 0 0 -1
    outer loop
      vertex 27.179 -55.7252 0
      vertex 26.653 -54.6467 0
      vertex 28.5439 -53.6832 0
    endloop
  endfacet
  facet normal 0 0 -1
    outer loop
      vertex 25.2177 -56.6398 0
      vertex 26.653 -54.6467 0
      vertex 27.179 -55.7252 0
    endloop
  endfacet
  facet normal 0 0 -1
    outer loop
      vertex 25.2177 -56.6398 0
      vertex 24.7296 -55.5436 0
      vertex 26.653 -54.6467 0
    endloop
  endfacet
  facet normal 0 0 -1
    outer loop
      vertex 23.2256 -57.4854 0
      vertex 24.7296 -55.5436 0
      vertex 25.2177 -56.6398 0
    endloop
  endfacet
  facet normal 0 0 -1
    outer loop
      vertex 23.2256 -57.4854 0
      vertex 22.7761 -56.3728 0
      vertex 24.7296 -55.5436 0
    endloop
  endfacet
  facet normal 0 0 -1
    outer loop
      vertex 21.2052 -58.2609 0
      vertex 22.7761 -56.3728 0
      vertex 23.2256 -57.4854 0
    endloop
  endfacet
  facet normal 0 0 -1
    outer loop
      vertex 21.2052 -58.2609 0
      vertex 20.7948 -57.1333 0
      vertex 22.7761 -56.3728 0
    endloop
  endfacet
  facet normal 0 0 -1
    outer loop
      vertex 19.1591 -58.9655 0
      vertex 20.7948 -57.1333 0
      vertex 21.2052 -58.2609 0
    endloop
  endfacet
  facet normal 0 0 -1
    outer loop
      vertex 19.1591 -58.9655 0
      vertex 18.7882 -57.8242 0
      vertex 20.7948 -57.1333 0
    endloop
  endfacet
  facet normal 0 0 -1
    outer loop
      vertex 17.0895 -59.5982 0
      vertex 18.7882 -57.8242 0
      vertex 19.1591 -58.9655 0
    endloop
  endfacet
  facet normal 0 0 -1
    outer loop
      vertex 17.0895 -59.5982 0
      vertex 16.7587 -58.4447 0
      vertex 18.7882 -57.8242 0
    endloop
  endfacet
  facet normal 0 0 -1
    outer loop
      vertex 14.9992 -60.1583 0
      vertex 16.7587 -58.4447 0
      vertex 17.0895 -59.5982 0
    endloop
  endfacet
  facet normal 0 0 -1
    outer loop
      vertex 14.9992 -60.1583 0
      vertex 14.7088 -58.994 0
      vertex 16.7587 -58.4447 0
    endloop
  endfacet
  facet normal 0 0 -1
    outer loop
      vertex 12.8905 -60.6451 0
      vertex 14.7088 -58.994 0
      vertex 14.9992 -60.1583 0
    endloop
  endfacet
  facet normal 0 0 -1
    outer loop
      vertex 12.8905 -60.6451 0
      vertex 12.641 -59.4714 0
      vertex 14.7088 -58.994 0
    endloop
  endfacet
  facet normal 0 0 -1
    outer loop
      vertex 10.7662 -61.0581 0
      vertex 12.641 -59.4714 0
      vertex 12.8905 -60.6451 0
    endloop
  endfacet
  facet normal 0 0 -1
    outer loop
      vertex 10.7662 -61.0581 0
      vertex 10.5578 -59.8763 0
      vertex 12.641 -59.4714 0
    endloop
  endfacet
  facet normal 0 0 -1
    outer loop
      vertex 8.62873 -61.3966 0
      vertex 10.5578 -59.8763 0
      vertex 10.7662 -61.0581 0
    endloop
  endfacet
  facet normal 0 0 -1
    outer loop
      vertex 8.62873 -61.3966 0
      vertex 8.46172 -60.2083 0
      vertex 10.5578 -59.8763 0
    endloop
  endfacet
  facet normal 0 0 -1
    outer loop
      vertex 6.48076 -61.6604 0
      vertex 8.46172 -60.2083 0
      vertex 8.62873 -61.3966 0
    endloop
  endfacet
  facet normal 0 0 -1
    outer loop
      vertex 6.48076 -61.6604 0
      vertex 6.35533 -60.4669 0
      vertex 8.46172 -60.2083 0
    endloop
  endfacet
  facet normal 0 0 -1
    outer loop
      vertex 4.3249 -61.849 0
      vertex 6.35533 -60.4669 0
      vertex 6.48076 -61.6604 0
    endloop
  endfacet
  facet normal 0 0 -1
    outer loop
      vertex 4.3249 -61.849 0
      vertex 4.24119 -60.6519 0
      vertex 6.35533 -60.4669 0
    endloop
  endfacet
  facet normal 0 0 -1
    outer loop
      vertex 2.16377 -61.9622 0
      vertex 4.24119 -60.6519 0
      vertex 4.3249 -61.849 0
    endloop
  endfacet
  facet normal 0 0 -1
    outer loop
      vertex 2.16377 -61.9622 0
      vertex 2.12189 -60.763 0
      vertex 4.24119 -60.6519 0
    endloop
  endfacet
  facet normal 0 0 -1
    outer loop
      vertex 0 -62 0
      vertex 2.12189 -60.763 0
      vertex 2.16377 -61.9622 0
    endloop
  endfacet
  facet normal 0 0 -1
    outer loop
      vertex 0 -62 0
      vertex 0 -60.8 0
      vertex 2.12189 -60.763 0
    endloop
  endfacet
  facet normal 0 0 -1
    outer loop
      vertex 0 -62 0
      vertex -2.12189 -60.763 0
      vertex 0 -60.8 0
    endloop
  endfacet
  facet normal 0 0 -1
    outer loop
      vertex -2.16377 -61.9622 0
      vertex -2.12189 -60.763 0
      vertex 0 -62 0
    endloop
  endfacet
  facet normal 0 0 -1
    outer loop
      vertex -2.16377 -61.9622 0
      vertex -4.24119 -60.6519 0
      vertex -2.12189 -60.763 0
    endloop
  endfacet
  facet normal 0 0 -1
    outer loop
      vertex -4.3249 -61.849 0
      vertex -4.24119 -60.6519 0
      vertex -2.16377 -61.9622 0
    endloop
  endfacet
  facet normal 0 0 -1
    outer loop
      vertex -4.3249 -61.849 0
      vertex -6.35533 -60.4669 0
      vertex -4.24119 -60.6519 0
    endloop
  endfacet
  facet normal 0 0 -1
    outer loop
      vertex -6.48076 -61.6604 0
      vertex -6.35533 -60.4669 0
      vertex -4.3249 -61.849 0
    endloop
  endfacet
  facet normal 0 0 -1
    outer loop
      vertex -6.48076 -61.6604 0
      vertex -8.46172 -60.2083 0
      vertex -6.35533 -60.4669 0
    endloop
  endfacet
  facet normal 0 0 -1
    outer loop
      vertex -8.62873 -61.3966 0
      vertex -8.46172 -60.2083 0
      vertex -6.48076 -61.6604 0
    endloop
  endfacet
  facet normal 0 0 -1
    outer loop
      vertex -8.62873 -61.3966 0
      vertex -10.5578 -59.8763 0
      vertex -8.46172 -60.2083 0
    endloop
  endfacet
  facet normal 0 0 -1
    outer loop
      vertex -10.7662 -61.0581 0
      vertex -10.5578 -59.8763 0
      vertex -8.62873 -61.3966 0
    endloop
  endfacet
  facet normal 0 0 -1
    outer loop
      vertex -10.7662 -61.0581 0
      vertex -12.641 -59.4714 0
      vertex -10.5578 -59.8763 0
    endloop
  endfacet
  facet normal 0 0 -1
    outer loop
      vertex -12.8905 -60.6451 0
      vertex -12.641 -59.4714 0
      vertex -10.7662 -61.0581 0
    endloop
  endfacet
  facet normal 0 0 -1
    outer loop
      vertex -12.8905 -60.6451 0
      vertex -14.7088 -58.994 0
      vertex -12.641 -59.4714 0
    endloop
  endfacet
  facet normal 0 0 -1
    outer loop
      vertex -14.9992 -60.1583 0
      vertex -14.7088 -58.994 0
      vertex -12.8905 -60.6451 0
    endloop
  endfacet
  facet normal 0 0 -1
    outer loop
      vertex -14.9992 -60.1583 0
      vertex -16.7587 -58.4447 0
      vertex -14.7088 -58.994 0
    endloop
  endfacet
  facet normal 0 0 -1
    outer loop
      vertex -17.0895 -59.5982 0
      vertex -16.7587 -58.4447 0
      vertex -14.9992 -60.1583 0
    endloop
  endfacet
  facet normal 0 0 -1
    outer loop
      vertex -17.0895 -59.5982 0
      vertex -18.7882 -57.8242 0
      vertex -16.7587 -58.4447 0
    endloop
  endfacet
  facet normal 0 0 -1
    outer loop
      vertex -19.1591 -58.9655 0
      vertex -18.7882 -57.8242 0
      vertex -17.0895 -59.5982 0
    endloop
  endfacet
  facet normal 0 0 -1
    outer loop
      vertex -19.1591 -58.9655 0
      vertex -20.7948 -57.1333 0
      vertex -18.7882 -57.8242 0
    endloop
  endfacet
  facet normal 0 0 -1
    outer loop
      vertex -21.2052 -58.2609 0
      vertex -20.7948 -57.1333 0
      vertex -19.1591 -58.9655 0
    endloop
  endfacet
  facet normal 0 0 -1
    outer loop
      vertex -21.2052 -58.2609 0
      vertex -22.7761 -56.3728 0
      vertex -20.7948 -57.1333 0
    endloop
  endfacet
  facet normal 0 0 -1
    outer loop
      vertex -23.2256 -57.4854 0
      vertex -22.7761 -56.3728 0
      vertex -21.2052 -58.2609 0
    endloop
  endfacet
  facet normal 0 0 -1
    outer loop
      vertex -23.2256 -57.4854 0
      vertex -24.7296 -55.5436 0
      vertex -22.7761 -56.3728 0
    endloop
  endfacet
  facet normal 0 0 -1
    outer loop
      vertex -25.2177 -56.6398 0
      vertex -24.7296 -55.5436 0
      vertex -23.2256 -57.4854 0
    endloop
  endfacet
  facet normal 0 0 -1
    outer loop
      vertex -25.2177 -56.6398 0
      vertex -26.653 -54.6467 0
      vertex -24.7296 -55.5436 0
    endloop
  endfacet
  facet normal 0 0 -1
    outer loop
      vertex -27.179 -55.7252 0
      vertex -26.653 -54.6467 0
      vertex -25.2177 -56.6398 0
    endloop
  endfacet
  facet normal 0 0 -1
    outer loop
      vertex -27.179 -55.7252 0
      vertex -28.5439 -53.6832 0
      vertex -26.653 -54.6467 0
    endloop
  endfacet
  facet normal 0 0 -1
    outer loop
      vertex -29.1072 -54.7428 0
      vertex -28.5439 -53.6832 0
      vertex -27.179 -55.7252 0
    endloop
  endfacet
  facet normal 0 0 -1
    outer loop
      vertex -29.1072 -54.7428 0
      vertex -30.4 -52.6543 0
      vertex -28.5439 -53.6832 0
    endloop
  endfacet
  facet normal 0 0 -1
    outer loop
      vertex -31 -53.6936 0
      vertex -30.4 -52.6543 0
      vertex -29.1072 -54.7428 0
    endloop
  endfacet
  facet normal 0 0 -1
    outer loop
      vertex -31 -53.6936 0
      vertex -32.2191 -51.5613 0
      vertex -30.4 -52.6543 0
    endloop
  endfacet
  facet normal 0 0 -1
    outer loop
      vertex -32.855 -52.579 0
      vertex -32.2191 -51.5613 0
      vertex -31 -53.6936 0
    endloop
  endfacet
  facet normal 0 0 -1
    outer loop
      vertex -32.855 -52.579 0
      vertex -33.9989 -50.4055 0
      vertex -32.2191 -51.5613 0
    endloop
  endfacet
  facet normal 0 0 -1
    outer loop
      vertex -34.67 -51.4003 0
      vertex -33.9989 -50.4055 0
      vertex -32.855 -52.579 0
    endloop
  endfacet
  facet normal 0 0 -1
    outer loop
      vertex -34.67 -51.4003 0
      vertex -35.7373 -49.1882 0
      vertex -33.9989 -50.4055 0
    endloop
  endfacet
  facet normal 0 0 -1
    outer loop
      vertex -36.4427 -50.1591 0
      vertex -35.7373 -49.1882 0
      vertex -34.67 -51.4003 0
    endloop
  endfacet
  facet normal 0 0 -1
    outer loop
      vertex -36.4427 -50.1591 0
      vertex -37.4322 -47.911 0
      vertex -35.7373 -49.1882 0
    endloop
  endfacet
  facet normal 0 0 -1
    outer loop
      vertex -38.171 -48.8567 0
      vertex -37.4322 -47.911 0
      vertex -36.4427 -50.1591 0
    endloop
  endfacet
  facet normal 0 0 -1
    outer loop
      vertex -38.171 -48.8567 0
      vertex -39.0815 -46.5755 0
      vertex -37.4322 -47.911 0
    endloop
  endfacet
  facet normal 0 0 -1
    outer loop
      vertex -39.8528 -47.4948 0
      vertex -39.0815 -46.5755 0
      vertex -38.171 -48.8567 0
    endloop
  endfacet
  facet normal 0 0 -1
    outer loop
      vertex -39.8528 -47.4948 0
      vertex -40.6831 -45.1832 0
      vertex -39.0815 -46.5755 0
    endloop
  endfacet
  facet normal 0 0 -1
    outer loop
      vertex -41.4861 -46.075 0
      vertex -40.6831 -45.1832 0
      vertex -39.8528 -47.4948 0
    endloop
  endfacet
  facet normal 0 0 -1
    outer loop
      vertex -41.4861 -46.075 0
      vertex -42.2352 -43.7359 0
      vertex -40.6831 -45.1832 0
    endloop
  endfacet
  facet normal 0 0 -1
    outer loop
      vertex -43.0688 -44.5991 0
      vertex -42.2352 -43.7359 0
      vertex -41.4861 -46.075 0
    endloop
  endfacet
  facet normal 0 0 -1
    outer loop
      vertex -43.0688 -44.5991 0
      vertex -43.7359 -42.2352 0
      vertex -42.2352 -43.7359 0
    endloop
  endfacet
  facet normal 0 0 -1
    outer loop
      vertex -44.5991 -43.0688 0
      vertex -43.7359 -42.2352 0
      vertex -43.0688 -44.5991 0
    endloop
  endfacet
  facet normal 0 0 -1
    outer loop
      vertex -44.5991 -43.0688 0
      vertex -45.1832 -40.6831 0
      vertex -43.7359 -42.2352 0
    endloop
  endfacet
  facet normal 0 0 -1
    outer loop
      vertex -46.075 -41.4861 0
      vertex -45.1832 -40.6831 0
      vertex -44.5991 -43.0688 0
    endloop
  endfacet
  facet normal 0 0 -1
    outer loop
      vertex -46.075 -41.4861 0
      vertex -46.5755 -39.0815 0
      vertex -45.1832 -40.6831 0
    endloop
  endfacet
  facet normal 0 0 -1
    outer loop
      vertex -47.4948 -39.8528 0
      vertex -46.5755 -39.0815 0
      vertex -46.075 -41.4861 0
    endloop
  endfacet
  facet normal 0 0 -1
    outer loop
      vertex -47.4948 -39.8528 0
      vertex -47.911 -37.4322 0
      vertex -46.5755 -39.0815 0
    endloop
  endfacet
  facet normal 0 0 -1
    outer loop
      vertex -48.8567 -38.171 0
      vertex -47.911 -37.4322 0
      vertex -47.4948 -39.8528 0
    endloop
  endfacet
  facet normal 0 0 -1
    outer loop
      vertex -48.8567 -38.171 0
      vertex -49.1882 -35.7373 0
      vertex -47.911 -37.4322 0
    endloop
  endfacet
  facet normal 0 0 -1
    outer loop
      vertex -50.1591 -36.4427 0
      vertex -49.1882 -35.7373 0
      vertex -48.8567 -38.171 0
    endloop
  endfacet
  facet normal 0 0 -1
    outer loop
      vertex -50.1591 -36.4427 0
      vertex -50.4055 -33.9989 0
      vertex -49.1882 -35.7373 0
    endloop
  endfacet
  facet normal 0 0 -1
    outer loop
      vertex -51.4003 -34.67 0
      vertex -50.4055 -33.9989 0
      vertex -50.1591 -36.4427 0
    endloop
  endfacet
  facet normal 0 0 -1
    outer loop
      vertex -51.4003 -34.67 0
      vertex -51.5613 -32.2191 0
      vertex -50.4055 -33.9989 0
    endloop
  endfacet
  facet normal 0 0 -1
    outer loop
      vertex -52.579 -32.855 0
      vertex -51.5613 -32.2191 0
      vertex -51.4003 -34.67 0
    endloop
  endfacet
  facet normal 0 0 -1
    outer loop
      vertex -52.579 -32.855 0
      vertex -52.6543 -30.4 0
      vertex -51.5613 -32.2191 0
    endloop
  endfacet
  facet normal 0 0 -1
    outer loop
      vertex -53.6936 -31 0
      vertex -52.6543 -30.4 0
      vertex -52.579 -32.855 0
    endloop
  endfacet
  facet normal -0 0 -1
    outer loop
      vertex -52.6543 -30.4 0
      vertex -53.6936 -31 0
      vertex -53.6832 -28.5439 0
    endloop
  endfacet
  facet normal 0 0 -1
    outer loop
      vertex -54.7428 -29.1072 0
      vertex -53.6832 -28.5439 0
      vertex -53.6936 -31 0
    endloop
  endfacet
  facet normal -0 0 -1
    outer loop
      vertex -53.6832 -28.5439 0
      vertex -54.7428 -29.1072 0
      vertex -54.6467 -26.653 0
    endloop
  endfacet
  facet normal 0 0 -1
    outer loop
      vertex -55.7252 -27.179 0
      vertex -54.6467 -26.653 0
      vertex -54.7428 -29.1072 0
    endloop
  endfacet
  facet normal -0 0 -1
    outer loop
      vertex -54.6467 -26.653 0
      vertex -55.7252 -27.179 0
      vertex -55.5436 -24.7296 0
    endloop
  endfacet
  facet normal 0 0 -1
    outer loop
      vertex -56.6398 -25.2177 0
      vertex -55.5436 -24.7296 0
      vertex -55.7252 -27.179 0
    endloop
  endfacet
  facet normal -0 0 -1
    outer loop
      vertex -55.5436 -24.7296 0
      vertex -56.6398 -25.2177 0
      vertex -56.3728 -22.7761 0
    endloop
  endfacet
  facet normal 0 0 -1
    outer loop
      vertex -57.4854 -23.2256 0
      vertex -56.3728 -22.7761 0
      vertex -56.6398 -25.2177 0
    endloop
  endfacet
  facet normal -0 0 -1
    outer loop
      vertex -56.3728 -22.7761 0
      vertex -57.4854 -23.2256 0
      vertex -57.1333 -20.7948 0
    endloop
  endfacet
  facet normal 0 0 -1
    outer loop
      vertex -58.2609 -21.2052 0
      vertex -57.1333 -20.7948 0
      vertex -57.4854 -23.2256 0
    endloop
  endfacet
  facet normal -0 0 -1
    outer loop
      vertex -57.1333 -20.7948 0
      vertex -58.2609 -21.2052 0
      vertex -57.8242 -18.7882 0
    endloop
  endfacet
  facet normal 0 0 -1
    outer loop
      vertex -58.9655 -19.1591 0
      vertex -57.8242 -18.7882 0
      vertex -58.2609 -21.2052 0
    endloop
  endfacet
  facet normal -0 0 -1
    outer loop
      vertex -57.8242 -18.7882 0
      vertex -58.9655 -19.1591 0
      vertex -58.4447 -16.7587 0
    endloop
  endfacet
  facet normal 0 0 -1
    outer loop
      vertex -59.5982 -17.0895 0
      vertex -58.4447 -16.7587 0
      vertex -58.9655 -19.1591 0
    endloop
  endfacet
  facet normal -0 0 -1
    outer loop
      vertex -58.4447 -16.7587 0
      vertex -59.5982 -17.0895 0
      vertex -58.994 -14.7088 0
    endloop
  endfacet
  facet normal 0 0 -1
    outer loop
      vertex -60.1583 -14.9992 0
      vertex -58.994 -14.7088 0
      vertex -59.5982 -17.0895 0
    endloop
  endfacet
  facet normal -0 0 -1
    outer loop
      vertex -58.994 -14.7088 0
      vertex -60.1583 -14.9992 0
      vertex -59.4714 -12.641 0
    endloop
  endfacet
  facet normal 0 0 -1
    outer loop
      vertex -60.6451 -12.8905 0
      vertex -59.4714 -12.641 0
      vertex -60.1583 -14.9992 0
    endloop
  endfacet
  facet normal -0 0 -1
    outer loop
      vertex -59.4714 -12.641 0
      vertex -60.6451 -12.8905 0
      vertex -59.8763 -10.5578 0
    endloop
  endfacet
  facet normal 0 0 -1
    outer loop
      vertex -61.0581 -10.7662 0
      vertex -59.8763 -10.5578 0
      vertex -60.6451 -12.8905 0
    endloop
  endfacet
  facet normal -0 0 -1
    outer loop
      vertex -59.8763 -10.5578 0
      vertex -61.0581 -10.7662 0
      vertex -60.2083 -8.46172 0
    endloop
  endfacet
  facet normal 0 0 -1
    outer loop
      vertex -61.3966 -8.62873 0
      vertex -60.2083 -8.46172 0
      vertex -61.0581 -10.7662 0
    endloop
  endfacet
  facet normal -0 0 -1
    outer loop
      vertex -60.2083 -8.46172 0
      vertex -61.3966 -8.62873 0
      vertex -60.4669 -6.35533 0
    endloop
  endfacet
  facet normal 0 0 -1
    outer loop
      vertex -61.6604 -6.48076 0
      vertex -60.4669 -6.35533 0
      vertex -61.3966 -8.62873 0
    endloop
  endfacet
  facet normal -0 0 -1
    outer loop
      vertex -60.4669 -6.35533 0
      vertex -61.6604 -6.48076 0
      vertex -60.6519 -4.24119 0
    endloop
  endfacet
  facet normal 0 0 -1
    outer loop
      vertex 60.4669 6.35533 0
      vertex 61.6604 6.48076 0
      vertex 60.6519 4.24119 0
    endloop
  endfacet
  facet normal -0 0 -1
    outer loop
      vertex 61.6604 6.48076 0
      vertex 60.4669 6.35533 0
      vertex 61.3966 8.62873 0
    endloop
  endfacet
  facet normal 0 0 -1
    outer loop
      vertex 60.2083 8.46172 0
      vertex 61.3966 8.62873 0
      vertex 60.4669 6.35533 0
    endloop
  endfacet
  facet normal -0 0 -1
    outer loop
      vertex 61.3966 8.62873 0
      vertex 60.2083 8.46172 0
      vertex 61.0581 10.7662 0
    endloop
  endfacet
  facet normal 0 0 -1
    outer loop
      vertex 59.8763 10.5578 0
      vertex 61.0581 10.7662 0
      vertex 60.2083 8.46172 0
    endloop
  endfacet
  facet normal -0 0 -1
    outer loop
      vertex 61.0581 10.7662 0
      vertex 59.8763 10.5578 0
      vertex 60.6451 12.8905 0
    endloop
  endfacet
  facet normal 0 0 -1
    outer loop
      vertex 59.4714 12.641 0
      vertex 60.6451 12.8905 0
      vertex 59.8763 10.5578 0
    endloop
  endfacet
  facet normal -0 0 -1
    outer loop
      vertex 60.6451 12.8905 0
      vertex 59.4714 12.641 0
      vertex 60.1583 14.9992 0
    endloop
  endfacet
  facet normal 0 0 -1
    outer loop
      vertex 58.994 14.7088 0
      vertex 60.1583 14.9992 0
      vertex 59.4714 12.641 0
    endloop
  endfacet
  facet normal -0 0 -1
    outer loop
      vertex 60.1583 14.9992 0
      vertex 58.994 14.7088 0
      vertex 59.5982 17.0895 0
    endloop
  endfacet
  facet normal 0 0 -1
    outer loop
      vertex 58.4447 16.7587 0
      vertex 59.5982 17.0895 0
      vertex 58.994 14.7088 0
    endloop
  endfacet
  facet normal -0 0 -1
    outer loop
      vertex 59.5982 17.0895 0
      vertex 58.4447 16.7587 0
      vertex 58.9655 19.1591 0
    endloop
  endfacet
  facet normal 0 0 -1
    outer loop
      vertex 57.8242 18.7882 0
      vertex 58.9655 19.1591 0
      vertex 58.4447 16.7587 0
    endloop
  endfacet
  facet normal -0 0 -1
    outer loop
      vertex 58.9655 19.1591 0
      vertex 57.8242 18.7882 0
      vertex 58.2609 21.2052 0
    endloop
  endfacet
  facet normal 0 0 -1
    outer loop
      vertex 57.1333 20.7948 0
      vertex 58.2609 21.2052 0
      vertex 57.8242 18.7882 0
    endloop
  endfacet
  facet normal -0 0 -1
    outer loop
      vertex 58.2609 21.2052 0
      vertex 57.1333 20.7948 0
      vertex 57.4854 23.2256 0
    endloop
  endfacet
  facet normal 0 0 -1
    outer loop
      vertex 56.3728 22.7761 0
      vertex 57.4854 23.2256 0
      vertex 57.1333 20.7948 0
    endloop
  endfacet
  facet normal -0 0 -1
    outer loop
      vertex 57.4854 23.2256 0
      vertex 56.3728 22.7761 0
      vertex 56.6398 25.2177 0
    endloop
  endfacet
  facet normal 0 0 -1
    outer loop
      vertex 55.5436 24.7296 0
      vertex 56.6398 25.2177 0
      vertex 56.3728 22.7761 0
    endloop
  endfacet
  facet normal -0 0 -1
    outer loop
      vertex 56.6398 25.2177 0
      vertex 55.5436 24.7296 0
      vertex 55.7252 27.179 0
    endloop
  endfacet
  facet normal 0 0 -1
    outer loop
      vertex 54.6467 26.653 0
      vertex 55.7252 27.179 0
      vertex 55.5436 24.7296 0
    endloop
  endfacet
  facet normal -0 0 -1
    outer loop
      vertex 55.7252 27.179 0
      vertex 54.6467 26.653 0
      vertex 54.7428 29.1072 0
    endloop
  endfacet
  facet normal 0 0 -1
    outer loop
      vertex 53.6832 28.5439 0
      vertex 54.7428 29.1072 0
      vertex 54.6467 26.653 0
    endloop
  endfacet
  facet normal -0 0 -1
    outer loop
      vertex 54.7428 29.1072 0
      vertex 53.6832 28.5439 0
      vertex 53.6936 31 0
    endloop
  endfacet
  facet normal 0 0 -1
    outer loop
      vertex 52.6543 30.4 0
      vertex 53.6936 31 0
      vertex 53.6832 28.5439 0
    endloop
  endfacet
  facet normal 0 0 -1
    outer loop
      vertex 52.6543 30.4 0
      vertex 52.579 32.855 0
      vertex 53.6936 31 0
    endloop
  endfacet
  facet normal 0 0 -1
    outer loop
      vertex 51.5613 32.2191 0
      vertex 52.579 32.855 0
      vertex 52.6543 30.4 0
    endloop
  endfacet
  facet normal 0 0 -1
    outer loop
      vertex 51.5613 32.2191 0
      vertex 51.4003 34.67 0
      vertex 52.579 32.855 0
    endloop
  endfacet
  facet normal 0 0 -1
    outer loop
      vertex 50.4055 33.9989 0
      vertex 51.4003 34.67 0
      vertex 51.5613 32.2191 0
    endloop
  endfacet
  facet normal 0 0 -1
    outer loop
      vertex 50.4055 33.9989 0
      vertex 50.1591 36.4427 0
      vertex 51.4003 34.67 0
    endloop
  endfacet
  facet normal 0 0 -1
    outer loop
      vertex 49.1882 35.7373 0
      vertex 50.1591 36.4427 0
      vertex 50.4055 33.9989 0
    endloop
  endfacet
  facet normal 0 0 -1
    outer loop
      vertex 49.1882 35.7373 0
      vertex 48.8567 38.171 0
      vertex 50.1591 36.4427 0
    endloop
  endfacet
  facet normal 0 0 -1
    outer loop
      vertex 47.911 37.4322 0
      vertex 48.8567 38.171 0
      vertex 49.1882 35.7373 0
    endloop
  endfacet
  facet normal 0 0 -1
    outer loop
      vertex 47.911 37.4322 0
      vertex 47.4948 39.8528 0
      vertex 48.8567 38.171 0
    endloop
  endfacet
  facet normal 0 0 -1
    outer loop
      vertex 46.5755 39.0815 0
      vertex 47.4948 39.8528 0
      vertex 47.911 37.4322 0
    endloop
  endfacet
  facet normal 0 0 -1
    outer loop
      vertex 46.5755 39.0815 0
      vertex 46.075 41.4861 0
      vertex 47.4948 39.8528 0
    endloop
  endfacet
  facet normal 0 0 -1
    outer loop
      vertex 45.1832 40.6831 0
      vertex 46.075 41.4861 0
      vertex 46.5755 39.0815 0
    endloop
  endfacet
  facet normal 0 0 -1
    outer loop
      vertex 45.1832 40.6831 0
      vertex 44.5991 43.0688 0
      vertex 46.075 41.4861 0
    endloop
  endfacet
  facet normal 0 0 -1
    outer loop
      vertex 43.7359 42.2352 0
      vertex 44.5991 43.0688 0
      vertex 45.1832 40.6831 0
    endloop
  endfacet
  facet normal 0 0 -1
    outer loop
      vertex 43.7359 42.2352 0
      vertex 43.0688 44.5991 0
      vertex 44.5991 43.0688 0
    endloop
  endfacet
  facet normal 0 0 -1
    outer loop
      vertex 42.2352 43.7359 0
      vertex 43.0688 44.5991 0
      vertex 43.7359 42.2352 0
    endloop
  endfacet
  facet normal 0 0 -1
    outer loop
      vertex 42.2352 43.7359 0
      vertex 41.4861 46.075 0
      vertex 43.0688 44.5991 0
    endloop
  endfacet
  facet normal 0 0 -1
    outer loop
      vertex 40.6831 45.1832 0
      vertex 41.4861 46.075 0
      vertex 42.2352 43.7359 0
    endloop
  endfacet
  facet normal 0 0 -1
    outer loop
      vertex 40.6831 45.1832 0
      vertex 39.8528 47.4948 0
      vertex 41.4861 46.075 0
    endloop
  endfacet
  facet normal 0 0 -1
    outer loop
      vertex 39.0815 46.5755 0
      vertex 39.8528 47.4948 0
      vertex 40.6831 45.1832 0
    endloop
  endfacet
  facet normal 0 0 -1
    outer loop
      vertex 39.0815 46.5755 0
      vertex 38.171 48.8567 0
      vertex 39.8528 47.4948 0
    endloop
  endfacet
  facet normal 0 0 -1
    outer loop
      vertex 37.4322 47.911 0
      vertex 38.171 48.8567 0
      vertex 39.0815 46.5755 0
    endloop
  endfacet
  facet normal 0 0 -1
    outer loop
      vertex 37.4322 47.911 0
      vertex 36.4427 50.1591 0
      vertex 38.171 48.8567 0
    endloop
  endfacet
  facet normal 0 0 -1
    outer loop
      vertex 35.7373 49.1882 0
      vertex 36.4427 50.1591 0
      vertex 37.4322 47.911 0
    endloop
  endfacet
  facet normal 0 0 -1
    outer loop
      vertex 35.7373 49.1882 0
      vertex 34.67 51.4003 0
      vertex 36.4427 50.1591 0
    endloop
  endfacet
  facet normal 0 0 -1
    outer loop
      vertex 33.9989 50.4055 0
      vertex 34.67 51.4003 0
      vertex 35.7373 49.1882 0
    endloop
  endfacet
  facet normal 0 0 -1
    outer loop
      vertex 33.9989 50.4055 0
      vertex 32.855 52.579 0
      vertex 34.67 51.4003 0
    endloop
  endfacet
  facet normal 0 0 -1
    outer loop
      vertex 32.2191 51.5613 0
      vertex 32.855 52.579 0
      vertex 33.9989 50.4055 0
    endloop
  endfacet
  facet normal 0 0 -1
    outer loop
      vertex 32.2191 51.5613 0
      vertex 31 53.6936 0
      vertex 32.855 52.579 0
    endloop
  endfacet
  facet normal 0 0 -1
    outer loop
      vertex 30.4 52.6543 0
      vertex 31 53.6936 0
      vertex 32.2191 51.5613 0
    endloop
  endfacet
  facet normal 0 0 -1
    outer loop
      vertex 30.4 52.6543 0
      vertex 29.1072 54.7428 0
      vertex 31 53.6936 0
    endloop
  endfacet
  facet normal 0 0 -1
    outer loop
      vertex 28.5439 53.6832 0
      vertex 29.1072 54.7428 0
      vertex 30.4 52.6543 0
    endloop
  endfacet
  facet normal 0 0 -1
    outer loop
      vertex 28.5439 53.6832 0
      vertex 27.179 55.7252 0
      vertex 29.1072 54.7428 0
    endloop
  endfacet
  facet normal 0 0 -1
    outer loop
      vertex 26.653 54.6467 0
      vertex 27.179 55.7252 0
      vertex 28.5439 53.6832 0
    endloop
  endfacet
  facet normal 0 0 -1
    outer loop
      vertex 26.653 54.6467 0
      vertex 25.2177 56.6398 0
      vertex 27.179 55.7252 0
    endloop
  endfacet
  facet normal 0 0 -1
    outer loop
      vertex 24.7296 55.5436 0
      vertex 25.2177 56.6398 0
      vertex 26.653 54.6467 0
    endloop
  endfacet
  facet normal 0 0 -1
    outer loop
      vertex 24.7296 55.5436 0
      vertex 23.2256 57.4854 0
      vertex 25.2177 56.6398 0
    endloop
  endfacet
  facet normal 0 0 -1
    outer loop
      vertex 22.7761 56.3728 0
      vertex 23.2256 57.4854 0
      vertex 24.7296 55.5436 0
    endloop
  endfacet
  facet normal 0 0 -1
    outer loop
      vertex 22.7761 56.3728 0
      vertex 21.2052 58.2609 0
      vertex 23.2256 57.4854 0
    endloop
  endfacet
  facet normal 0 0 -1
    outer loop
      vertex 20.7948 57.1333 0
      vertex 21.2052 58.2609 0
      vertex 22.7761 56.3728 0
    endloop
  endfacet
  facet normal 0 0 -1
    outer loop
      vertex 20.7948 57.1333 0
      vertex 19.1591 58.9655 0
      vertex 21.2052 58.2609 0
    endloop
  endfacet
  facet normal 0 0 -1
    outer loop
      vertex 18.7882 57.8242 0
      vertex 19.1591 58.9655 0
      vertex 20.7948 57.1333 0
    endloop
  endfacet
  facet normal 0 0 -1
    outer loop
      vertex 18.7882 57.8242 0
      vertex 17.0895 59.5982 0
      vertex 19.1591 58.9655 0
    endloop
  endfacet
  facet normal 0 0 -1
    outer loop
      vertex 16.7587 58.4447 0
      vertex 17.0895 59.5982 0
      vertex 18.7882 57.8242 0
    endloop
  endfacet
  facet normal 0 0 -1
    outer loop
      vertex 16.7587 58.4447 0
      vertex 14.9992 60.1583 0
      vertex 17.0895 59.5982 0
    endloop
  endfacet
  facet normal 0 0 -1
    outer loop
      vertex 14.7088 58.994 0
      vertex 14.9992 60.1583 0
      vertex 16.7587 58.4447 0
    endloop
  endfacet
  facet normal 0 0 -1
    outer loop
      vertex 14.7088 58.994 0
      vertex 12.8905 60.6451 0
      vertex 14.9992 60.1583 0
    endloop
  endfacet
  facet normal 0 0 -1
    outer loop
      vertex 12.641 59.4714 0
      vertex 12.8905 60.6451 0
      vertex 14.7088 58.994 0
    endloop
  endfacet
  facet normal 0 0 -1
    outer loop
      vertex 12.641 59.4714 0
      vertex 10.7662 61.0581 0
      vertex 12.8905 60.6451 0
    endloop
  endfacet
  facet normal 0 0 -1
    outer loop
      vertex 10.5578 59.8763 0
      vertex 10.7662 61.0581 0
      vertex 12.641 59.4714 0
    endloop
  endfacet
  facet normal 0 0 -1
    outer loop
      vertex 10.5578 59.8763 0
      vertex 8.62873 61.3966 0
      vertex 10.7662 61.0581 0
    endloop
  endfacet
  facet normal 0 0 -1
    outer loop
      vertex 8.46172 60.2083 0
      vertex 8.62873 61.3966 0
      vertex 10.5578 59.8763 0
    endloop
  endfacet
  facet normal 0 0 -1
    outer loop
      vertex 8.46172 60.2083 0
      vertex 6.48076 61.6604 0
      vertex 8.62873 61.3966 0
    endloop
  endfacet
  facet normal 0 0 -1
    outer loop
      vertex 6.35533 60.4669 0
      vertex 6.48076 61.6604 0
      vertex 8.46172 60.2083 0
    endloop
  endfacet
  facet normal 0 0 -1
    outer loop
      vertex 6.35533 60.4669 0
      vertex 4.3249 61.849 0
      vertex 6.48076 61.6604 0
    endloop
  endfacet
  facet normal 0 0 -1
    outer loop
      vertex 4.24119 60.6519 0
      vertex 4.3249 61.849 0
      vertex 6.35533 60.4669 0
    endloop
  endfacet
  facet normal 0 0 -1
    outer loop
      vertex 4.24119 60.6519 0
      vertex 2.16377 61.9622 0
      vertex 4.3249 61.849 0
    endloop
  endfacet
  facet normal 0 0 -1
    outer loop
      vertex 2.12189 60.763 0
      vertex 2.16377 61.9622 0
      vertex 4.24119 60.6519 0
    endloop
  endfacet
  facet normal 0 0 -1
    outer loop
      vertex 0 60.8 0
      vertex 2.16377 61.9622 0
      vertex 2.12189 60.763 0
    endloop
  endfacet
  facet normal 0 0 -1
    outer loop
      vertex 0 60.8 0
      vertex 0 62 0
      vertex 2.16377 61.9622 0
    endloop
  endfacet
  facet normal 0 0 -1
    outer loop
      vertex -2.12189 60.763 0
      vertex 0 62 0
      vertex 0 60.8 0
    endloop
  endfacet
  facet normal 0 0 -1
    outer loop
      vertex -2.12189 60.763 0
      vertex -2.16377 61.9622 0
      vertex 0 62 0
    endloop
  endfacet
  facet normal 0 0 -1
    outer loop
      vertex -4.24119 60.6519 0
      vertex -2.16377 61.9622 0
      vertex -2.12189 60.763 0
    endloop
  endfacet
  facet normal 0 0 -1
    outer loop
      vertex -4.24119 60.6519 0
      vertex -4.3249 61.849 0
      vertex -2.16377 61.9622 0
    endloop
  endfacet
  facet normal 0 0 -1
    outer loop
      vertex -6.35533 60.4669 0
      vertex -4.3249 61.849 0
      vertex -4.24119 60.6519 0
    endloop
  endfacet
  facet normal 0 0 -1
    outer loop
      vertex -6.35533 60.4669 0
      vertex -6.48076 61.6604 0
      vertex -4.3249 61.849 0
    endloop
  endfacet
  facet normal 0 0 -1
    outer loop
      vertex -8.46172 60.2083 0
      vertex -6.48076 61.6604 0
      vertex -6.35533 60.4669 0
    endloop
  endfacet
  facet normal 0 0 -1
    outer loop
      vertex -8.46172 60.2083 0
      vertex -8.62873 61.3966 0
      vertex -6.48076 61.6604 0
    endloop
  endfacet
  facet normal 0 0 -1
    outer loop
      vertex -10.5578 59.8763 0
      vertex -8.62873 61.3966 0
      vertex -8.46172 60.2083 0
    endloop
  endfacet
  facet normal 0 0 -1
    outer loop
      vertex -10.5578 59.8763 0
      vertex -10.7662 61.0581 0
      vertex -8.62873 61.3966 0
    endloop
  endfacet
  facet normal 0 0 -1
    outer loop
      vertex -12.641 59.4714 0
      vertex -10.7662 61.0581 0
      vertex -10.5578 59.8763 0
    endloop
  endfacet
  facet normal 0 0 -1
    outer loop
      vertex -12.641 59.4714 0
      vertex -12.8905 60.6451 0
      vertex -10.7662 61.0581 0
    endloop
  endfacet
  facet normal 0 0 -1
    outer loop
      vertex -14.7088 58.994 0
      vertex -12.8905 60.6451 0
      vertex -12.641 59.4714 0
    endloop
  endfacet
  facet normal 0 0 -1
    outer loop
      vertex -14.7088 58.994 0
      vertex -14.9992 60.1583 0
      vertex -12.8905 60.6451 0
    endloop
  endfacet
  facet normal 0 0 -1
    outer loop
      vertex -16.7587 58.4447 0
      vertex -14.9992 60.1583 0
      vertex -14.7088 58.994 0
    endloop
  endfacet
  facet normal 0 0 -1
    outer loop
      vertex -16.7587 58.4447 0
      vertex -17.0895 59.5982 0
      vertex -14.9992 60.1583 0
    endloop
  endfacet
  facet normal 0 0 -1
    outer loop
      vertex -18.7882 57.8242 0
      vertex -17.0895 59.5982 0
      vertex -16.7587 58.4447 0
    endloop
  endfacet
  facet normal 0 0 -1
    outer loop
      vertex -18.7882 57.8242 0
      vertex -19.1591 58.9655 0
      vertex -17.0895 59.5982 0
    endloop
  endfacet
  facet normal 0 0 -1
    outer loop
      vertex -20.7948 57.1333 0
      vertex -19.1591 58.9655 0
      vertex -18.7882 57.8242 0
    endloop
  endfacet
  facet normal 0 0 -1
    outer loop
      vertex -20.7948 57.1333 0
      vertex -21.2052 58.2609 0
      vertex -19.1591 58.9655 0
    endloop
  endfacet
  facet normal 0 0 -1
    outer loop
      vertex -22.7761 56.3728 0
      vertex -21.2052 58.2609 0
      vertex -20.7948 57.1333 0
    endloop
  endfacet
  facet normal 0 0 -1
    outer loop
      vertex -22.7761 56.3728 0
      vertex -23.2256 57.4854 0
      vertex -21.2052 58.2609 0
    endloop
  endfacet
  facet normal 0 0 -1
    outer loop
      vertex -24.7296 55.5436 0
      vertex -23.2256 57.4854 0
      vertex -22.7761 56.3728 0
    endloop
  endfacet
  facet normal 0 0 -1
    outer loop
      vertex -24.7296 55.5436 0
      vertex -25.2177 56.6398 0
      vertex -23.2256 57.4854 0
    endloop
  endfacet
  facet normal 0 0 -1
    outer loop
      vertex -26.653 54.6467 0
      vertex -25.2177 56.6398 0
      vertex -24.7296 55.5436 0
    endloop
  endfacet
  facet normal 0 0 -1
    outer loop
      vertex -26.653 54.6467 0
      vertex -27.179 55.7252 0
      vertex -25.2177 56.6398 0
    endloop
  endfacet
  facet normal 0 0 -1
    outer loop
      vertex -28.5439 53.6832 0
      vertex -27.179 55.7252 0
      vertex -26.653 54.6467 0
    endloop
  endfacet
  facet normal 0 0 -1
    outer loop
      vertex -28.5439 53.6832 0
      vertex -29.1072 54.7428 0
      vertex -27.179 55.7252 0
    endloop
  endfacet
  facet normal 0 0 -1
    outer loop
      vertex -30.4 52.6543 0
      vertex -29.1072 54.7428 0
      vertex -28.5439 53.6832 0
    endloop
  endfacet
  facet normal 0 0 -1
    outer loop
      vertex -30.4 52.6543 0
      vertex -31 53.6936 0
      vertex -29.1072 54.7428 0
    endloop
  endfacet
  facet normal 0 0 -1
    outer loop
      vertex -32.2191 51.5613 0
      vertex -31 53.6936 0
      vertex -30.4 52.6543 0
    endloop
  endfacet
  facet normal 0 0 -1
    outer loop
      vertex -32.2191 51.5613 0
      vertex -32.855 52.579 0
      vertex -31 53.6936 0
    endloop
  endfacet
  facet normal 0 0 -1
    outer loop
      vertex -33.9989 50.4055 0
      vertex -32.855 52.579 0
      vertex -32.2191 51.5613 0
    endloop
  endfacet
  facet normal 0 0 -1
    outer loop
      vertex -33.9989 50.4055 0
      vertex -34.67 51.4003 0
      vertex -32.855 52.579 0
    endloop
  endfacet
  facet normal 0 0 -1
    outer loop
      vertex -35.7373 49.1882 0
      vertex -34.67 51.4003 0
      vertex -33.9989 50.4055 0
    endloop
  endfacet
  facet normal 0 0 -1
    outer loop
      vertex -35.7373 49.1882 0
      vertex -36.4427 50.1591 0
      vertex -34.67 51.4003 0
    endloop
  endfacet
  facet normal 0 0 -1
    outer loop
      vertex -37.4322 47.911 0
      vertex -36.4427 50.1591 0
      vertex -35.7373 49.1882 0
    endloop
  endfacet
  facet normal 0 0 -1
    outer loop
      vertex -37.4322 47.911 0
      vertex -38.171 48.8567 0
      vertex -36.4427 50.1591 0
    endloop
  endfacet
  facet normal 0 0 -1
    outer loop
      vertex -39.0815 46.5755 0
      vertex -38.171 48.8567 0
      vertex -37.4322 47.911 0
    endloop
  endfacet
  facet normal 0 0 -1
    outer loop
      vertex -39.0815 46.5755 0
      vertex -39.8528 47.4948 0
      vertex -38.171 48.8567 0
    endloop
  endfacet
  facet normal 0 0 -1
    outer loop
      vertex -40.6831 45.1832 0
      vertex -39.8528 47.4948 0
      vertex -39.0815 46.5755 0
    endloop
  endfacet
  facet normal 0 0 -1
    outer loop
      vertex -40.6831 45.1832 0
      vertex -41.4861 46.075 0
      vertex -39.8528 47.4948 0
    endloop
  endfacet
  facet normal 0 0 -1
    outer loop
      vertex -42.2352 43.7359 0
      vertex -41.4861 46.075 0
      vertex -40.6831 45.1832 0
    endloop
  endfacet
  facet normal 0 0 -1
    outer loop
      vertex -42.2352 43.7359 0
      vertex -43.0688 44.5991 0
      vertex -41.4861 46.075 0
    endloop
  endfacet
  facet normal 0 0 -1
    outer loop
      vertex -43.7359 42.2352 0
      vertex -43.0688 44.5991 0
      vertex -42.2352 43.7359 0
    endloop
  endfacet
  facet normal 0 0 -1
    outer loop
      vertex -43.7359 42.2352 0
      vertex -44.5991 43.0688 0
      vertex -43.0688 44.5991 0
    endloop
  endfacet
  facet normal 0 0 -1
    outer loop
      vertex -45.1832 40.6831 0
      vertex -44.5991 43.0688 0
      vertex -43.7359 42.2352 0
    endloop
  endfacet
  facet normal 0 0 -1
    outer loop
      vertex -45.1832 40.6831 0
      vertex -46.075 41.4861 0
      vertex -44.5991 43.0688 0
    endloop
  endfacet
  facet normal 0 0 -1
    outer loop
      vertex -46.5755 39.0815 0
      vertex -46.075 41.4861 0
      vertex -45.1832 40.6831 0
    endloop
  endfacet
  facet normal 0 0 -1
    outer loop
      vertex -46.5755 39.0815 0
      vertex -47.4948 39.8528 0
      vertex -46.075 41.4861 0
    endloop
  endfacet
  facet normal 0 0 -1
    outer loop
      vertex -47.911 37.4322 0
      vertex -47.4948 39.8528 0
      vertex -46.5755 39.0815 0
    endloop
  endfacet
  facet normal 0 0 -1
    outer loop
      vertex -47.911 37.4322 0
      vertex -48.8567 38.171 0
      vertex -47.4948 39.8528 0
    endloop
  endfacet
  facet normal 0 0 -1
    outer loop
      vertex -49.1882 35.7373 0
      vertex -48.8567 38.171 0
      vertex -47.911 37.4322 0
    endloop
  endfacet
  facet normal 0 0 -1
    outer loop
      vertex -49.1882 35.7373 0
      vertex -50.1591 36.4427 0
      vertex -48.8567 38.171 0
    endloop
  endfacet
  facet normal 0 0 -1
    outer loop
      vertex -50.4055 33.9989 0
      vertex -50.1591 36.4427 0
      vertex -49.1882 35.7373 0
    endloop
  endfacet
  facet normal 0 0 -1
    outer loop
      vertex -50.4055 33.9989 0
      vertex -51.4003 34.67 0
      vertex -50.1591 36.4427 0
    endloop
  endfacet
  facet normal 0 0 -1
    outer loop
      vertex -51.5613 32.2191 0
      vertex -51.4003 34.67 0
      vertex -50.4055 33.9989 0
    endloop
  endfacet
  facet normal 0 0 -1
    outer loop
      vertex -51.5613 32.2191 0
      vertex -52.579 32.855 0
      vertex -51.4003 34.67 0
    endloop
  endfacet
  facet normal 0 0 -1
    outer loop
      vertex -52.6543 30.4 0
      vertex -52.579 32.855 0
      vertex -51.5613 32.2191 0
    endloop
  endfacet
  facet normal 0 0 -1
    outer loop
      vertex -53.6936 31 0
      vertex -52.6543 30.4 0
      vertex -53.6832 28.5439 0
    endloop
  endfacet
  facet normal 0 0 -1
    outer loop
      vertex -52.6543 30.4 0
      vertex -53.6936 31 0
      vertex -52.579 32.855 0
    endloop
  endfacet
  facet normal 0 0 -1
    outer loop
      vertex -54.7428 29.1072 0
      vertex -53.6832 28.5439 0
      vertex -54.6467 26.653 0
    endloop
  endfacet
  facet normal 0 0 -1
    outer loop
      vertex -53.6832 28.5439 0
      vertex -54.7428 29.1072 0
      vertex -53.6936 31 0
    endloop
  endfacet
  facet normal 0 0 -1
    outer loop
      vertex -55.7252 27.179 0
      vertex -54.6467 26.653 0
      vertex -55.5436 24.7296 0
    endloop
  endfacet
  facet normal 0 0 -1
    outer loop
      vertex -54.6467 26.653 0
      vertex -55.7252 27.179 0
      vertex -54.7428 29.1072 0
    endloop
  endfacet
  facet normal 0 0 -1
    outer loop
      vertex -56.6398 25.2177 0
      vertex -55.5436 24.7296 0
      vertex -56.3728 22.7761 0
    endloop
  endfacet
  facet normal 0 0 -1
    outer loop
      vertex -55.5436 24.7296 0
      vertex -56.6398 25.2177 0
      vertex -55.7252 27.179 0
    endloop
  endfacet
  facet normal 0 0 -1
    outer loop
      vertex -57.4854 23.2256 0
      vertex -56.3728 22.7761 0
      vertex -57.1333 20.7948 0
    endloop
  endfacet
  facet normal 0 0 -1
    outer loop
      vertex -56.3728 22.7761 0
      vertex -57.4854 23.2256 0
      vertex -56.6398 25.2177 0
    endloop
  endfacet
  facet normal 0 0 -1
    outer loop
      vertex -58.2609 21.2052 0
      vertex -57.1333 20.7948 0
      vertex -57.8242 18.7882 0
    endloop
  endfacet
  facet normal 0 0 -1
    outer loop
      vertex -57.1333 20.7948 0
      vertex -58.2609 21.2052 0
      vertex -57.4854 23.2256 0
    endloop
  endfacet
  facet normal 0 0 -1
    outer loop
      vertex -58.9655 19.1591 0
      vertex -57.8242 18.7882 0
      vertex -58.4447 16.7587 0
    endloop
  endfacet
  facet normal 0 0 -1
    outer loop
      vertex -57.8242 18.7882 0
      vertex -58.9655 19.1591 0
      vertex -58.2609 21.2052 0
    endloop
  endfacet
  facet normal 0 0 -1
    outer loop
      vertex -59.5982 17.0895 0
      vertex -58.4447 16.7587 0
      vertex -58.994 14.7088 0
    endloop
  endfacet
  facet normal 0 0 -1
    outer loop
      vertex -60.1583 14.9992 0
      vertex -58.994 14.7088 0
      vertex -59.4714 12.641 0
    endloop
  endfacet
  facet normal 0 0 -1
    outer loop
      vertex -58.4447 16.7587 0
      vertex -59.5982 17.0895 0
      vertex -58.9655 19.1591 0
    endloop
  endfacet
  facet normal 0 0 -1
    outer loop
      vertex -60.6451 12.8905 0
      vertex -59.4714 12.641 0
      vertex -59.8763 10.5578 0
    endloop
  endfacet
  facet normal 0 0 -1
    outer loop
      vertex -58.994 14.7088 0
      vertex -60.1583 14.9992 0
      vertex -59.5982 17.0895 0
    endloop
  endfacet
  facet normal 0 0 -1
    outer loop
      vertex -61.0581 10.7662 0
      vertex -59.8763 10.5578 0
      vertex -60.2083 8.46172 0
    endloop
  endfacet
  facet normal 0 0 -1
    outer loop
      vertex -61.3966 8.62873 0
      vertex -60.2083 8.46172 0
      vertex -60.4669 6.35533 0
    endloop
  endfacet
  facet normal 0 0 -1
    outer loop
      vertex -59.4714 12.641 0
      vertex -60.6451 12.8905 0
      vertex -60.1583 14.9992 0
    endloop
  endfacet
  facet normal 0 0 -1
    outer loop
      vertex -61.6604 6.48076 0
      vertex -60.4669 6.35533 0
      vertex -60.6519 4.24119 0
    endloop
  endfacet
  facet normal 0 0 -1
    outer loop
      vertex -61.849 4.3249 0
      vertex -60.6519 4.24119 0
      vertex -60.763 2.12189 0
    endloop
  endfacet
  facet normal 0 0 -1
    outer loop
      vertex -61.9622 2.16377 0
      vertex -60.763 2.12189 0
      vertex -60.8 0 0
    endloop
  endfacet
  facet normal 0 0 -1
    outer loop
      vertex -61.849 -4.3249 0
      vertex -60.6519 -4.24119 0
      vertex -61.6604 -6.48076 0
    endloop
  endfacet
  facet normal 0 0 -1
    outer loop
      vertex -59.8763 10.5578 0
      vertex -61.0581 10.7662 0
      vertex -60.6451 12.8905 0
    endloop
  endfacet
  facet normal -0 0 -1
    outer loop
      vertex -60.6519 -4.24119 0
      vertex -61.849 -4.3249 0
      vertex -60.763 -2.12189 0
    endloop
  endfacet
  facet normal 0 0 -1
    outer loop
      vertex -60.2083 8.46172 0
      vertex -61.3966 8.62873 0
      vertex -61.0581 10.7662 0
    endloop
  endfacet
  facet normal 0 0 -1
    outer loop
      vertex -61.9622 -2.16377 0
      vertex -60.763 -2.12189 0
      vertex -61.849 -4.3249 0
    endloop
  endfacet
  facet normal 0 0 -1
    outer loop
      vertex -60.4669 6.35533 0
      vertex -61.6604 6.48076 0
      vertex -61.3966 8.62873 0
    endloop
  endfacet
  facet normal -0 0 -1
    outer loop
      vertex -60.763 -2.12189 0
      vertex -61.9622 -2.16377 0
      vertex -60.8 0 0
    endloop
  endfacet
  facet normal 0 0 -1
    outer loop
      vertex -60.6519 4.24119 0
      vertex -61.849 4.3249 0
      vertex -61.6604 6.48076 0
    endloop
  endfacet
  facet normal 0 0 -1
    outer loop
      vertex -62 0 0
      vertex -60.8 0 0
      vertex -61.9622 -2.16377 0
    endloop
  endfacet
  facet normal 0 0 -1
    outer loop
      vertex -60.763 2.12189 0
      vertex -61.9622 2.16377 0
      vertex -61.849 4.3249 0
    endloop
  endfacet
  facet normal 0 0 -1
    outer loop
      vertex -60.8 0 0
      vertex -62 0 0
      vertex -61.9622 2.16377 0
    endloop
  endfacet
  facet normal -0.986248 0.0172156 0.164375
    outer loop
      vertex -58 0 24
      vertex -58.9735 1.51813 18
      vertex -59 0 18
    endloop
  endfacet
  facet normal -0.986249 0.0171994 0.164371
    outer loop
      vertex -58.9735 1.51813 18
      vertex -58 0 24
      vertex -57.9647 2.02417 24
    endloop
  endfacet
  facet normal -0.986248 0.0172482 0.164371
    outer loop
      vertex -60.6667 0 8
      vertex -60.6549 0.674723 8
      vertex -62 0 0
    endloop
  endfacet
  facet normal -0.986249 0.0171382 0.164376
    outer loop
      vertex -57.9647 2.02417 24
      vertex -58.9641 2.05907 18
      vertex -58.9735 1.51813 18
    endloop
  endfacet
  facet normal -0.986248 0.0172292 0.164372
    outer loop
      vertex -61.9622 2.16377 0
      vertex -60.6549 0.674723 8
      vertex -60.6297 2.11724 8
    endloop
  endfacet
  facet normal -0.986248 0.0172293 0.164372
    outer loop
      vertex -60.6549 0.674723 8
      vertex -61.9622 2.16377 0
      vertex -62 0 0
    endloop
  endfacet
  facet normal 0.998628 -0.0523679 0
    outer loop
      vertex -55.1664 1.92645 24
      vertex -55.0655 3.85056 21
      vertex -55.0655 3.85056 24
    endloop
  endfacet
  facet normal 0.998628 -0.0523679 0
    outer loop
      vertex -55.0655 3.85056 21
      vertex -55.1664 1.92645 24
      vertex -55.1664 1.92645 21
    endloop
  endfacet
  facet normal 0.998631 -0.0523137 0
    outer loop
      vertex -49.9695 1.74497 21
      vertex -49.8782 3.48782 19
      vertex -49.8782 3.48782 21
    endloop
  endfacet
  facet normal 0.998631 -0.0523137 0
    outer loop
      vertex -49.8782 3.48782 19
      vertex -49.9695 1.74497 21
      vertex -49.9695 1.74497 19
    endloop
  endfacet
  facet normal 0.731285 -0.0385632 -0.680981
    outer loop
      vertex -50.8881 1.98413 18
      vertex -49.9695 1.74497 19
      vertex -50.899 1.77743 18
    endloop
  endfacet
  facet normal 0.731332 -0.038325 -0.680944
    outer loop
      vertex -49.8782 3.48782 19
      vertex -50.8881 1.98413 18
      vertex -50.8059 3.5527 18
    endloop
  endfacet
  facet normal 0.731322 -0.0383107 -0.680955
    outer loop
      vertex -50.8881 1.98413 18
      vertex -49.8782 3.48782 19
      vertex -49.9695 1.74497 19
    endloop
  endfacet
  facet normal 0.985045 -0.051639 -0.164379
    outer loop
      vertex -59.4181 2.31083 8
      vertex -60.763 2.12189 0
      vertex -60.6519 4.24119 0
    endloop
  endfacet
  facet normal 0.985053 -0.0514552 -0.164385
    outer loop
      vertex -60.763 2.12189 0
      vertex -59.4181 2.31083 8
      vertex -59.4304 2.07536 8
    endloop
  endfacet
  facet normal 0.985046 -0.0516286 -0.164376
    outer loop
      vertex -59.3218 4.14818 8
      vertex -59.4181 2.31083 8
      vertex -60.6519 4.24119 0
    endloop
  endfacet
  facet normal -0.985045 0.0516468 0.164376
    outer loop
      vertex -57.9647 2.02417 24
      vertex -58.8846 3.57535 18
      vertex -58.9641 2.05907 18
    endloop
  endfacet
  facet normal -0.985045 0.051647 0.164376
    outer loop
      vertex -58.8846 3.57535 18
      vertex -57.9647 2.02417 24
      vertex -57.8587 4.04587 24
    endloop
  endfacet
  facet normal -0.985048 0.0515984 0.164372
    outer loop
      vertex -60.6297 2.11724 8
      vertex -60.5944 2.79114 8
      vertex -61.9622 2.16377 0
    endloop
  endfacet
  facet normal -0.985046 0.0516196 0.164376
    outer loop
      vertex -61.849 4.3249 0
      vertex -60.5944 2.79114 8
      vertex -60.5189 4.23189 8
    endloop
  endfacet
  facet normal -0.985048 0.0515968 0.164372
    outer loop
      vertex -60.5944 2.79114 8
      vertex -61.849 4.3249 0
      vertex -61.9622 2.16377 0
    endloop
  endfacet
  facet normal -0.985047 0.051597 0.16438
    outer loop
      vertex -57.8587 4.04587 24
      vertex -58.8563 4.11563 18
      vertex -58.8846 3.57535 18
    endloop
  endfacet
  facet normal 0.996196 -0.087142 0
    outer loop
      vertex -55.0655 3.85056 24
      vertex -54.8976 5.76997 21
      vertex -54.8976 5.76997 24
    endloop
  endfacet
  facet normal 0.996196 -0.087142 0
    outer loop
      vertex -54.8976 5.76997 21
      vertex -55.0655 3.85056 24
      vertex -55.0655 3.85056 21
    endloop
  endfacet
  facet normal 0.996195 -0.0871513 0
    outer loop
      vertex -49.8782 3.48782 21
      vertex -49.7261 5.22642 19
      vertex -49.7261 5.22642 21
    endloop
  endfacet
  facet normal 0.996195 -0.0871513 0
    outer loop
      vertex -49.7261 5.22642 19
      vertex -49.8782 3.48782 21
      vertex -49.8782 3.48782 19
    endloop
  endfacet
  facet normal 0.72956 -0.0636892 -0.680945
    outer loop
      vertex -50.7879 3.75889 18
      vertex -49.8782 3.48782 19
      vertex -50.8059 3.5527 18
    endloop
  endfacet
  facet normal 0.729539 -0.0638277 -0.680955
    outer loop
      vertex -49.7261 5.22642 19
      vertex -50.7879 3.75889 18
      vertex -50.651 5.32363 18
    endloop
  endfacet
  facet normal 0.729535 -0.0638228 -0.680959
    outer loop
      vertex -50.7879 3.75889 18
      vertex -49.7261 5.22642 19
      vertex -49.8782 3.48782 19
    endloop
  endfacet
  facet normal 0.982642 -0.0859871 -0.164382
    outer loop
      vertex -59.3012 4.38309 8
      vertex -60.6519 4.24119 0
      vertex -60.4669 6.35533 0
    endloop
  endfacet
  facet normal 0.982627 -0.0861696 -0.164376
    outer loop
      vertex -60.6519 4.24119 0
      vertex -59.3012 4.38309 8
      vertex -59.3218 4.14818 8
    endloop
  endfacet
  facet normal 0.982648 -0.0859409 -0.164371
    outer loop
      vertex -59.1409 6.21596 8
      vertex -59.3012 4.38309 8
      vertex -60.4669 6.35533 0
    endloop
  endfacet
  facet normal -0.98264 0.086013 0.16438
    outer loop
      vertex -57.8587 4.04587 24
      vertex -58.7239 5.62821 18
      vertex -58.8563 4.11563 18
    endloop
  endfacet
  facet normal -0.982648 0.0859485 0.164364
    outer loop
      vertex -58.7239 5.62821 18
      vertex -57.8587 4.04587 24
      vertex -57.6823 6.06265 24
    endloop
  endfacet
  facet normal -0.982646 0.0859483 0.164376
    outer loop
      vertex -60.5189 4.23189 8
      vertex -60.4601 4.90415 8
      vertex -61.849 4.3249 0
    endloop
  endfacet
  facet normal -0.98264 0.0860093 0.164383
    outer loop
      vertex -61.6604 6.48076 0
      vertex -60.4601 4.90415 8
      vertex -60.3343 6.34139 8
    endloop
  endfacet
  facet normal -0.982645 0.0859642 0.164375
    outer loop
      vertex -60.4601 4.90415 8
      vertex -61.6604 6.48076 0
      vertex -61.849 4.3249 0
    endloop
  endfacet
  facet normal -0.982654 0.085873 0.164371
    outer loop
      vertex -57.6823 6.06265 24
      vertex -58.6768 6.16718 18
      vertex -58.7239 5.62821 18
    endloop
  endfacet
  facet normal 0.992547 -0.121864 0
    outer loop
      vertex -54.8976 5.76997 24
      vertex -54.6628 7.68235 21
      vertex -54.6628 7.68235 24
    endloop
  endfacet
  facet normal 0.992547 -0.121864 0
    outer loop
      vertex -54.6628 7.68235 21
      vertex -54.8976 5.76997 24
      vertex -54.8976 5.76997 21
    endloop
  endfacet
  facet normal 0.992546 -0.121874 0
    outer loop
      vertex -49.7261 5.22642 21
      vertex -49.5134 6.95865 19
      vertex -49.5134 6.95865 21
    endloop
  endfacet
  facet normal 0.992546 -0.121874 0
    outer loop
      vertex -49.5134 6.95865 19
      vertex -49.7261 5.22642 21
      vertex -49.7261 5.22642 19
    endloop
  endfacet
  facet normal 0.726877 -0.089157 -0.680956
    outer loop
      vertex -50.6258 5.52908 18
      vertex -49.7261 5.22642 19
      vertex -50.651 5.32363 18
    endloop
  endfacet
  facet normal 0.726869 -0.0892227 -0.680956
    outer loop
      vertex -58.7229 8.25296 9
      vertex -54.9983 7 13.1399
      vertex -58.8767 7 9
    endloop
  endfacet
  facet normal 0.726827 -0.0895321 -0.68096
    outer loop
      vertex -49.5134 6.95865 19
      vertex -50.4452 7 18
      vertex -58.7229 8.25296 9
    endloop
  endfacet
  facet normal 0.726852 -0.0892431 -0.680971
    outer loop
      vertex -49.5134 6.95865 19
      vertex -50.6258 5.52908 18
      vertex -50.4452 7 18
    endloop
  endfacet
  facet normal 0.726857 -0.0892505 -0.680965
    outer loop
      vertex -50.6258 5.52908 18
      vertex -49.5134 6.95865 19
      vertex -49.7261 5.22642 19
    endloop
  endfacet
  facet normal 0.72687 -0.0892188 -0.680955
    outer loop
      vertex -58.7229 8.25296 9
      vertex -50.4452 7 18
      vertex -54.9983 7 13.1399
    endloop
  endfacet
  facet normal 0.979049 -0.120197 -0.164367
    outer loop
      vertex -59.1122 6.45 8
      vertex -60.4669 6.35533 0
      vertex -60.2083 8.46172 0
    endloop
  endfacet
  facet normal 0.979064 -0.120061 -0.164372
    outer loop
      vertex -60.4669 6.35533 0
      vertex -59.1122 6.45 8
      vertex -59.1409 6.21596 8
    endloop
  endfacet
  facet normal 0.979048 -0.120178 -0.164382
    outer loop
      vertex -59.0446 7 8
      vertex -58.7229 8.25296 9
      vertex -58.8767 7 9
    endloop
  endfacet
  facet normal 0.979049 -0.120184 -0.164374
    outer loop
      vertex -58.7229 8.25296 9
      vertex -59.0446 7 8
      vertex -60.2083 8.46172 0
    endloop
  endfacet
  facet normal 0.979027 -0.120331 -0.164398
    outer loop
      vertex -60.2083 8.46172 0
      vertex -59.0446 7 8
      vertex -59.1122 6.45 8
    endloop
  endfacet
  facet normal -0.978795 0.122495 0.164183
    outer loop
      vertex -61.6604 6.48076 0
      vertex -60.2535 7 8
      vertex -57.4355 8.07204 24
    endloop
  endfacet
  facet normal -0.979056 0.120113 0.164383
    outer loop
      vertex -60.2535 7 8
      vertex -61.6604 6.48076 0
      vertex -60.3343 6.34139 8
    endloop
  endfacet
  facet normal -0.979048 0.120185 0.164382
    outer loop
      vertex -58.5745 7 18
      vertex -57.4355 8.07204 24
      vertex -60.2535 7 8
    endloop
  endfacet
  facet normal -0.97904 0.120261 0.164371
    outer loop
      vertex -57.6823 6.06265 24
      vertex -58.5745 7 18
      vertex -58.6768 6.16718 18
    endloop
  endfacet
  facet normal -0.979042 0.120249 0.164369
    outer loop
      vertex -58.5745 7 18
      vertex -57.6823 6.06265 24
      vertex -57.4355 8.07204 24
    endloop
  endfacet
  facet normal -0.979042 0.12024 0.164376
    outer loop
      vertex -57.4355 8.07204 24
      vertex -61.3966 8.62873 0
      vertex -61.6604 6.48076 0
    endloop
  endfacet
  facet normal 0.987689 -0.156429 0
    outer loop
      vertex -54.6628 7.68235 24
      vertex -54.3614 9.58538 21
      vertex -54.3614 9.58538 24
    endloop
  endfacet
  facet normal 0.987689 -0.156429 0
    outer loop
      vertex -54.3614 9.58538 21
      vertex -54.6628 7.68235 24
      vertex -54.6628 7.68235 21
    endloop
  endfacet
  facet normal 0.98769 -0.156425 0
    outer loop
      vertex -49.5134 6.95865 21
      vertex -49.2404 8.68241 19
      vertex -49.2404 8.68241 21
    endloop
  endfacet
  facet normal 0.98769 -0.156425 0
    outer loop
      vertex -49.2404 8.68241 19
      vertex -49.5134 6.95865 21
      vertex -49.5134 6.95865 19
    endloop
  endfacet
  facet normal 0.723307 -0.114563 -0.680957
    outer loop
      vertex -58.3991 10.2973 9
      vertex -49.5134 6.95865 19
      vertex -58.7229 8.25296 9
    endloop
  endfacet
  facet normal 0.723309 -0.114554 -0.680956
    outer loop
      vertex -49.2404 8.68241 19
      vertex -49.5134 6.95865 19
      vertex -58.3991 10.2973 9
    endloop
  endfacet
  facet normal 0.974253 -0.154313 -0.164374
    outer loop
      vertex -59.8763 10.5578 0
      vertex -58.7229 8.25296 9
      vertex -60.2083 8.46172 0
    endloop
  endfacet
  facet normal 0.974253 -0.154311 -0.164374
    outer loop
      vertex -58.3991 10.2973 9
      vertex -58.7229 8.25296 9
      vertex -59.8763 10.5578 0
    endloop
  endfacet
  facet normal -0.974261 0.154259 0.164376
    outer loop
      vertex -57.4355 8.07204 24
      vertex -57.1189 10.0716 24
      vertex -61.3966 8.62873 0
    endloop
  endfacet
  facet normal -0.974257 0.154288 0.164373
    outer loop
      vertex -57.1189 10.0716 24
      vertex -61.0581 10.7662 0
      vertex -61.3966 8.62873 0
    endloop
  endfacet
  facet normal 0.981621 -0.190841 0
    outer loop
      vertex -54.3614 9.58538 24
      vertex -53.9937 11.4767 21
      vertex -53.9937 11.4767 24
    endloop
  endfacet
  facet normal 0.981621 -0.190841 0
    outer loop
      vertex -53.9937 11.4767 21
      vertex -54.3614 9.58538 24
      vertex -54.3614 9.58538 21
    endloop
  endfacet
  facet normal 0.981628 -0.190803 0
    outer loop
      vertex -49.2404 8.68241 21
      vertex -48.9074 10.3956 19
      vertex -48.9074 10.3956 21
    endloop
  endfacet
  facet normal 0.981628 -0.190803 0
    outer loop
      vertex -48.9074 10.3956 19
      vertex -49.2404 8.68241 21
      vertex -49.2404 8.68241 19
    endloop
  endfacet
  facet normal 0.718867 -0.139747 -0.680956
    outer loop
      vertex -58.0041 12.3292 9
      vertex -49.2404 8.68241 19
      vertex -58.3991 10.2973 9
    endloop
  endfacet
  facet normal 0.718872 -0.13973 -0.680954
    outer loop
      vertex -48.9074 10.3956 19
      vertex -49.2404 8.68241 19
      vertex -58.0041 12.3292 9
    endloop
  endfacet
  facet normal 0.968278 -0.188199 -0.164374
    outer loop
      vertex -59.4714 12.641 0
      vertex -58.3991 10.2973 9
      vertex -59.8763 10.5578 0
    endloop
  endfacet
  facet normal 0.96827 -0.188231 -0.164382
    outer loop
      vertex -58.0041 12.3292 9
      vertex -58.3991 10.2973 9
      vertex -59.4714 12.641 0
    endloop
  endfacet
  facet normal -0.968275 0.188217 0.164373
    outer loop
      vertex -57.1189 10.0716 24
      vertex -56.7326 12.0589 24
      vertex -61.0581 10.7662 0
    endloop
  endfacet
  facet normal -0.968269 0.188248 0.164371
    outer loop
      vertex -56.7326 12.0589 24
      vertex -60.6451 12.8905 0
      vertex -61.0581 10.7662 0
    endloop
  endfacet
  facet normal 0.974374 -0.224935 0
    outer loop
      vertex -53.9937 11.4767 24
      vertex -53.5603 13.3541 21
      vertex -53.5603 13.3541 24
    endloop
  endfacet
  facet normal 0.974374 -0.224935 0
    outer loop
      vertex -53.5603 13.3541 21
      vertex -53.9937 11.4767 24
      vertex -53.9937 11.4767 21
    endloop
  endfacet
  facet normal 0.974369 -0.224956 0
    outer loop
      vertex -48.9074 10.3956 21
      vertex -48.5148 12.0961 19
      vertex -48.5148 12.0961 21
    endloop
  endfacet
  facet normal 0.974369 -0.224956 0
    outer loop
      vertex -48.5148 12.0961 19
      vertex -48.9074 10.3956 21
      vertex -48.9074 10.3956 19
    endloop
  endfacet
  facet normal 0.713557 -0.164732 -0.680954
    outer loop
      vertex -57.5385 14.346 9
      vertex -48.9074 10.3956 19
      vertex -58.0041 12.3292 9
    endloop
  endfacet
  facet normal 0.713555 -0.164741 -0.680955
    outer loop
      vertex -48.5148 12.0961 19
      vertex -48.9074 10.3956 19
      vertex -57.5385 14.346 9
    endloop
  endfacet
  facet normal 0.961115 -0.221896 -0.164381
    outer loop
      vertex -58.994 14.7088 0
      vertex -58.0041 12.3292 9
      vertex -59.4714 12.641 0
    endloop
  endfacet
  facet normal 0.961118 -0.221884 -0.164378
    outer loop
      vertex -57.5385 14.346 9
      vertex -58.0041 12.3292 9
      vertex -58.994 14.7088 0
    endloop
  endfacet
  facet normal -0.961118 0.221887 0.164371
    outer loop
      vertex -56.7326 12.0589 24
      vertex -56.2772 14.0315 24
      vertex -60.6451 12.8905 0
    endloop
  endfacet
  facet normal -0.96112 0.221878 0.164371
    outer loop
      vertex -56.2772 14.0315 24
      vertex -60.1583 14.9992 0
      vertex -60.6451 12.8905 0
    endloop
  endfacet
  facet normal 0.965923 -0.258829 0
    outer loop
      vertex -53.5603 13.3541 24
      vertex -53.0616 15.2152 21
      vertex -53.0616 15.2152 24
    endloop
  endfacet
  facet normal 0.965923 -0.258829 0
    outer loop
      vertex -53.0616 15.2152 21
      vertex -53.5603 13.3541 24
      vertex -53.5603 13.3541 21
    endloop
  endfacet
  facet normal 0.965927 -0.258814 0
    outer loop
      vertex -48.5148 12.0961 21
      vertex -48.0631 13.7819 19
      vertex -48.0631 13.7819 21
    endloop
  endfacet
  facet normal 0.965927 -0.258814 0
    outer loop
      vertex -48.0631 13.7819 19
      vertex -48.5148 12.0961 21
      vertex -48.5148 12.0961 19
    endloop
  endfacet
  facet normal 0.707372 -0.189536 -0.680955
    outer loop
      vertex -57.0028 16.3453 9
      vertex -48.5148 12.0961 19
      vertex -57.5385 14.346 9
    endloop
  endfacet
  facet normal 0.707372 -0.189536 -0.680955
    outer loop
      vertex -48.0631 13.7819 19
      vertex -48.5148 12.0961 19
      vertex -57.0028 16.3453 9
    endloop
  endfacet
  facet normal 0.952783 -0.255312 -0.164378
    outer loop
      vertex -58.4447 16.7587 0
      vertex -57.5385 14.346 9
      vertex -58.994 14.7088 0
    endloop
  endfacet
  facet normal 0.952789 -0.255294 -0.164374
    outer loop
      vertex -57.0028 16.3453 9
      vertex -57.5385 14.346 9
      vertex -58.4447 16.7587 0
    endloop
  endfacet
  facet normal -0.952785 0.25531 0.164372
    outer loop
      vertex -56.2772 14.0315 24
      vertex -55.7532 15.987 24
      vertex -60.1583 14.9992 0
    endloop
  endfacet
  facet normal -0.952787 0.255301 0.164372
    outer loop
      vertex -55.7532 15.987 24
      vertex -59.5982 17.0895 0
      vertex -60.1583 14.9992 0
    endloop
  endfacet
  facet normal 0.956306 -0.292368 0
    outer loop
      vertex -53.0616 15.2152 24
      vertex -52.4983 17.0577 21
      vertex -52.4983 17.0577 24
    endloop
  endfacet
  facet normal 0.956306 -0.292368 0
    outer loop
      vertex -52.4983 17.0577 21
      vertex -53.0616 15.2152 24
      vertex -53.0616 15.2152 21
    endloop
  endfacet
  facet normal 0.956294 -0.292406 0
    outer loop
      vertex -48.0631 13.7819 21
      vertex -47.5528 15.4508 19
      vertex -47.5528 15.4508 21
    endloop
  endfacet
  facet normal 0.956294 -0.292406 0
    outer loop
      vertex -47.5528 15.4508 19
      vertex -48.0631 13.7819 21
      vertex -48.0631 13.7819 19
    endloop
  endfacet
  facet normal 0.700322 -0.214123 -0.680955
    outer loop
      vertex -56.3976 18.3247 9
      vertex -48.0631 13.7819 19
      vertex -57.0028 16.3453 9
    endloop
  endfacet
  facet normal 0.700317 -0.214136 -0.680957
    outer loop
      vertex -47.5528 15.4508 19
      vertex -48.0631 13.7819 19
      vertex -56.3976 18.3247 9
    endloop
  endfacet
  facet normal 0.943295 -0.288403 -0.164374
    outer loop
      vertex -57.8242 18.7882 0
      vertex -57.0028 16.3453 9
      vertex -58.4447 16.7587 0
    endloop
  endfacet
  facet normal 0.943292 -0.288411 -0.164375
    outer loop
      vertex -56.3976 18.3247 9
      vertex -57.0028 16.3453 9
      vertex -57.8242 18.7882 0
    endloop
  endfacet
  facet normal -0.943297 0.288397 0.164372
    outer loop
      vertex -55.7532 15.987 24
      vertex -55.1613 17.923 24
      vertex -59.5982 17.0895 0
    endloop
  endfacet
  facet normal -0.943302 0.288378 0.164374
    outer loop
      vertex -55.1613 17.923 24
      vertex -58.9655 19.1591 0
      vertex -59.5982 17.0895 0
    endloop
  endfacet
  facet normal 0.945518 -0.32557 0
    outer loop
      vertex -52.4983 17.0577 24
      vertex -51.871 18.8795 21
      vertex -51.871 18.8795 24
    endloop
  endfacet
  facet normal 0.945518 -0.32557 0
    outer loop
      vertex -51.871 18.8795 21
      vertex -52.4983 17.0577 24
      vertex -52.4983 17.0577 21
    endloop
  endfacet
  facet normal 0.94552 -0.325563 0
    outer loop
      vertex -47.5528 15.4508 21
      vertex -46.9846 17.101 19
      vertex -46.9846 17.101 21
    endloop
  endfacet
  facet normal 0.94552 -0.325563 0
    outer loop
      vertex -46.9846 17.101 19
      vertex -47.5528 15.4508 21
      vertex -47.5528 15.4508 19
    endloop
  endfacet
  facet normal 0.692435 -0.238395 -0.680957
    outer loop
      vertex -55.7238 20.2818 9
      vertex -47.5528 15.4508 19
      vertex -56.3976 18.3247 9
    endloop
  endfacet
  facet normal 0.692425 -0.238417 -0.680959
    outer loop
      vertex -46.9846 17.101 19
      vertex -47.5528 15.4508 19
      vertex -55.7238 20.2818 9
    endloop
  endfacet
  facet normal 0.932661 -0.321128 -0.164375
    outer loop
      vertex -57.1333 20.7948 0
      vertex -56.3976 18.3247 9
      vertex -57.8242 18.7882 0
    endloop
  endfacet
  facet normal 0.932671 -0.321104 -0.16437
    outer loop
      vertex -55.7238 20.2818 9
      vertex -56.3976 18.3247 9
      vertex -57.1333 20.7948 0
    endloop
  endfacet
  facet normal -0.932659 0.321135 0.164374
    outer loop
      vertex -55.1613 17.923 24
      vertex -54.5022 19.8372 24
      vertex -58.9655 19.1591 0
    endloop
  endfacet
  facet normal -0.932648 0.321169 0.164371
    outer loop
      vertex -54.5022 19.8372 24
      vertex -58.2609 21.2052 0
      vertex -58.9655 19.1591 0
    endloop
  endfacet
  facet normal 0.933579 -0.35837 0
    outer loop
      vertex -51.871 18.8795 24
      vertex -51.1805 20.6783 21
      vertex -51.1805 20.6783 24
    endloop
  endfacet
  facet normal 0.933579 -0.35837 0
    outer loop
      vertex -51.1805 20.6783 21
      vertex -51.871 18.8795 24
      vertex -51.871 18.8795 21
    endloop
  endfacet
  facet normal 0.933586 -0.358353 0
    outer loop
      vertex -46.9846 17.101 21
      vertex -46.3592 18.7303 19
      vertex -46.3592 18.7303 21
    endloop
  endfacet
  facet normal 0.933586 -0.358353 0
    outer loop
      vertex -46.3592 18.7303 19
      vertex -46.9846 17.101 21
      vertex -46.9846 17.101 19
    endloop
  endfacet
  facet normal 0.683678 -0.262447 -0.680959
    outer loop
      vertex -54.982 22.2142 9
      vertex -46.9846 17.101 19
      vertex -55.7238 20.2818 9
    endloop
  endfacet
  facet normal 0.683687 -0.26243 -0.680957
    outer loop
      vertex -46.3592 18.7303 19
      vertex -46.9846 17.101 19
      vertex -54.982 22.2142 9
    endloop
  endfacet
  facet normal 0.92089 -0.353474 -0.16437
    outer loop
      vertex -56.3728 22.7761 0
      vertex -55.7238 20.2818 9
      vertex -57.1333 20.7948 0
    endloop
  endfacet
  facet normal 0.920878 -0.353502 -0.164377
    outer loop
      vertex -54.982 22.2142 9
      vertex -55.7238 20.2818 9
      vertex -56.3728 22.7761 0
    endloop
  endfacet
  facet normal -0.920883 0.353492 0.164371
    outer loop
      vertex -54.5022 19.8372 24
      vertex -53.7767 21.7272 24
      vertex -58.2609 21.2052 0
    endloop
  endfacet
  facet normal -0.920891 0.35347 0.164373
    outer loop
      vertex -53.7767 21.7272 24
      vertex -57.4854 23.2256 0
      vertex -58.2609 21.2052 0
    endloop
  endfacet
  facet normal 0.920514 -0.39071 0
    outer loop
      vertex -51.1805 20.6783 24
      vertex -50.4277 22.4519 21
      vertex -50.4277 22.4519 24
    endloop
  endfacet
  facet normal 0.920514 -0.39071 0
    outer loop
      vertex -50.4277 22.4519 21
      vertex -51.1805 20.6783 24
      vertex -51.1805 20.6783 21
    endloop
  endfacet
  facet normal 0.920509 -0.390722 0
    outer loop
      vertex -46.3592 18.7303 21
      vertex -45.6773 20.3368 19
      vertex -45.6773 20.3368 21
    endloop
  endfacet
  facet normal 0.920509 -0.390722 0
    outer loop
      vertex -45.6773 20.3368 19
      vertex -46.3592 18.7303 21
      vertex -46.3592 18.7303 19
    endloop
  endfacet
  facet normal 0.674101 -0.286156 -0.680957
    outer loop
      vertex -54.1732 24.1195 9
      vertex -46.3592 18.7303 19
      vertex -54.982 22.2142 9
    endloop
  endfacet
  facet normal 0.674112 -0.286136 -0.680955
    outer loop
      vertex -45.6773 20.3368 19
      vertex -46.3592 18.7303 19
      vertex -54.1732 24.1195 9
    endloop
  endfacet
  facet normal 0.907986 -0.385412 -0.164377
    outer loop
      vertex -55.5436 24.7296 0
      vertex -54.982 22.2142 9
      vertex -56.3728 22.7761 0
    endloop
  endfacet
  facet normal 0.907975 -0.385435 -0.164383
    outer loop
      vertex -54.1732 24.1195 9
      vertex -54.982 22.2142 9
      vertex -55.5436 24.7296 0
    endloop
  endfacet
  facet normal -0.907968 0.385454 0.164373
    outer loop
      vertex -53.7767 21.7272 24
      vertex -52.9856 23.5907 24
      vertex -57.4854 23.2256 0
    endloop
  endfacet
  facet normal -0.907983 0.385418 0.164376
    outer loop
      vertex -52.9856 23.5907 24
      vertex -56.6398 25.2177 0
      vertex -57.4854 23.2256 0
    endloop
  endfacet
  facet normal 0.906301 -0.422633 0
    outer loop
      vertex -50.4277 22.4519 24
      vertex -49.6134 24.1981 21
      vertex -49.6134 24.1981 24
    endloop
  endfacet
  facet normal 0.906301 -0.422633 0
    outer loop
      vertex -49.6134 24.1981 21
      vertex -50.4277 22.4519 24
      vertex -50.4277 22.4519 21
    endloop
  endfacet
  facet normal 0.906309 -0.422616 0
    outer loop
      vertex -45.6773 20.3368 21
      vertex -44.9397 21.9186 19
      vertex -44.9397 21.9186 21
    endloop
  endfacet
  facet normal 0.906309 -0.422616 0
    outer loop
      vertex -44.9397 21.9186 19
      vertex -45.6773 20.3368 21
      vertex -45.6773 20.3368 19
    endloop
  endfacet
  facet normal 0.663718 -0.30948 -0.680955
    outer loop
      vertex -53.2985 25.9954 9
      vertex -45.6773 20.3368 19
      vertex -54.1732 24.1195 9
    endloop
  endfacet
  facet normal 0.663712 -0.309491 -0.680957
    outer loop
      vertex -44.9397 21.9186 19
      vertex -45.6773 20.3368 19
      vertex -53.2985 25.9954 9
    endloop
  endfacet
  facet normal 0.893978 -0.416871 -0.164382
    outer loop
      vertex -54.6467 26.653 0
      vertex -54.1732 24.1195 9
      vertex -55.5436 24.7296 0
    endloop
  endfacet
  facet normal 0.893988 -0.416851 -0.164377
    outer loop
      vertex -53.2985 25.9954 9
      vertex -54.1732 24.1195 9
      vertex -54.6467 26.653 0
    endloop
  endfacet
  facet normal -0.893995 0.416837 0.164376
    outer loop
      vertex -52.9856 23.5907 24
      vertex -52.1301 25.4255 24
      vertex -56.6398 25.2177 0
    endloop
  endfacet
  facet normal -0.893975 0.416882 0.164372
    outer loop
      vertex -52.1301 25.4255 24
      vertex -55.7252 27.179 0
      vertex -56.6398 25.2177 0
    endloop
  endfacet
  facet normal 0.891007 -0.45399 0
    outer loop
      vertex -49.6134 24.1981 24
      vertex -48.7387 25.9148 21
      vertex -48.7387 25.9148 24
    endloop
  endfacet
  facet normal 0.891007 -0.45399 0
    outer loop
      vertex -48.7387 25.9148 21
      vertex -49.6134 24.1981 24
      vertex -49.6134 24.1981 21
    endloop
  endfacet
  facet normal 0.891009 -0.453985 0
    outer loop
      vertex -44.9397 21.9186 21
      vertex -44.1474 23.4736 19
      vertex -44.1474 23.4736 21
    endloop
  endfacet
  facet normal 0.891009 -0.453985 0
    outer loop
      vertex -44.1474 23.4736 19
      vertex -44.9397 21.9186 21
      vertex -44.9397 21.9186 19
    endloop
  endfacet
  facet normal 0.652508 -0.332463 -0.680957
    outer loop
      vertex -52.3588 27.8397 9
      vertex -44.9397 21.9186 19
      vertex -53.2985 25.9954 9
    endloop
  endfacet
  facet normal 0.652507 -0.332464 -0.680957
    outer loop
      vertex -44.1474 23.4736 19
      vertex -44.9397 21.9186 19
      vertex -52.3588 27.8397 9
    endloop
  endfacet
  facet normal 0.878879 -0.447829 -0.164378
    outer loop
      vertex -53.6832 28.5439 0
      vertex -53.2985 25.9954 9
      vertex -54.6467 26.653 0
    endloop
  endfacet
  facet normal 0.878891 -0.447809 -0.164372
    outer loop
      vertex -52.3588 27.8397 9
      vertex -53.2985 25.9954 9
      vertex -53.6832 28.5439 0
    endloop
  endfacet
  facet normal -0.878894 0.447803 0.164372
    outer loop
      vertex -52.1301 25.4255 24
      vertex -51.211 27.2294 24
      vertex -55.7252 27.179 0
    endloop
  endfacet
  facet normal -0.8789 0.447791 0.164373
    outer loop
      vertex -51.211 27.2294 24
      vertex -54.7428 29.1072 0
      vertex -55.7252 27.179 0
    endloop
  endfacet
  facet normal 0.874624 -0.484801 0
    outer loop
      vertex -48.7387 25.9148 24
      vertex -47.8046 27.6 21
      vertex -47.8046 27.6 24
    endloop
  endfacet
  facet normal 0.874624 -0.484801 0
    outer loop
      vertex -47.8046 27.6 21
      vertex -48.7387 25.9148 24
      vertex -48.7387 25.9148 21
    endloop
  endfacet
  facet normal 0.874619 -0.484811 0
    outer loop
      vertex -44.1474 23.4736 21
      vertex -43.3013 25 19
      vertex -43.3013 25 21
    endloop
  endfacet
  facet normal 0.874619 -0.484811 0
    outer loop
      vertex -43.3013 25 19
      vertex -44.1474 23.4736 21
      vertex -44.1474 23.4736 19
    endloop
  endfacet
  facet normal 0.6405 -0.355047 -0.680957
    outer loop
      vertex -51.3553 29.65 9
      vertex -44.1474 23.4736 19
      vertex -52.3588 27.8397 9
    endloop
  endfacet
  facet normal 0.640505 -0.355039 -0.680956
    outer loop
      vertex -43.3013 25 19
      vertex -44.1474 23.4736 19
      vertex -51.3553 29.65 9
    endloop
  endfacet
  facet normal 0.862714 -0.478232 -0.164372
    outer loop
      vertex -52.6543 30.4 0
      vertex -52.3588 27.8397 9
      vertex -53.6832 28.5439 0
    endloop
  endfacet
  facet normal 0.862717 -0.478228 -0.164371
    outer loop
      vertex -51.3553 29.65 9
      vertex -52.3588 27.8397 9
      vertex -52.6543 30.4 0
    endloop
  endfacet
  facet normal -0.862715 0.47823 0.164373
    outer loop
      vertex -51.211 27.2294 24
      vertex -50.2295 29 24
      vertex -54.7428 29.1072 0
    endloop
  endfacet
  facet normal -0.862722 0.478217 0.164375
    outer loop
      vertex -50.2295 29 24
      vertex -53.6936 31 0
      vertex -54.7428 29.1072 0
    endloop
  endfacet
  facet normal 0.857172 -0.51503 0
    outer loop
      vertex -47.8046 27.6 24
      vertex -46.8123 29.2515 21
      vertex -46.8123 29.2515 24
    endloop
  endfacet
  facet normal 0.857172 -0.51503 0
    outer loop
      vertex -46.8123 29.2515 21
      vertex -47.8046 27.6 24
      vertex -47.8046 27.6 21
    endloop
  endfacet
  facet normal 0.857164 -0.515043 0
    outer loop
      vertex -43.3013 25 21
      vertex -42.4024 26.496 19
      vertex -42.4024 26.496 21
    endloop
  endfacet
  facet normal 0.857164 -0.515043 0
    outer loop
      vertex -42.4024 26.496 19
      vertex -43.3013 25 21
      vertex -43.3013 25 19
    endloop
  endfacet
  facet normal 0.627716 -0.377189 -0.680956
    outer loop
      vertex -50.2892 31.4242 9
      vertex -43.3013 25 19
      vertex -51.3553 29.65 9
    endloop
  endfacet
  facet normal 0.627723 -0.37718 -0.680954
    outer loop
      vertex -42.4024 26.496 19
      vertex -43.3013 25 19
      vertex -50.2892 31.4242 9
    endloop
  endfacet
  facet normal 0.845514 -0.508024 -0.164371
    outer loop
      vertex -51.5613 32.2191 0
      vertex -51.3553 29.65 9
      vertex -52.6543 30.4 0
    endloop
  endfacet
  facet normal 0.845496 -0.508051 -0.164378
    outer loop
      vertex -50.2892 31.4242 9
      vertex -51.3553 29.65 9
      vertex -51.5613 32.2191 0
    endloop
  endfacet
  facet normal -0.845502 0.508042 0.164375
    outer loop
      vertex -50.2295 29 24
      vertex -49.1868 30.7353 24
      vertex -53.6936 31 0
    endloop
  endfacet
  facet normal -0.845507 0.508034 0.164375
    outer loop
      vertex -49.1868 30.7353 24
      vertex -52.579 32.855 0
      vertex -53.6936 31 0
    endloop
  endfacet
  facet normal 0.838665 -0.544647 0
    outer loop
      vertex -46.8123 29.2515 24
      vertex -45.7629 30.8674 21
      vertex -45.7629 30.8674 24
    endloop
  endfacet
  facet normal 0.838665 -0.544647 0
    outer loop
      vertex -45.7629 30.8674 21
      vertex -46.8123 29.2515 24
      vertex -46.8123 29.2515 21
    endloop
  endfacet
  facet normal 0.838663 -0.54465 0
    outer loop
      vertex -42.4024 26.496 21
      vertex -41.4519 27.9596 19
      vertex -41.4519 27.9596 21
    endloop
  endfacet
  facet normal 0.838663 -0.54465 0
    outer loop
      vertex -41.4519 27.9596 19
      vertex -42.4024 26.496 21
      vertex -42.4024 26.496 19
    endloop
  endfacet
  facet normal 0.614181 -0.398852 -0.680954
    outer loop
      vertex -49.1619 33.1601 9
      vertex -42.4024 26.496 19
      vertex -50.2892 31.4242 9
    endloop
  endfacet
  facet normal 0.614174 -0.398861 -0.680956
    outer loop
      vertex -41.4519 27.9596 19
      vertex -42.4024 26.496 19
      vertex -49.1619 33.1601 9
    endloop
  endfacet
  facet normal 0.827266 -0.537225 -0.164378
    outer loop
      vertex -50.4055 33.9989 0
      vertex -50.2892 31.4242 9
      vertex -51.5613 32.2191 0
    endloop
  endfacet
  facet normal 0.827264 -0.537228 -0.164379
    outer loop
      vertex -49.1619 33.1601 9
      vertex -50.2892 31.4242 9
      vertex -50.4055 33.9989 0
    endloop
  endfacet
  facet normal -0.827269 0.537221 0.164375
    outer loop
      vertex -49.1868 30.7353 24
      vertex -48.0842 32.4332 24
      vertex -52.579 32.855 0
    endloop
  endfacet
  facet normal -0.827258 0.537239 0.164374
    outer loop
      vertex -48.0842 32.4332 24
      vertex -51.4003 34.67 0
      vertex -52.579 32.855 0
    endloop
  endfacet
  facet normal 0.819137 -0.573598 0
    outer loop
      vertex -45.7629 30.8674 24
      vertex -44.6577 32.4457 21
      vertex -44.6577 32.4457 24
    endloop
  endfacet
  facet normal 0.819137 -0.573598 0
    outer loop
      vertex -44.6577 32.4457 21
      vertex -45.7629 30.8674 24
      vertex -45.7629 30.8674 21
    endloop
  endfacet
  facet normal 0.819175 -0.573543 0
    outer loop
      vertex -41.4519 27.9596 21
      vertex -40.4509 29.3893 19
      vertex -40.4509 29.3893 21
    endloop
  endfacet
  facet normal 0.819175 -0.573543 0
    outer loop
      vertex -40.4509 29.3893 19
      vertex -41.4519 27.9596 21
      vertex -41.4519 27.9596 19
    endloop
  endfacet
  facet normal 0.599897 -0.420027 -0.680956
    outer loop
      vertex -47.9747 34.8557 9
      vertex -41.4519 27.9596 19
      vertex -49.1619 33.1601 9
    endloop
  endfacet
  facet normal 0.599903 -0.42002 -0.680955
    outer loop
      vertex -40.4509 29.3893 19
      vertex -41.4519 27.9596 19
      vertex -47.9747 34.8557 9
    endloop
  endfacet
  facet normal 0.807996 -0.565793 -0.164379
    outer loop
      vertex -49.1882 35.7373 0
      vertex -49.1619 33.1601 9
      vertex -50.4055 33.9989 0
    endloop
  endfacet
  facet normal 0.808027 -0.565752 -0.164368
    outer loop
      vertex -47.9747 34.8557 9
      vertex -49.1619 33.1601 9
      vertex -49.1882 35.7373 0
    endloop
  endfacet
  facet normal -0.808 0.56579 0.164374
    outer loop
      vertex -48.0842 32.4332 24
      vertex -46.923 34.0915 24
      vertex -51.4003 34.67 0
    endloop
  endfacet
  facet normal -0.808022 0.565757 0.164377
    outer loop
      vertex -46.923 34.0915 24
      vertex -50.1591 36.4427 0
      vertex -51.4003 34.67 0
    endloop
  endfacet
  facet normal 0.798653 -0.601792 0
    outer loop
      vertex -44.6577 32.4457 24
      vertex -43.4982 33.9845 21
      vertex -43.4982 33.9845 24
    endloop
  endfacet
  facet normal 0.798653 -0.601792 0
    outer loop
      vertex -43.4982 33.9845 21
      vertex -44.6577 32.4457 24
      vertex -44.6577 32.4457 21
    endloop
  endfacet
  facet normal 0.798609 -0.60185 0
    outer loop
      vertex -40.4509 29.3893 21
      vertex -39.4005 30.7831 19
      vertex -39.4005 30.7831 21
    endloop
  endfacet
  facet normal 0.798609 -0.60185 0
    outer loop
      vertex -39.4005 30.7831 19
      vertex -40.4509 29.3893 21
      vertex -40.4509 29.3893 19
    endloop
  endfacet
  facet normal 0.584848 -0.440741 -0.680955
    outer loop
      vertex -46.729 36.5087 9
      vertex -40.4509 29.3893 19
      vertex -47.9747 34.8557 9
    endloop
  endfacet
  facet normal 0.584841 -0.44075 -0.680956
    outer loop
      vertex -39.4005 30.7831 19
      vertex -40.4509 29.3893 19
      vertex -46.729 36.5087 9
    endloop
  endfacet
  facet normal 0.787773 -0.59363 -0.164367
    outer loop
      vertex -47.911 37.4322 0
      vertex -47.9747 34.8557 9
      vertex -49.1882 35.7373 0
    endloop
  endfacet
  facet normal 0.787755 -0.593652 -0.164374
    outer loop
      vertex -47.911 37.4322 0
      vertex -46.729 36.5087 9
      vertex -47.9747 34.8557 9
    endloop
  endfacet
  facet normal -0.787777 0.593622 0.164377
    outer loop
      vertex -46.923 34.0915 24
      vertex -45.7046 35.7084 24
      vertex -50.1591 36.4427 0
    endloop
  endfacet
  facet normal -0.787765 0.593639 0.164375
    outer loop
      vertex -45.7046 35.7084 24
      vertex -48.8567 38.171 0
      vertex -50.1591 36.4427 0
    endloop
  endfacet
  facet normal 0.777164 -0.629298 0
    outer loop
      vertex -43.4982 33.9845 24
      vertex -42.2857 35.4819 21
      vertex -42.2857 35.4819 24
    endloop
  endfacet
  facet normal 0.777164 -0.629298 0
    outer loop
      vertex -42.2857 35.4819 21
      vertex -43.4982 33.9845 24
      vertex -43.4982 33.9845 21
    endloop
  endfacet
  facet normal 0.777149 -0.629317 0
    outer loop
      vertex -39.4005 30.7831 21
      vertex -38.3022 32.1394 19
      vertex -38.3022 32.1394 21
    endloop
  endfacet
  facet normal 0.777149 -0.629317 0
    outer loop
      vertex -38.3022 32.1394 19
      vertex -39.4005 30.7831 21
      vertex -39.4005 30.7831 19
    endloop
  endfacet
  facet normal 0.569126 -0.460863 -0.680956
    outer loop
      vertex -45.4264 38.1173 9
      vertex -39.4005 30.7831 19
      vertex -46.729 36.5087 9
    endloop
  endfacet
  facet normal 0.569125 -0.460864 -0.680956
    outer loop
      vertex -38.3022 32.1394 19
      vertex -39.4005 30.7831 19
      vertex -45.4264 38.1173 9
    endloop
  endfacet
  facet normal 0.766593 -0.620739 -0.164374
    outer loop
      vertex -46.5755 39.0815 0
      vertex -46.729 36.5087 9
      vertex -47.911 37.4322 0
    endloop
  endfacet
  facet normal 0.766579 -0.620755 -0.164379
    outer loop
      vertex -46.5755 39.0815 0
      vertex -45.4264 38.1173 9
      vertex -46.729 36.5087 9
    endloop
  endfacet
  facet normal -0.766583 0.620751 0.164375
    outer loop
      vertex -45.7046 35.7084 24
      vertex -44.4306 37.2817 24
      vertex -48.8567 38.171 0
    endloop
  endfacet
  facet normal -0.766574 0.620762 0.164374
    outer loop
      vertex -44.4306 37.2817 24
      vertex -47.4948 39.8528 0
      vertex -48.8567 38.171 0
    endloop
  endfacet
  facet normal 0.754692 -0.65608 0
    outer loop
      vertex -42.2857 35.4819 24
      vertex -41.0216 36.936 21
      vertex -41.0216 36.936 24
    endloop
  endfacet
  facet normal 0.754692 -0.65608 0
    outer loop
      vertex -41.0216 36.936 21
      vertex -42.2857 35.4819 24
      vertex -42.2857 35.4819 21
    endloop
  endfacet
  facet normal 0.754692 -0.656079 0
    outer loop
      vertex -38.3022 32.1394 21
      vertex -37.1572 33.4565 19
      vertex -37.1572 33.4565 21
    endloop
  endfacet
  facet normal 0.754692 -0.656079 0
    outer loop
      vertex -37.1572 33.4565 19
      vertex -38.3022 32.1394 21
      vertex -38.3022 32.1394 19
    endloop
  endfacet
  facet normal 0.552694 -0.480445 -0.680956
    outer loop
      vertex -44.0685 39.6794 9
      vertex -38.3022 32.1394 19
      vertex -45.4264 38.1173 9
    endloop
  endfacet
  facet normal 0.552678 -0.480461 -0.680958
    outer loop
      vertex -37.1572 33.4565 19
      vertex -38.3022 32.1394 19
      vertex -44.0685 39.6794 9
    endloop
  endfacet
  facet normal 0.744432 -0.647148 -0.164379
    outer loop
      vertex -45.1832 40.6831 0
      vertex -45.4264 38.1173 9
      vertex -46.5755 39.0815 0
    endloop
  endfacet
  facet normal 0.744447 -0.647132 -0.164374
    outer loop
      vertex -45.1832 40.6831 0
      vertex -44.0685 39.6794 9
      vertex -45.4264 38.1173 9
    endloop
  endfacet
  facet normal -0.74444 0.64714 0.164374
    outer loop
      vertex -44.4306 37.2817 24
      vertex -43.1024 38.8096 24
      vertex -47.4948 39.8528 0
    endloop
  endfacet
  facet normal -0.744445 0.647134 0.164375
    outer loop
      vertex -43.1024 38.8096 24
      vertex -46.075 41.4861 0
      vertex -47.4948 39.8528 0
    endloop
  endfacet
  facet normal 0.731356 -0.681996 0
    outer loop
      vertex -41.0216 36.936 24
      vertex -39.7076 38.3451 21
      vertex -39.7076 38.3451 24
    endloop
  endfacet
  facet normal 0.731356 -0.681996 0
    outer loop
      vertex -39.7076 38.3451 21
      vertex -41.0216 36.936 24
      vertex -41.0216 36.936 21
    endloop
  endfacet
  facet normal 0.731371 -0.681979 0
    outer loop
      vertex -37.1572 33.4565 21
      vertex -35.967 34.7329 19
      vertex -35.967 34.7329 21
    endloop
  endfacet
  facet normal 0.731371 -0.681979 0
    outer loop
      vertex -35.967 34.7329 19
      vertex -37.1572 33.4565 21
      vertex -37.1572 33.4565 19
    endloop
  endfacet
  facet normal 0.535576 -0.499454 -0.680958
    outer loop
      vertex -42.6568 41.1932 9
      vertex -37.1572 33.4565 19
      vertex -44.0685 39.6794 9
    endloop
  endfacet
  facet normal 0.535602 -0.499431 -0.680955
    outer loop
      vertex -35.967 34.7329 19
      vertex -37.1572 33.4565 19
      vertex -42.6568 41.1932 9
    endloop
  endfacet
  facet normal 0.721419 -0.672708 -0.164374
    outer loop
      vertex -43.7359 42.2352 0
      vertex -44.0685 39.6794 9
      vertex -45.1832 40.6831 0
    endloop
  endfacet
  facet normal 0.721391 -0.672736 -0.164383
    outer loop
      vertex -43.7359 42.2352 0
      vertex -42.6568 41.1932 9
      vertex -44.0685 39.6794 9
    endloop
  endfacet
  facet normal -0.721401 0.672727 0.164375
    outer loop
      vertex -43.1024 38.8096 24
      vertex -41.7217 40.2902 24
      vertex -46.075 41.4861 0
    endloop
  endfacet
  facet normal -0.721404 0.672724 0.164375
    outer loop
      vertex -41.7217 40.2902 24
      vertex -44.5991 43.0688 0
      vertex -46.075 41.4861 0
    endloop
  endfacet
  facet normal 0.707107 -0.707107 0
    outer loop
      vertex -39.7076 38.3451 24
      vertex -38.3451 39.7076 21
      vertex -38.3451 39.7076 24
    endloop
  endfacet
  facet normal 0.707107 -0.707107 0
    outer loop
      vertex -38.3451 39.7076 21
      vertex -39.7076 38.3451 24
      vertex -39.7076 38.3451 21
    endloop
  endfacet
  facet normal 0.707107 -0.707107 0
    outer loop
      vertex -35.967 34.7329 21
      vertex -34.7329 35.967 19
      vertex -34.7329 35.967 21
    endloop
  endfacet
  facet normal 0.707107 -0.707107 0
    outer loop
      vertex -34.7329 35.967 19
      vertex -35.967 34.7329 21
      vertex -35.967 34.7329 19
    endloop
  endfacet
  facet normal 0.517832 -0.517832 -0.680955
    outer loop
      vertex -35.967 34.7329 19
      vertex -41.1932 42.6568 9
      vertex -34.7329 35.967 19
    endloop
  endfacet
  facet normal 0.517832 -0.517832 -0.680955
    outer loop
      vertex -41.1932 42.6568 9
      vertex -35.967 34.7329 19
      vertex -42.6568 41.1932 9
    endloop
  endfacet
  facet normal 0.697488 -0.697488 -0.164382
    outer loop
      vertex -41.1932 42.6568 9
      vertex -43.7359 42.2352 0
      vertex -42.2352 43.7359 0
    endloop
  endfacet
  facet normal 0.697488 -0.697488 -0.164382
    outer loop
      vertex -43.7359 42.2352 0
      vertex -41.1932 42.6568 9
      vertex -42.6568 41.1932 9
    endloop
  endfacet
  facet normal -0.697489 0.697489 0.164375
    outer loop
      vertex -44.5991 43.0688 0
      vertex -40.2902 41.7217 24
      vertex -43.0688 44.5991 0
    endloop
  endfacet
  facet normal -0.697489 0.697489 0.164375
    outer loop
      vertex -40.2902 41.7217 24
      vertex -44.5991 43.0688 0
      vertex -41.7217 40.2902 24
    endloop
  endfacet
  facet normal 0.681996 -0.731356 0
    outer loop
      vertex -38.3451 39.7076 21
      vertex -36.936 41.0216 24
      vertex -38.3451 39.7076 24
    endloop
  endfacet
  facet normal 0.681996 -0.731356 0
    outer loop
      vertex -36.936 41.0216 24
      vertex -38.3451 39.7076 21
      vertex -36.936 41.0216 21
    endloop
  endfacet
  facet normal 0.681979 -0.731371 0
    outer loop
      vertex -34.7329 35.967 19
      vertex -33.4565 37.1572 21
      vertex -34.7329 35.967 21
    endloop
  endfacet
  facet normal 0.681979 -0.731371 0
    outer loop
      vertex -33.4565 37.1572 21
      vertex -34.7329 35.967 19
      vertex -33.4565 37.1572 19
    endloop
  endfacet
  facet normal 0.499456 -0.535579 -0.680955
    outer loop
      vertex -39.6794 44.0685 9
      vertex -34.7329 35.967 19
      vertex -41.1932 42.6568 9
    endloop
  endfacet
  facet normal 0.499429 -0.5356 -0.680958
    outer loop
      vertex -33.4565 37.1572 19
      vertex -34.7329 35.967 19
      vertex -39.6794 44.0685 9
    endloop
  endfacet
  facet normal 0.672707 -0.721418 -0.164383
    outer loop
      vertex -40.6831 45.1832 0
      vertex -41.1932 42.6568 9
      vertex -42.2352 43.7359 0
    endloop
  endfacet
  facet normal 0.672737 -0.721392 -0.164374
    outer loop
      vertex -40.6831 45.1832 0
      vertex -39.6794 44.0685 9
      vertex -41.1932 42.6568 9
    endloop
  endfacet
  facet normal -0.672727 0.721401 0.164375
    outer loop
      vertex -40.2902 41.7217 24
      vertex -38.8096 43.1024 24
      vertex -43.0688 44.5991 0
    endloop
  endfacet
  facet normal -0.672724 0.721404 0.164375
    outer loop
      vertex -38.8096 43.1024 24
      vertex -41.4861 46.075 0
      vertex -43.0688 44.5991 0
    endloop
  endfacet
  facet normal 0.65608 -0.754692 0
    outer loop
      vertex -36.936 41.0216 21
      vertex -35.4819 42.2857 24
      vertex -36.936 41.0216 24
    endloop
  endfacet
  facet normal 0.65608 -0.754692 0
    outer loop
      vertex -35.4819 42.2857 24
      vertex -36.936 41.0216 21
      vertex -35.4819 42.2857 21
    endloop
  endfacet
  facet normal 0.656079 -0.754692 0
    outer loop
      vertex -33.4565 37.1572 19
      vertex -32.1394 38.3022 21
      vertex -33.4565 37.1572 21
    endloop
  endfacet
  facet normal 0.656079 -0.754692 0
    outer loop
      vertex -32.1394 38.3022 21
      vertex -33.4565 37.1572 19
      vertex -32.1394 38.3022 19
    endloop
  endfacet
  facet normal 0.480444 -0.552693 -0.680958
    outer loop
      vertex -38.1173 45.4264 9
      vertex -33.4565 37.1572 19
      vertex -39.6794 44.0685 9
    endloop
  endfacet
  facet normal 0.480463 -0.552679 -0.680956
    outer loop
      vertex -32.1394 38.3022 19
      vertex -33.4565 37.1572 19
      vertex -38.1173 45.4264 9
    endloop
  endfacet
  facet normal 0.647149 -0.744433 -0.164374
    outer loop
      vertex -39.0815 46.5755 0
      vertex -39.6794 44.0685 9
      vertex -40.6831 45.1832 0
    endloop
  endfacet
  facet normal 0.647131 -0.744447 -0.164379
    outer loop
      vertex -39.0815 46.5755 0
      vertex -38.1173 45.4264 9
      vertex -39.6794 44.0685 9
    endloop
  endfacet
  facet normal -0.64714 0.74444 0.164375
    outer loop
      vertex -38.8096 43.1024 24
      vertex -37.2817 44.4306 24
      vertex -41.4861 46.075 0
    endloop
  endfacet
  facet normal -0.647134 0.744445 0.164374
    outer loop
      vertex -37.2817 44.4306 24
      vertex -39.8528 47.4948 0
      vertex -41.4861 46.075 0
    endloop
  endfacet
  facet normal 0.629298 -0.777164 0
    outer loop
      vertex -35.4819 42.2857 21
      vertex -33.9845 43.4982 24
      vertex -35.4819 42.2857 24
    endloop
  endfacet
  facet normal 0.629298 -0.777164 0
    outer loop
      vertex -33.9845 43.4982 24
      vertex -35.4819 42.2857 21
      vertex -33.9845 43.4982 21
    endloop
  endfacet
  facet normal 0.629317 -0.777149 0
    outer loop
      vertex -32.1394 38.3022 19
      vertex -30.7831 39.4005 21
      vertex -32.1394 38.3022 21
    endloop
  endfacet
  facet normal 0.629317 -0.777149 0
    outer loop
      vertex -30.7831 39.4005 21
      vertex -32.1394 38.3022 19
      vertex -30.7831 39.4005 19
    endloop
  endfacet
  facet normal 0.460863 -0.569126 -0.680956
    outer loop
      vertex -36.5087 46.729 9
      vertex -32.1394 38.3022 19
      vertex -38.1173 45.4264 9
    endloop
  endfacet
  facet normal 0.460864 -0.569125 -0.680956
    outer loop
      vertex -30.7831 39.4005 19
      vertex -32.1394 38.3022 19
      vertex -36.5087 46.729 9
    endloop
  endfacet
  facet normal 0.620738 -0.766592 -0.164379
    outer loop
      vertex -37.4322 47.911 0
      vertex -38.1173 45.4264 9
      vertex -39.0815 46.5755 0
    endloop
  endfacet
  facet normal 0.620755 -0.76658 -0.164374
    outer loop
      vertex -37.4322 47.911 0
      vertex -36.5087 46.729 9
      vertex -38.1173 45.4264 9
    endloop
  endfacet
  facet normal -0.620751 0.766583 0.164374
    outer loop
      vertex -37.2817 44.4306 24
      vertex -35.7084 45.7046 24
      vertex -39.8528 47.4948 0
    endloop
  endfacet
  facet normal -0.620762 0.766574 0.164375
    outer loop
      vertex -35.7084 45.7046 24
      vertex -38.171 48.8567 0
      vertex -39.8528 47.4948 0
    endloop
  endfacet
  facet normal 0.601792 -0.798653 0
    outer loop
      vertex -33.9845 43.4982 21
      vertex -32.4457 44.6577 24
      vertex -33.9845 43.4982 24
    endloop
  endfacet
  facet normal 0.601792 -0.798653 0
    outer loop
      vertex -32.4457 44.6577 24
      vertex -33.9845 43.4982 21
      vertex -32.4457 44.6577 21
    endloop
  endfacet
  facet normal 0.60185 -0.798609 0
    outer loop
      vertex -30.7831 39.4005 19
      vertex -29.3893 40.4509 21
      vertex -30.7831 39.4005 21
    endloop
  endfacet
  facet normal 0.60185 -0.798609 0
    outer loop
      vertex -29.3893 40.4509 21
      vertex -30.7831 39.4005 19
      vertex -29.3893 40.4509 19
    endloop
  endfacet
  facet normal 0.440741 -0.584847 -0.680956
    outer loop
      vertex -34.8557 47.9747 9
      vertex -30.7831 39.4005 19
      vertex -36.5087 46.729 9
    endloop
  endfacet
  facet normal 0.44075 -0.584842 -0.680955
    outer loop
      vertex -29.3893 40.4509 19
      vertex -30.7831 39.4005 19
      vertex -34.8557 47.9747 9
    endloop
  endfacet
  facet normal 0.59363 -0.787772 -0.164374
    outer loop
      vertex -35.7373 49.1882 0
      vertex -36.5087 46.729 9
      vertex -37.4322 47.911 0
    endloop
  endfacet
  facet normal 0.593653 -0.787756 -0.164367
    outer loop
      vertex -35.7373 49.1882 0
      vertex -34.8557 47.9747 9
      vertex -36.5087 46.729 9
    endloop
  endfacet
  facet normal -0.593622 0.787777 0.164375
    outer loop
      vertex -35.7084 45.7046 24
      vertex -34.0915 46.923 24
      vertex -38.171 48.8567 0
    endloop
  endfacet
  facet normal -0.593638 0.787765 0.164377
    outer loop
      vertex -34.0915 46.923 24
      vertex -36.4427 50.1591 0
      vertex -38.171 48.8567 0
    endloop
  endfacet
  facet normal 0.573598 -0.819137 0
    outer loop
      vertex -32.4457 44.6577 21
      vertex -30.8674 45.7629 24
      vertex -32.4457 44.6577 24
    endloop
  endfacet
  facet normal 0.573598 -0.819137 0
    outer loop
      vertex -30.8674 45.7629 24
      vertex -32.4457 44.6577 21
      vertex -30.8674 45.7629 21
    endloop
  endfacet
  facet normal 0.573543 -0.819175 0
    outer loop
      vertex -29.3893 40.4509 19
      vertex -27.9596 41.4519 21
      vertex -29.3893 40.4509 21
    endloop
  endfacet
  facet normal 0.573543 -0.819175 0
    outer loop
      vertex -27.9596 41.4519 21
      vertex -29.3893 40.4509 19
      vertex -27.9596 41.4519 19
    endloop
  endfacet
  facet normal 0.420027 -0.599898 -0.680955
    outer loop
      vertex -33.1601 49.1619 9
      vertex -29.3893 40.4509 19
      vertex -34.8557 47.9747 9
    endloop
  endfacet
  facet normal 0.42002 -0.599902 -0.680956
    outer loop
      vertex -27.9596 41.4519 19
      vertex -29.3893 40.4509 19
      vertex -33.1601 49.1619 9
    endloop
  endfacet
  facet normal 0.565794 -0.807998 -0.164368
    outer loop
      vertex -33.9989 50.4055 0
      vertex -34.8557 47.9747 9
      vertex -35.7373 49.1882 0
    endloop
  endfacet
  facet normal 0.565751 -0.808025 -0.164379
    outer loop
      vertex -33.9989 50.4055 0
      vertex -33.1601 49.1619 9
      vertex -34.8557 47.9747 9
    endloop
  endfacet
  facet normal -0.565789 0.807999 0.164377
    outer loop
      vertex -34.0915 46.923 24
      vertex -32.4332 48.0842 24
      vertex -36.4427 50.1591 0
    endloop
  endfacet
  facet normal -0.565757 0.808022 0.164374
    outer loop
      vertex -32.4332 48.0842 24
      vertex -34.67 51.4003 0
      vertex -36.4427 50.1591 0
    endloop
  endfacet
  facet normal 0.544647 -0.838665 0
    outer loop
      vertex -30.8674 45.7629 21
      vertex -29.2515 46.8123 24
      vertex -30.8674 45.7629 24
    endloop
  endfacet
  facet normal 0.544647 -0.838665 0
    outer loop
      vertex -29.2515 46.8123 24
      vertex -30.8674 45.7629 21
      vertex -29.2515 46.8123 21
    endloop
  endfacet
  facet normal 0.54465 -0.838663 0
    outer loop
      vertex -27.9596 41.4519 19
      vertex -26.496 42.4024 21
      vertex -27.9596 41.4519 21
    endloop
  endfacet
  facet normal 0.54465 -0.838663 0
    outer loop
      vertex -26.496 42.4024 21
      vertex -27.9596 41.4519 19
      vertex -26.496 42.4024 19
    endloop
  endfacet
  facet normal 0.398851 -0.61418 -0.680956
    outer loop
      vertex -31.4242 50.2892 9
      vertex -27.9596 41.4519 19
      vertex -33.1601 49.1619 9
    endloop
  endfacet
  facet normal 0.398861 -0.614175 -0.680954
    outer loop
      vertex -26.496 42.4024 19
      vertex -27.9596 41.4519 19
      vertex -31.4242 50.2892 9
    endloop
  endfacet
  facet normal 0.537225 -0.827266 -0.164379
    outer loop
      vertex -32.2191 51.5613 0
      vertex -33.1601 49.1619 9
      vertex -33.9989 50.4055 0
    endloop
  endfacet
  facet normal 0.537228 -0.827264 -0.164378
    outer loop
      vertex -32.2191 51.5613 0
      vertex -31.4242 50.2892 9
      vertex -33.1601 49.1619 9
    endloop
  endfacet
  facet normal -0.537221 0.82727 0.164374
    outer loop
      vertex -32.4332 48.0842 24
      vertex -30.7353 49.1868 24
      vertex -34.67 51.4003 0
    endloop
  endfacet
  facet normal -0.537239 0.827258 0.164375
    outer loop
      vertex -30.7353 49.1868 24
      vertex -32.855 52.579 0
      vertex -34.67 51.4003 0
    endloop
  endfacet
  facet normal 0.51503 -0.857172 0
    outer loop
      vertex -29.2515 46.8123 21
      vertex -27.6 47.8046 24
      vertex -29.2515 46.8123 24
    endloop
  endfacet
  facet normal 0.51503 -0.857172 0
    outer loop
      vertex -27.6 47.8046 24
      vertex -29.2515 46.8123 21
      vertex -27.6 47.8046 21
    endloop
  endfacet
  facet normal 0.515043 -0.857164 0
    outer loop
      vertex -26.496 42.4024 19
      vertex -25 43.3013 21
      vertex -26.496 42.4024 21
    endloop
  endfacet
  facet normal 0.515043 -0.857164 0
    outer loop
      vertex -25 43.3013 21
      vertex -26.496 42.4024 19
      vertex -25 43.3013 19
    endloop
  endfacet
  facet normal 0.377189 -0.627717 -0.680955
    outer loop
      vertex -29.65 51.3553 9
      vertex -26.496 42.4024 19
      vertex -31.4242 50.2892 9
    endloop
  endfacet
  facet normal 0.377179 -0.627722 -0.680956
    outer loop
      vertex -25 43.3013 19
      vertex -26.496 42.4024 19
      vertex -29.65 51.3553 9
    endloop
  endfacet
  facet normal 0.508023 -0.845513 -0.164378
    outer loop
      vertex -30.4 52.6543 0
      vertex -31.4242 50.2892 9
      vertex -32.2191 51.5613 0
    endloop
  endfacet
  facet normal 0.508051 -0.845497 -0.164371
    outer loop
      vertex -30.4 52.6543 0
      vertex -29.65 51.3553 9
      vertex -31.4242 50.2892 9
    endloop
  endfacet
  facet normal -0.508042 0.845502 0.164375
    outer loop
      vertex -30.7353 49.1868 24
      vertex -29 50.2295 24
      vertex -32.855 52.579 0
    endloop
  endfacet
  facet normal -0.508034 0.845507 0.164375
    outer loop
      vertex -29 50.2295 24
      vertex -31 53.6936 0
      vertex -32.855 52.579 0
    endloop
  endfacet
  facet normal 0.484801 -0.874624 0
    outer loop
      vertex -27.6 47.8046 21
      vertex -25.9148 48.7387 24
      vertex -27.6 47.8046 24
    endloop
  endfacet
  facet normal 0.484801 -0.874624 0
    outer loop
      vertex -25.9148 48.7387 24
      vertex -27.6 47.8046 21
      vertex -25.9148 48.7387 21
    endloop
  endfacet
  facet normal 0.484811 -0.874619 0
    outer loop
      vertex -25 43.3013 19
      vertex -23.4736 44.1474 21
      vertex -25 43.3013 21
    endloop
  endfacet
  facet normal 0.484811 -0.874619 0
    outer loop
      vertex -23.4736 44.1474 21
      vertex -25 43.3013 19
      vertex -23.4736 44.1474 19
    endloop
  endfacet
  facet normal 0.355047 -0.6405 -0.680956
    outer loop
      vertex -27.8397 52.3588 9
      vertex -25 43.3013 19
      vertex -29.65 51.3553 9
    endloop
  endfacet
  facet normal 0.355038 -0.640504 -0.680957
    outer loop
      vertex -23.4736 44.1474 19
      vertex -25 43.3013 19
      vertex -27.8397 52.3588 9
    endloop
  endfacet
  facet normal 0.478232 -0.862714 -0.164371
    outer loop
      vertex -28.5439 53.6832 0
      vertex -29.65 51.3553 9
      vertex -30.4 52.6543 0
    endloop
  endfacet
  facet normal 0.478228 -0.862717 -0.164372
    outer loop
      vertex -28.5439 53.6832 0
      vertex -27.8397 52.3588 9
      vertex -29.65 51.3553 9
    endloop
  endfacet
  facet normal -0.47823 0.862715 0.164375
    outer loop
      vertex -29 50.2295 24
      vertex -27.2294 51.211 24
      vertex -31 53.6936 0
    endloop
  endfacet
  facet normal -0.478217 0.862723 0.164373
    outer loop
      vertex -27.2294 51.211 24
      vertex -29.1072 54.7428 0
      vertex -31 53.6936 0
    endloop
  endfacet
  facet normal 0.45399 -0.891007 0
    outer loop
      vertex -25.9148 48.7387 21
      vertex -24.1981 49.6134 24
      vertex -25.9148 48.7387 24
    endloop
  endfacet
  facet normal 0.45399 -0.891007 0
    outer loop
      vertex -24.1981 49.6134 24
      vertex -25.9148 48.7387 21
      vertex -24.1981 49.6134 21
    endloop
  endfacet
  facet normal 0.453985 -0.891009 0
    outer loop
      vertex -23.4736 44.1474 19
      vertex -21.9186 44.9397 21
      vertex -23.4736 44.1474 21
    endloop
  endfacet
  facet normal 0.453985 -0.891009 0
    outer loop
      vertex -21.9186 44.9397 21
      vertex -23.4736 44.1474 19
      vertex -21.9186 44.9397 19
    endloop
  endfacet
  facet normal 0.332463 -0.652508 -0.680957
    outer loop
      vertex -25.9954 53.2985 9
      vertex -23.4736 44.1474 19
      vertex -27.8397 52.3588 9
    endloop
  endfacet
  facet normal 0.332464 -0.652507 -0.680957
    outer loop
      vertex -21.9186 44.9397 19
      vertex -23.4736 44.1474 19
      vertex -25.9954 53.2985 9
    endloop
  endfacet
  facet normal 0.44783 -0.87888 -0.164372
    outer loop
      vertex -26.653 54.6467 0
      vertex -27.8397 52.3588 9
      vertex -28.5439 53.6832 0
    endloop
  endfacet
  facet normal 0.447808 -0.87889 -0.164378
    outer loop
      vertex -26.653 54.6467 0
      vertex -25.9954 53.2985 9
      vertex -27.8397 52.3588 9
    endloop
  endfacet
  facet normal -0.447803 0.878894 0.164373
    outer loop
      vertex -27.2294 51.211 24
      vertex -25.4255 52.1301 24
      vertex -29.1072 54.7428 0
    endloop
  endfacet
  facet normal -0.447791 0.8789 0.164372
    outer loop
      vertex -25.4255 52.1301 24
      vertex -27.179 55.7252 0
      vertex -29.1072 54.7428 0
    endloop
  endfacet
  facet normal 0.422633 -0.906301 0
    outer loop
      vertex -24.1981 49.6134 21
      vertex -22.4519 50.4277 24
      vertex -24.1981 49.6134 24
    endloop
  endfacet
  facet normal 0.422633 -0.906301 0
    outer loop
      vertex -22.4519 50.4277 24
      vertex -24.1981 49.6134 21
      vertex -22.4519 50.4277 21
    endloop
  endfacet
  facet normal 0.422616 -0.906309 0
    outer loop
      vertex -21.9186 44.9397 19
      vertex -20.3368 45.6773 21
      vertex -21.9186 44.9397 21
    endloop
  endfacet
  facet normal 0.422616 -0.906309 0
    outer loop
      vertex -20.3368 45.6773 21
      vertex -21.9186 44.9397 19
      vertex -20.3368 45.6773 19
    endloop
  endfacet
  facet normal 0.30948 -0.663717 -0.680957
    outer loop
      vertex -24.1195 54.1732 9
      vertex -21.9186 44.9397 19
      vertex -25.9954 53.2985 9
    endloop
  endfacet
  facet normal 0.309492 -0.663713 -0.680955
    outer loop
      vertex -20.3368 45.6773 19
      vertex -21.9186 44.9397 19
      vertex -24.1195 54.1732 9
    endloop
  endfacet
  facet normal 0.416871 -0.893979 -0.164377
    outer loop
      vertex -24.7296 55.5436 0
      vertex -25.9954 53.2985 9
      vertex -26.653 54.6467 0
    endloop
  endfacet
  facet normal 0.416851 -0.893987 -0.164382
    outer loop
      vertex -24.7296 55.5436 0
      vertex -24.1195 54.1732 9
      vertex -25.9954 53.2985 9
    endloop
  endfacet
  facet normal -0.416837 0.893996 0.164372
    outer loop
      vertex -25.4255 52.1301 24
      vertex -23.5907 52.9856 24
      vertex -27.179 55.7252 0
    endloop
  endfacet
  facet normal -0.416881 0.893975 0.164376
    outer loop
      vertex -23.5907 52.9856 24
      vertex -25.2177 56.6398 0
      vertex -27.179 55.7252 0
    endloop
  endfacet
  facet normal 0.39071 -0.920514 0
    outer loop
      vertex -22.4519 50.4277 21
      vertex -20.6783 51.1805 24
      vertex -22.4519 50.4277 24
    endloop
  endfacet
  facet normal 0.39071 -0.920514 0
    outer loop
      vertex -20.6783 51.1805 24
      vertex -22.4519 50.4277 21
      vertex -20.6783 51.1805 21
    endloop
  endfacet
  facet normal 0.390722 -0.920509 0
    outer loop
      vertex -20.3368 45.6773 19
      vertex -18.7303 46.3592 21
      vertex -20.3368 45.6773 21
    endloop
  endfacet
  facet normal 0.390722 -0.920509 0
    outer loop
      vertex -18.7303 46.3592 21
      vertex -20.3368 45.6773 19
      vertex -18.7303 46.3592 19
    endloop
  endfacet
  facet normal 0.286157 -0.674103 -0.680955
    outer loop
      vertex -22.2142 54.982 9
      vertex -20.3368 45.6773 19
      vertex -24.1195 54.1732 9
    endloop
  endfacet
  facet normal 0.286135 -0.67411 -0.680958
    outer loop
      vertex -18.7303 46.3592 19
      vertex -20.3368 45.6773 19
      vertex -22.2142 54.982 9
    endloop
  endfacet
  facet normal 0.385411 -0.907985 -0.164382
    outer loop
      vertex -22.7761 56.3728 0
      vertex -24.1195 54.1732 9
      vertex -24.7296 55.5436 0
    endloop
  endfacet
  facet normal 0.385436 -0.907976 -0.164377
    outer loop
      vertex -22.7761 56.3728 0
      vertex -22.2142 54.982 9
      vertex -24.1195 54.1732 9
    endloop
  endfacet
  facet normal -0.385454 0.907968 0.164376
    outer loop
      vertex -23.5907 52.9856 24
      vertex -21.7272 53.7767 24
      vertex -25.2177 56.6398 0
    endloop
  endfacet
  facet normal -0.385418 0.907984 0.164373
    outer loop
      vertex -21.7272 53.7767 24
      vertex -23.2256 57.4854 0
      vertex -25.2177 56.6398 0
    endloop
  endfacet
  facet normal 0.35837 -0.933579 0
    outer loop
      vertex -20.6783 51.1805 21
      vertex -18.8795 51.871 24
      vertex -20.6783 51.1805 24
    endloop
  endfacet
  facet normal 0.35837 -0.933579 0
    outer loop
      vertex -18.8795 51.871 24
      vertex -20.6783 51.1805 21
      vertex -18.8795 51.871 21
    endloop
  endfacet
  facet normal 0.358353 -0.933586 0
    outer loop
      vertex -18.7303 46.3592 19
      vertex -17.101 46.9846 21
      vertex -18.7303 46.3592 21
    endloop
  endfacet
  facet normal 0.358353 -0.933586 0
    outer loop
      vertex -17.101 46.9846 21
      vertex -18.7303 46.3592 19
      vertex -17.101 46.9846 19
    endloop
  endfacet
  facet normal 0.262448 -0.68368 -0.680958
    outer loop
      vertex -20.2818 55.7238 9
      vertex -18.7303 46.3592 19
      vertex -22.2142 54.982 9
    endloop
  endfacet
  facet normal 0.26243 -0.683685 -0.680959
    outer loop
      vertex -17.101 46.9846 19
      vertex -18.7303 46.3592 19
      vertex -20.2818 55.7238 9
    endloop
  endfacet
  facet normal 0.353473 -0.920889 -0.164377
    outer loop
      vertex -20.7948 57.1333 0
      vertex -22.2142 54.982 9
      vertex -22.7761 56.3728 0
    endloop
  endfacet
  facet normal 0.353503 -0.920879 -0.16437
    outer loop
      vertex -20.7948 57.1333 0
      vertex -20.2818 55.7238 9
      vertex -22.2142 54.982 9
    endloop
  endfacet
  facet normal -0.353492 0.920883 0.164373
    outer loop
      vertex -21.7272 53.7767 24
      vertex -19.8372 54.5022 24
      vertex -23.2256 57.4854 0
    endloop
  endfacet
  facet normal -0.35347 0.920891 0.164371
    outer loop
      vertex -19.8372 54.5022 24
      vertex -21.2052 58.2609 0
      vertex -23.2256 57.4854 0
    endloop
  endfacet
  facet normal 0.32557 -0.945518 0
    outer loop
      vertex -18.8795 51.871 21
      vertex -17.0577 52.4983 24
      vertex -18.8795 51.871 24
    endloop
  endfacet
  facet normal 0.32557 -0.945518 0
    outer loop
      vertex -17.0577 52.4983 24
      vertex -18.8795 51.871 21
      vertex -17.0577 52.4983 21
    endloop
  endfacet
  facet normal 0.325563 -0.94552 0
    outer loop
      vertex -17.101 46.9846 19
      vertex -15.4508 47.5528 21
      vertex -17.101 46.9846 21
    endloop
  endfacet
  facet normal 0.325563 -0.94552 0
    outer loop
      vertex -15.4508 47.5528 21
      vertex -17.101 46.9846 19
      vertex -15.4508 47.5528 19
    endloop
  endfacet
  facet normal 0.238394 -0.692433 -0.680959
    outer loop
      vertex -18.3247 56.3976 9
      vertex -17.101 46.9846 19
      vertex -20.2818 55.7238 9
    endloop
  endfacet
  facet normal 0.238418 -0.692427 -0.680957
    outer loop
      vertex -15.4508 47.5528 19
      vertex -17.101 46.9846 19
      vertex -18.3247 56.3976 9
    endloop
  endfacet
  facet normal 0.321128 -0.932662 -0.16437
    outer loop
      vertex -18.7882 57.8242 0
      vertex -20.2818 55.7238 9
      vertex -20.7948 57.1333 0
    endloop
  endfacet
  facet normal 0.321104 -0.93267 -0.164375
    outer loop
      vertex -18.7882 57.8242 0
      vertex -18.3247 56.3976 9
      vertex -20.2818 55.7238 9
    endloop
  endfacet
  facet normal -0.321135 0.93266 0.164371
    outer loop
      vertex -19.8372 54.5022 24
      vertex -17.923 55.1613 24
      vertex -21.2052 58.2609 0
    endloop
  endfacet
  facet normal -0.321169 0.932648 0.164374
    outer loop
      vertex -17.923 55.1613 24
      vertex -19.1591 58.9655 0
      vertex -21.2052 58.2609 0
    endloop
  endfacet
  facet normal 0.292368 -0.956306 0
    outer loop
      vertex -17.0577 52.4983 21
      vertex -15.2152 53.0616 24
      vertex -17.0577 52.4983 24
    endloop
  endfacet
  facet normal 0.292368 -0.956306 0
    outer loop
      vertex -15.2152 53.0616 24
      vertex -17.0577 52.4983 21
      vertex -15.2152 53.0616 21
    endloop
  endfacet
  facet normal 0.292406 -0.956294 0
    outer loop
      vertex -15.4508 47.5528 19
      vertex -13.7819 48.0631 21
      vertex -15.4508 47.5528 21
    endloop
  endfacet
  facet normal 0.292406 -0.956294 0
    outer loop
      vertex -13.7819 48.0631 21
      vertex -15.4508 47.5528 19
      vertex -13.7819 48.0631 19
    endloop
  endfacet
  facet normal 0.214123 -0.700321 -0.680957
    outer loop
      vertex -16.3453 57.0028 9
      vertex -15.4508 47.5528 19
      vertex -18.3247 56.3976 9
    endloop
  endfacet
  facet normal 0.214136 -0.700318 -0.680955
    outer loop
      vertex -13.7819 48.0631 19
      vertex -15.4508 47.5528 19
      vertex -16.3453 57.0028 9
    endloop
  endfacet
  facet normal 0.288403 -0.943294 -0.164375
    outer loop
      vertex -16.7587 58.4447 0
      vertex -18.3247 56.3976 9
      vertex -18.7882 57.8242 0
    endloop
  endfacet
  facet normal 0.288411 -0.943292 -0.164374
    outer loop
      vertex -16.7587 58.4447 0
      vertex -16.3453 57.0028 9
      vertex -18.3247 56.3976 9
    endloop
  endfacet
  facet normal -0.288397 0.943296 0.164374
    outer loop
      vertex -17.923 55.1613 24
      vertex -15.987 55.7532 24
      vertex -19.1591 58.9655 0
    endloop
  endfacet
  facet normal -0.288378 0.943303 0.164372
    outer loop
      vertex -15.987 55.7532 24
      vertex -17.0895 59.5982 0
      vertex -19.1591 58.9655 0
    endloop
  endfacet
  facet normal 0.258829 -0.965923 0
    outer loop
      vertex -15.2152 53.0616 21
      vertex -13.3541 53.5603 24
      vertex -15.2152 53.0616 24
    endloop
  endfacet
  facet normal 0.258829 -0.965923 0
    outer loop
      vertex -13.3541 53.5603 24
      vertex -15.2152 53.0616 21
      vertex -13.3541 53.5603 21
    endloop
  endfacet
  facet normal 0.258814 -0.965927 0
    outer loop
      vertex -13.7819 48.0631 19
      vertex -12.0961 48.5148 21
      vertex -13.7819 48.0631 21
    endloop
  endfacet
  facet normal 0.258814 -0.965927 0
    outer loop
      vertex -12.0961 48.5148 21
      vertex -13.7819 48.0631 19
      vertex -12.0961 48.5148 19
    endloop
  endfacet
  facet normal 0.189536 -0.707372 -0.680955
    outer loop
      vertex -14.346 57.5385 9
      vertex -13.7819 48.0631 19
      vertex -16.3453 57.0028 9
    endloop
  endfacet
  facet normal 0.189536 -0.707372 -0.680955
    outer loop
      vertex -12.0961 48.5148 19
      vertex -13.7819 48.0631 19
      vertex -14.346 57.5385 9
    endloop
  endfacet
  facet normal 0.255312 -0.952784 -0.164374
    outer loop
      vertex -14.7088 58.994 0
      vertex -16.3453 57.0028 9
      vertex -16.7587 58.4447 0
    endloop
  endfacet
  facet normal 0.255294 -0.952788 -0.164378
    outer loop
      vertex -14.7088 58.994 0
      vertex -14.346 57.5385 9
      vertex -16.3453 57.0028 9
    endloop
  endfacet
  facet normal -0.25531 0.952785 0.164372
    outer loop
      vertex -15.987 55.7532 24
      vertex -14.0315 56.2772 24
      vertex -17.0895 59.5982 0
    endloop
  endfacet
  facet normal -0.255301 0.952787 0.164372
    outer loop
      vertex -14.0315 56.2772 24
      vertex -14.9992 60.1583 0
      vertex -17.0895 59.5982 0
    endloop
  endfacet
  facet normal 0.224935 -0.974374 0
    outer loop
      vertex -13.3541 53.5603 21
      vertex -11.4767 53.9937 24
      vertex -13.3541 53.5603 24
    endloop
  endfacet
  facet normal 0.224935 -0.974374 0
    outer loop
      vertex -11.4767 53.9937 24
      vertex -13.3541 53.5603 21
      vertex -11.4767 53.9937 21
    endloop
  endfacet
  facet normal 0.224956 -0.974369 0
    outer loop
      vertex -12.0961 48.5148 19
      vertex -10.3956 48.9074 21
      vertex -12.0961 48.5148 21
    endloop
  endfacet
  facet normal 0.224956 -0.974369 0
    outer loop
      vertex -10.3956 48.9074 21
      vertex -12.0961 48.5148 19
      vertex -10.3956 48.9074 19
    endloop
  endfacet
  facet normal 0.164732 -0.713557 -0.680955
    outer loop
      vertex -12.3292 58.0041 9
      vertex -12.0961 48.5148 19
      vertex -14.346 57.5385 9
    endloop
  endfacet
  facet normal 0.164741 -0.713556 -0.680954
    outer loop
      vertex -10.3956 48.9074 19
      vertex -12.0961 48.5148 19
      vertex -12.3292 58.0041 9
    endloop
  endfacet
  facet normal 0.221896 -0.961115 -0.164379
    outer loop
      vertex -12.641 59.4714 0
      vertex -14.346 57.5385 9
      vertex -14.7088 58.994 0
    endloop
  endfacet
  facet normal 0.221884 -0.961117 -0.164381
    outer loop
      vertex -12.641 59.4714 0
      vertex -12.3292 58.0041 9
      vertex -14.346 57.5385 9
    endloop
  endfacet
  facet normal -0.221886 0.961118 0.164371
    outer loop
      vertex -14.0315 56.2772 24
      vertex -12.0589 56.7326 24
      vertex -14.9992 60.1583 0
    endloop
  endfacet
  facet normal -0.221878 0.96112 0.164371
    outer loop
      vertex -12.0589 56.7326 24
      vertex -12.8905 60.6451 0
      vertex -14.9992 60.1583 0
    endloop
  endfacet
  facet normal 0.190841 -0.981621 0
    outer loop
      vertex -11.4767 53.9937 21
      vertex -9.58538 54.3614 24
      vertex -11.4767 53.9937 24
    endloop
  endfacet
  facet normal 0.190841 -0.981621 0
    outer loop
      vertex -9.58538 54.3614 24
      vertex -11.4767 53.9937 21
      vertex -9.58538 54.3614 21
    endloop
  endfacet
  facet normal 0.190803 -0.981628 0
    outer loop
      vertex -10.3956 48.9074 19
      vertex -8.68241 49.2404 21
      vertex -10.3956 48.9074 21
    endloop
  endfacet
  facet normal 0.190803 -0.981628 0
    outer loop
      vertex -8.68241 49.2404 21
      vertex -10.3956 48.9074 19
      vertex -8.68241 49.2404 19
    endloop
  endfacet
  facet normal 0.139748 -0.718868 -0.680954
    outer loop
      vertex -10.2973 58.3991 9
      vertex -10.3956 48.9074 19
      vertex -12.3292 58.0041 9
    endloop
  endfacet
  facet normal 0.13973 -0.71887 -0.680956
    outer loop
      vertex -10.2973 58.3991 9
      vertex -8.68241 49.2404 19
      vertex -10.3956 48.9074 19
    endloop
  endfacet
  facet normal 0.188199 -0.968277 -0.164381
    outer loop
      vertex -10.5578 59.8763 0
      vertex -12.3292 58.0041 9
      vertex -12.641 59.4714 0
    endloop
  endfacet
  facet normal 0.188231 -0.968272 -0.164374
    outer loop
      vertex -10.5578 59.8763 0
      vertex -10.2973 58.3991 9
      vertex -12.3292 58.0041 9
    endloop
  endfacet
  facet normal -0.188217 0.968275 0.164371
    outer loop
      vertex -12.0589 56.7326 24
      vertex -10.0716 57.1189 24
      vertex -12.8905 60.6451 0
    endloop
  endfacet
  facet normal -0.188248 0.968269 0.164373
    outer loop
      vertex -10.0716 57.1189 24
      vertex -10.7662 61.0581 0
      vertex -12.8905 60.6451 0
    endloop
  endfacet
  facet normal 0.156429 -0.987689 0
    outer loop
      vertex -9.58538 54.3614 21
      vertex -7.68235 54.6628 24
      vertex -9.58538 54.3614 24
    endloop
  endfacet
  facet normal 0.156429 -0.987689 0
    outer loop
      vertex -7.68235 54.6628 24
      vertex -9.58538 54.3614 21
      vertex -7.68235 54.6628 21
    endloop
  endfacet
  facet normal 0.156425 -0.98769 0
    outer loop
      vertex -8.68241 49.2404 19
      vertex -6.95865 49.5134 21
      vertex -8.68241 49.2404 21
    endloop
  endfacet
  facet normal 0.156425 -0.98769 0
    outer loop
      vertex -6.95865 49.5134 21
      vertex -8.68241 49.2404 19
      vertex -6.95865 49.5134 19
    endloop
  endfacet
  facet normal 0.114564 -0.723307 -0.680956
    outer loop
      vertex -8.25296 58.7229 9
      vertex -8.68241 49.2404 19
      vertex -10.2973 58.3991 9
    endloop
  endfacet
  facet normal 0.114554 -0.723308 -0.680957
    outer loop
      vertex -8.25296 58.7229 9
      vertex -6.95865 49.5134 19
      vertex -8.68241 49.2404 19
    endloop
  endfacet
  facet normal 0.154313 -0.974253 -0.164374
    outer loop
      vertex -8.46172 60.2083 0
      vertex -10.2973 58.3991 9
      vertex -10.5578 59.8763 0
    endloop
  endfacet
  facet normal 0.154311 -0.974253 -0.164374
    outer loop
      vertex -8.46172 60.2083 0
      vertex -8.25296 58.7229 9
      vertex -10.2973 58.3991 9
    endloop
  endfacet
  facet normal -0.15426 0.974261 0.164373
    outer loop
      vertex -10.0716 57.1189 24
      vertex -8.07204 57.4355 24
      vertex -10.7662 61.0581 0
    endloop
  endfacet
  facet normal -0.154288 0.974257 0.164376
    outer loop
      vertex -8.07204 57.4355 24
      vertex -8.62873 61.3966 0
      vertex -10.7662 61.0581 0
    endloop
  endfacet
  facet normal 0.121864 -0.992547 0
    outer loop
      vertex -7.68235 54.6628 21
      vertex -5.76997 54.8976 24
      vertex -7.68235 54.6628 24
    endloop
  endfacet
  facet normal 0.121864 -0.992547 0
    outer loop
      vertex -5.76997 54.8976 24
      vertex -7.68235 54.6628 21
      vertex -5.76997 54.8976 21
    endloop
  endfacet
  facet normal 0.121874 -0.992546 0
    outer loop
      vertex -6.95865 49.5134 19
      vertex -5.22642 49.7261 21
      vertex -6.95865 49.5134 21
    endloop
  endfacet
  facet normal 0.121874 -0.992546 0
    outer loop
      vertex -5.22642 49.7261 21
      vertex -6.95865 49.5134 19
      vertex -5.22642 49.7261 19
    endloop
  endfacet
  facet normal 0.08923 -0.726867 -0.680957
    outer loop
      vertex -6.19854 58.9751 9
      vertex -6.95865 49.5134 19
      vertex -8.25296 58.7229 9
    endloop
  endfacet
  facet normal 0.0892517 -0.726866 -0.680955
    outer loop
      vertex -6.19854 58.9751 9
      vertex -5.22642 49.7261 19
      vertex -6.95865 49.5134 19
    endloop
  endfacet
  facet normal 0.120197 -0.979047 -0.164374
    outer loop
      vertex -6.35533 60.4669 0
      vertex -8.25296 58.7229 9
      vertex -8.46172 60.2083 0
    endloop
  endfacet
  facet normal 0.120188 -0.979048 -0.164376
    outer loop
      vertex -6.35533 60.4669 0
      vertex -6.19854 58.9751 9
      vertex -8.25296 58.7229 9
    endloop
  endfacet
  facet normal -0.120249 0.979041 0.164376
    outer loop
      vertex -8.07204 57.4355 24
      vertex -6.06265 57.6823 24
      vertex -8.62873 61.3966 0
    endloop
  endfacet
  facet normal -0.12024 0.979042 0.164375
    outer loop
      vertex -6.06265 57.6823 24
      vertex -6.48076 61.6604 0
      vertex -8.62873 61.3966 0
    endloop
  endfacet
  facet normal 0.087142 -0.996196 0
    outer loop
      vertex -5.76997 54.8976 21
      vertex -3.85056 55.0655 24
      vertex -5.76997 54.8976 24
    endloop
  endfacet
  facet normal 0.087142 -0.996196 0
    outer loop
      vertex -3.85056 55.0655 24
      vertex -5.76997 54.8976 21
      vertex -3.85056 55.0655 21
    endloop
  endfacet
  facet normal 0.0871513 -0.996195 0
    outer loop
      vertex -5.22642 49.7261 19
      vertex -3.48782 49.8782 21
      vertex -5.22642 49.7261 21
    endloop
  endfacet
  facet normal 0.0871513 -0.996195 0
    outer loop
      vertex -3.48782 49.8782 21
      vertex -5.22642 49.7261 19
      vertex -3.48782 49.8782 19
    endloop
  endfacet
  facet normal 0.0638264 -0.729539 -0.680955
    outer loop
      vertex -4.13656 59.1555 9
      vertex -5.22642 49.7261 19
      vertex -6.19854 58.9751 9
    endloop
  endfacet
  facet normal 0.0638231 -0.729539 -0.680955
    outer loop
      vertex -4.13656 59.1555 9
      vertex -3.48782 49.8782 19
      vertex -5.22642 49.7261 19
    endloop
  endfacet
  facet normal 0.0859872 -0.982643 -0.164376
    outer loop
      vertex -4.24119 60.6519 0
      vertex -6.19854 58.9751 9
      vertex -6.35533 60.4669 0
    endloop
  endfacet
  facet normal 0.0859702 -0.982643 -0.16438
    outer loop
      vertex -4.24119 60.6519 0
      vertex -4.13656 59.1555 9
      vertex -6.19854 58.9751 9
    endloop
  endfacet
  facet normal -0.0859483 0.982646 0.164375
    outer loop
      vertex -6.06265 57.6823 24
      vertex -4.04587 57.8587 24
      vertex -6.48076 61.6604 0
    endloop
  endfacet
  facet normal -0.0859642 0.982645 0.164376
    outer loop
      vertex -4.04587 57.8587 24
      vertex -4.3249 61.849 0
      vertex -6.48076 61.6604 0
    endloop
  endfacet
  facet normal 0.0523679 -0.998628 0
    outer loop
      vertex -3.85056 55.0655 21
      vertex -1.92645 55.1664 24
      vertex -3.85056 55.0655 24
    endloop
  endfacet
  facet normal 0.0523679 -0.998628 0
    outer loop
      vertex -1.92645 55.1664 24
      vertex -3.85056 55.0655 21
      vertex -1.92645 55.1664 21
    endloop
  endfacet
  facet normal 0.0523137 -0.998631 0
    outer loop
      vertex -3.48782 49.8782 19
      vertex -1.74497 49.9695 21
      vertex -3.48782 49.8782 21
    endloop
  endfacet
  facet normal 0.0523137 -0.998631 0
    outer loop
      vertex -1.74497 49.9695 21
      vertex -3.48782 49.8782 19
      vertex -1.74497 49.9695 19
    endloop
  endfacet
  facet normal 0.0383524 -0.73132 -0.680955
    outer loop
      vertex -2.06954 59.2639 9
      vertex -3.48782 49.8782 19
      vertex -4.13656 59.1555 9
    endloop
  endfacet
  facet normal 0.0383104 -0.731318 -0.68096
    outer loop
      vertex -2.06954 59.2639 9
      vertex -1.74497 49.9695 19
      vertex -3.48782 49.8782 19
    endloop
  endfacet
  facet normal 0.051639 -0.985044 -0.16438
    outer loop
      vertex -2.12189 60.763 0
      vertex -4.13656 59.1555 9
      vertex -4.24119 60.6519 0
    endloop
  endfacet
  facet normal 0.0516583 -0.985044 -0.164376
    outer loop
      vertex -2.12189 60.763 0
      vertex -2.06954 59.2639 9
      vertex -4.13656 59.1555 9
    endloop
  endfacet
  facet normal -0.051647 0.985045 0.164376
    outer loop
      vertex -4.04587 57.8587 24
      vertex -2.02417 57.9647 24
      vertex -4.3249 61.849 0
    endloop
  endfacet
  facet normal -0.0515968 0.985048 0.164372
    outer loop
      vertex -2.02417 57.9647 24
      vertex -2.16377 61.9622 0
      vertex -4.3249 61.849 0
    endloop
  endfacet
  facet normal 0.0174388 -0.999848 0
    outer loop
      vertex -1.92645 55.1664 21
      vertex 0 55.2 24
      vertex -1.92645 55.1664 24
    endloop
  endfacet
  facet normal 0.0174388 -0.999848 0
    outer loop
      vertex 0 55.2 24
      vertex -1.92645 55.1664 21
      vertex 0 55.2 21
    endloop
  endfacet
  facet normal 0.0174761 -0.999847 0
    outer loop
      vertex -1.74497 49.9695 19
      vertex 0 50 21
      vertex -1.74497 49.9695 21
    endloop
  endfacet
  facet normal 0.0174761 -0.999847 0
    outer loop
      vertex 0 50 21
      vertex -1.74497 49.9695 19
      vertex 0 50 19
    endloop
  endfacet
  facet normal 0.0127723 -0.73221 -0.68096
    outer loop
      vertex 0 59.3 9
      vertex -1.74497 49.9695 19
      vertex -2.06954 59.2639 9
    endloop
  endfacet
  facet normal 0.0127982 -0.732212 -0.680957
    outer loop
      vertex 0 59.3 9
      vertex 0 50 19
      vertex -1.74497 49.9695 19
    endloop
  endfacet
  facet normal 0.0171975 -0.986248 -0.164376
    outer loop
      vertex 0 60.8 0
      vertex -2.06954 59.2639 9
      vertex -2.12189 60.763 0
    endloop
  endfacet
  facet normal 0.0172036 -0.986248 -0.164375
    outer loop
      vertex 0 60.8 0
      vertex 0 59.3 9
      vertex -2.06954 59.2639 9
    endloop
  endfacet
  facet normal -0.0171994 0.986248 0.164372
    outer loop
      vertex -2.02417 57.9647 24
      vertex 0 58 24
      vertex -2.16377 61.9622 0
    endloop
  endfacet
  facet normal -0.0172293 0.986248 0.164375
    outer loop
      vertex 0 58 24
      vertex 0 62 0
      vertex -2.16377 61.9622 0
    endloop
  endfacet
  facet normal -0.0174388 -0.999848 0
    outer loop
      vertex 0 55.2 21
      vertex 1.92645 55.1664 24
      vertex 0 55.2 24
    endloop
  endfacet
  facet normal -0.0174388 -0.999848 -0
    outer loop
      vertex 1.92645 55.1664 24
      vertex 0 55.2 21
      vertex 1.92645 55.1664 21
    endloop
  endfacet
  facet normal -0.0174761 -0.999847 0
    outer loop
      vertex 0 50 19
      vertex 1.74497 49.9695 21
      vertex 0 50 21
    endloop
  endfacet
  facet normal -0.0174761 -0.999847 -0
    outer loop
      vertex 1.74497 49.9695 21
      vertex 0 50 19
      vertex 1.74497 49.9695 19
    endloop
  endfacet
  facet normal -0.0127723 -0.732212 -0.680957
    outer loop
      vertex 0 59.3 9
      vertex 2.06954 59.2639 9
      vertex 0 50 19
    endloop
  endfacet
  facet normal -0.0127981 -0.732209 -0.68096
    outer loop
      vertex 2.06954 59.2639 9
      vertex 1.74497 49.9695 19
      vertex 0 50 19
    endloop
  endfacet
  facet normal -0.0171975 -0.986248 -0.164375
    outer loop
      vertex 0 60.8 0
      vertex 2.12189 60.763 0
      vertex 0 59.3 9
    endloop
  endfacet
  facet normal -0.0172036 -0.986248 -0.164376
    outer loop
      vertex 2.12189 60.763 0
      vertex 2.06954 59.2639 9
      vertex 0 59.3 9
    endloop
  endfacet
  facet normal 0.0171994 0.986248 0.164375
    outer loop
      vertex 2.02417 57.9647 24
      vertex 0 62 0
      vertex 0 58 24
    endloop
  endfacet
  facet normal 0.0172293 0.986248 0.164372
    outer loop
      vertex 2.02417 57.9647 24
      vertex 2.16377 61.9622 0
      vertex 0 62 0
    endloop
  endfacet
  facet normal -0.0523679 -0.998628 0
    outer loop
      vertex 1.92645 55.1664 21
      vertex 3.85056 55.0655 24
      vertex 1.92645 55.1664 24
    endloop
  endfacet
  facet normal -0.0523679 -0.998628 -0
    outer loop
      vertex 3.85056 55.0655 24
      vertex 1.92645 55.1664 21
      vertex 3.85056 55.0655 21
    endloop
  endfacet
  facet normal -0.0523137 -0.998631 0
    outer loop
      vertex 1.74497 49.9695 19
      vertex 3.48782 49.8782 21
      vertex 1.74497 49.9695 21
    endloop
  endfacet
  facet normal -0.0523137 -0.998631 -0
    outer loop
      vertex 3.48782 49.8782 21
      vertex 1.74497 49.9695 19
      vertex 3.48782 49.8782 19
    endloop
  endfacet
  facet normal -0.0383522 -0.731316 -0.680959
    outer loop
      vertex 2.06954 59.2639 9
      vertex 4.13656 59.1555 9
      vertex 1.74497 49.9695 19
    endloop
  endfacet
  facet normal -0.0383107 -0.731322 -0.680955
    outer loop
      vertex 4.13656 59.1555 9
      vertex 3.48782 49.8782 19
      vertex 1.74497 49.9695 19
    endloop
  endfacet
  facet normal -0.051639 -0.985045 -0.164376
    outer loop
      vertex 2.12189 60.763 0
      vertex 4.24119 60.6519 0
      vertex 2.06954 59.2639 9
    endloop
  endfacet
  facet normal -0.0516583 -0.985043 -0.16438
    outer loop
      vertex 4.24119 60.6519 0
      vertex 4.13656 59.1555 9
      vertex 2.06954 59.2639 9
    endloop
  endfacet
  facet normal 0.051647 0.985045 0.164372
    outer loop
      vertex 4.04587 57.8587 24
      vertex 2.16377 61.9622 0
      vertex 2.02417 57.9647 24
    endloop
  endfacet
  facet normal 0.0515968 0.985047 0.164376
    outer loop
      vertex 4.04587 57.8587 24
      vertex 4.3249 61.849 0
      vertex 2.16377 61.9622 0
    endloop
  endfacet
  facet normal -0.087142 -0.996196 0
    outer loop
      vertex 3.85056 55.0655 21
      vertex 5.76997 54.8976 24
      vertex 3.85056 55.0655 24
    endloop
  endfacet
  facet normal -0.087142 -0.996196 -0
    outer loop
      vertex 5.76997 54.8976 24
      vertex 3.85056 55.0655 21
      vertex 5.76997 54.8976 21
    endloop
  endfacet
  facet normal -0.0871513 -0.996195 0
    outer loop
      vertex 3.48782 49.8782 19
      vertex 5.22642 49.7261 21
      vertex 3.48782 49.8782 21
    endloop
  endfacet
  facet normal -0.0871513 -0.996195 -0
    outer loop
      vertex 5.22642 49.7261 21
      vertex 3.48782 49.8782 19
      vertex 5.22642 49.7261 19
    endloop
  endfacet
  facet normal -0.0638264 -0.729538 -0.680955
    outer loop
      vertex 4.13656 59.1555 9
      vertex 6.19854 58.9751 9
      vertex 3.48782 49.8782 19
    endloop
  endfacet
  facet normal -0.0638231 -0.729539 -0.680955
    outer loop
      vertex 6.19854 58.9751 9
      vertex 5.22642 49.7261 19
      vertex 3.48782 49.8782 19
    endloop
  endfacet
  facet normal -0.0859871 -0.982642 -0.16438
    outer loop
      vertex 4.24119 60.6519 0
      vertex 6.35533 60.4669 0
      vertex 4.13656 59.1555 9
    endloop
  endfacet
  facet normal -0.0859703 -0.982644 -0.164376
    outer loop
      vertex 6.35533 60.4669 0
      vertex 6.19854 58.9751 9
      vertex 4.13656 59.1555 9
    endloop
  endfacet
  facet normal 0.0859483 0.982646 0.164376
    outer loop
      vertex 6.06265 57.6823 24
      vertex 4.3249 61.849 0
      vertex 4.04587 57.8587 24
    endloop
  endfacet
  facet normal 0.0859642 0.982645 0.164375
    outer loop
      vertex 6.06265 57.6823 24
      vertex 6.48076 61.6604 0
      vertex 4.3249 61.849 0
    endloop
  endfacet
  facet normal -0.121864 -0.992547 0
    outer loop
      vertex 5.76997 54.8976 21
      vertex 7.68235 54.6628 24
      vertex 5.76997 54.8976 24
    endloop
  endfacet
  facet normal -0.121864 -0.992547 -0
    outer loop
      vertex 7.68235 54.6628 24
      vertex 5.76997 54.8976 21
      vertex 7.68235 54.6628 21
    endloop
  endfacet
  facet normal -0.121874 -0.992546 0
    outer loop
      vertex 5.22642 49.7261 19
      vertex 6.95865 49.5134 21
      vertex 5.22642 49.7261 21
    endloop
  endfacet
  facet normal -0.121874 -0.992546 -0
    outer loop
      vertex 6.95865 49.5134 21
      vertex 5.22642 49.7261 19
      vertex 6.95865 49.5134 19
    endloop
  endfacet
  facet normal -0.0892302 -0.726869 -0.680955
    outer loop
      vertex 6.19854 58.9751 9
      vertex 8.25296 58.7229 9
      vertex 5.22642 49.7261 19
    endloop
  endfacet
  facet normal -0.0892514 -0.726864 -0.680957
    outer loop
      vertex 8.25296 58.7229 9
      vertex 6.95865 49.5134 19
      vertex 5.22642 49.7261 19
    endloop
  endfacet
  facet normal -0.120197 -0.979047 -0.164376
    outer loop
      vertex 6.35533 60.4669 0
      vertex 8.46172 60.2083 0
      vertex 6.19854 58.9751 9
    endloop
  endfacet
  facet normal -0.120188 -0.979049 -0.164374
    outer loop
      vertex 8.46172 60.2083 0
      vertex 8.25296 58.7229 9
      vertex 6.19854 58.9751 9
    endloop
  endfacet
  facet normal 0.120249 0.979041 0.164375
    outer loop
      vertex 8.07204 57.4355 24
      vertex 6.48076 61.6604 0
      vertex 6.06265 57.6823 24
    endloop
  endfacet
  facet normal 0.12024 0.979042 0.164376
    outer loop
      vertex 8.07204 57.4355 24
      vertex 8.62873 61.3966 0
      vertex 6.48076 61.6604 0
    endloop
  endfacet
  facet normal -0.156429 -0.987689 0
    outer loop
      vertex 7.68235 54.6628 21
      vertex 9.58538 54.3614 24
      vertex 7.68235 54.6628 24
    endloop
  endfacet
  facet normal -0.156429 -0.987689 -0
    outer loop
      vertex 9.58538 54.3614 24
      vertex 7.68235 54.6628 21
      vertex 9.58538 54.3614 21
    endloop
  endfacet
  facet normal -0.156425 -0.98769 0
    outer loop
      vertex 6.95865 49.5134 19
      vertex 8.68241 49.2404 21
      vertex 6.95865 49.5134 21
    endloop
  endfacet
  facet normal -0.156425 -0.98769 -0
    outer loop
      vertex 8.68241 49.2404 21
      vertex 6.95865 49.5134 19
      vertex 8.68241 49.2404 19
    endloop
  endfacet
  facet normal -0.114563 -0.723307 -0.680957
    outer loop
      vertex 8.25296 58.7229 9
      vertex 10.2973 58.3991 9
      vertex 6.95865 49.5134 19
    endloop
  endfacet
  facet normal -0.114554 -0.723309 -0.680956
    outer loop
      vertex 10.2973 58.3991 9
      vertex 8.68241 49.2404 19
      vertex 6.95865 49.5134 19
    endloop
  endfacet
  facet normal -0.154313 -0.974253 -0.164374
    outer loop
      vertex 8.46172 60.2083 0
      vertex 10.5578 59.8763 0
      vertex 8.25296 58.7229 9
    endloop
  endfacet
  facet normal -0.154311 -0.974253 -0.164374
    outer loop
      vertex 10.5578 59.8763 0
      vertex 10.2973 58.3991 9
      vertex 8.25296 58.7229 9
    endloop
  endfacet
  facet normal 0.154259 0.974261 0.164376
    outer loop
      vertex 10.0716 57.1189 24
      vertex 8.62873 61.3966 0
      vertex 8.07204 57.4355 24
    endloop
  endfacet
  facet normal 0.154288 0.974257 0.164373
    outer loop
      vertex 10.0716 57.1189 24
      vertex 10.7662 61.0581 0
      vertex 8.62873 61.3966 0
    endloop
  endfacet
  facet normal -0.190841 -0.981621 0
    outer loop
      vertex 9.58538 54.3614 21
      vertex 11.4767 53.9937 24
      vertex 9.58538 54.3614 24
    endloop
  endfacet
  facet normal -0.190841 -0.981621 -0
    outer loop
      vertex 11.4767 53.9937 24
      vertex 9.58538 54.3614 21
      vertex 11.4767 53.9937 21
    endloop
  endfacet
  facet normal -0.190803 -0.981628 0
    outer loop
      vertex 8.68241 49.2404 19
      vertex 10.3956 48.9074 21
      vertex 8.68241 49.2404 21
    endloop
  endfacet
  facet normal -0.190803 -0.981628 -0
    outer loop
      vertex 10.3956 48.9074 21
      vertex 8.68241 49.2404 19
      vertex 10.3956 48.9074 19
    endloop
  endfacet
  facet normal -0.139747 -0.718867 -0.680956
    outer loop
      vertex 10.2973 58.3991 9
      vertex 12.3292 58.0041 9
      vertex 8.68241 49.2404 19
    endloop
  endfacet
  facet normal -0.13973 -0.718872 -0.680954
    outer loop
      vertex 12.3292 58.0041 9
      vertex 10.3956 48.9074 19
      vertex 8.68241 49.2404 19
    endloop
  endfacet
  facet normal -0.188199 -0.968278 -0.164374
    outer loop
      vertex 10.5578 59.8763 0
      vertex 12.641 59.4714 0
      vertex 10.2973 58.3991 9
    endloop
  endfacet
  facet normal -0.188231 -0.96827 -0.164382
    outer loop
      vertex 12.641 59.4714 0
      vertex 12.3292 58.0041 9
      vertex 10.2973 58.3991 9
    endloop
  endfacet
  facet normal 0.188217 0.968275 0.164373
    outer loop
      vertex 12.0589 56.7326 24
      vertex 10.7662 61.0581 0
      vertex 10.0716 57.1189 24
    endloop
  endfacet
  facet normal 0.188248 0.968269 0.164371
    outer loop
      vertex 12.0589 56.7326 24
      vertex 12.8905 60.6451 0
      vertex 10.7662 61.0581 0
    endloop
  endfacet
  facet normal -0.224935 -0.974374 0
    outer loop
      vertex 11.4767 53.9937 21
      vertex 13.3541 53.5603 24
      vertex 11.4767 53.9937 24
    endloop
  endfacet
  facet normal -0.224935 -0.974374 -0
    outer loop
      vertex 13.3541 53.5603 24
      vertex 11.4767 53.9937 21
      vertex 13.3541 53.5603 21
    endloop
  endfacet
  facet normal -0.224956 -0.974369 0
    outer loop
      vertex 10.3956 48.9074 19
      vertex 12.0961 48.5148 21
      vertex 10.3956 48.9074 21
    endloop
  endfacet
  facet normal -0.224956 -0.974369 -0
    outer loop
      vertex 12.0961 48.5148 21
      vertex 10.3956 48.9074 19
      vertex 12.0961 48.5148 19
    endloop
  endfacet
  facet normal -0.164732 -0.713557 -0.680954
    outer loop
      vertex 12.3292 58.0041 9
      vertex 14.346 57.5385 9
      vertex 10.3956 48.9074 19
    endloop
  endfacet
  facet normal -0.164741 -0.713555 -0.680955
    outer loop
      vertex 14.346 57.5385 9
      vertex 12.0961 48.5148 19
      vertex 10.3956 48.9074 19
    endloop
  endfacet
  facet normal -0.221896 -0.961115 -0.164381
    outer loop
      vertex 12.641 59.4714 0
      vertex 14.7088 58.994 0
      vertex 12.3292 58.0041 9
    endloop
  endfacet
  facet normal -0.221884 -0.961118 -0.164378
    outer loop
      vertex 14.7088 58.994 0
      vertex 14.346 57.5385 9
      vertex 12.3292 58.0041 9
    endloop
  endfacet
  facet normal 0.221887 0.961118 0.164371
    outer loop
      vertex 14.0315 56.2772 24
      vertex 12.8905 60.6451 0
      vertex 12.0589 56.7326 24
    endloop
  endfacet
  facet normal 0.221878 0.96112 0.164371
    outer loop
      vertex 14.0315 56.2772 24
      vertex 14.9992 60.1583 0
      vertex 12.8905 60.6451 0
    endloop
  endfacet
  facet normal -0.258829 -0.965923 0
    outer loop
      vertex 13.3541 53.5603 21
      vertex 15.2152 53.0616 24
      vertex 13.3541 53.5603 24
    endloop
  endfacet
  facet normal -0.258829 -0.965923 -0
    outer loop
      vertex 15.2152 53.0616 24
      vertex 13.3541 53.5603 21
      vertex 15.2152 53.0616 21
    endloop
  endfacet
  facet normal -0.258814 -0.965927 0
    outer loop
      vertex 12.0961 48.5148 19
      vertex 13.7819 48.0631 21
      vertex 12.0961 48.5148 21
    endloop
  endfacet
  facet normal -0.258814 -0.965927 -0
    outer loop
      vertex 13.7819 48.0631 21
      vertex 12.0961 48.5148 19
      vertex 13.7819 48.0631 19
    endloop
  endfacet
  facet normal -0.189536 -0.707372 -0.680955
    outer loop
      vertex 14.346 57.5385 9
      vertex 16.3453 57.0028 9
      vertex 12.0961 48.5148 19
    endloop
  endfacet
  facet normal -0.189536 -0.707372 -0.680955
    outer loop
      vertex 16.3453 57.0028 9
      vertex 13.7819 48.0631 19
      vertex 12.0961 48.5148 19
    endloop
  endfacet
  facet normal -0.255312 -0.952783 -0.164378
    outer loop
      vertex 14.7088 58.994 0
      vertex 16.7587 58.4447 0
      vertex 14.346 57.5385 9
    endloop
  endfacet
  facet normal -0.255294 -0.952789 -0.164374
    outer loop
      vertex 16.7587 58.4447 0
      vertex 16.3453 57.0028 9
      vertex 14.346 57.5385 9
    endloop
  endfacet
  facet normal 0.25531 0.952785 0.164372
    outer loop
      vertex 15.987 55.7532 24
      vertex 14.9992 60.1583 0
      vertex 14.0315 56.2772 24
    endloop
  endfacet
  facet normal 0.255301 0.952787 0.164372
    outer loop
      vertex 15.987 55.7532 24
      vertex 17.0895 59.5982 0
      vertex 14.9992 60.1583 0
    endloop
  endfacet
  facet normal -0.292368 -0.956306 0
    outer loop
      vertex 15.2152 53.0616 21
      vertex 17.0577 52.4983 24
      vertex 15.2152 53.0616 24
    endloop
  endfacet
  facet normal -0.292368 -0.956306 -0
    outer loop
      vertex 17.0577 52.4983 24
      vertex 15.2152 53.0616 21
      vertex 17.0577 52.4983 21
    endloop
  endfacet
  facet normal -0.292406 -0.956294 0
    outer loop
      vertex 13.7819 48.0631 19
      vertex 15.4508 47.5528 21
      vertex 13.7819 48.0631 21
    endloop
  endfacet
  facet normal -0.292406 -0.956294 -0
    outer loop
      vertex 15.4508 47.5528 21
      vertex 13.7819 48.0631 19
      vertex 15.4508 47.5528 19
    endloop
  endfacet
  facet normal -0.214123 -0.700322 -0.680955
    outer loop
      vertex 16.3453 57.0028 9
      vertex 18.3247 56.3976 9
      vertex 13.7819 48.0631 19
    endloop
  endfacet
  facet normal -0.214136 -0.700317 -0.680957
    outer loop
      vertex 18.3247 56.3976 9
      vertex 15.4508 47.5528 19
      vertex 13.7819 48.0631 19
    endloop
  endfacet
  facet normal -0.288403 -0.943295 -0.164374
    outer loop
      vertex 16.7587 58.4447 0
      vertex 18.7882 57.8242 0
      vertex 16.3453 57.0028 9
    endloop
  endfacet
  facet normal -0.288411 -0.943292 -0.164375
    outer loop
      vertex 18.7882 57.8242 0
      vertex 18.3247 56.3976 9
      vertex 16.3453 57.0028 9
    endloop
  endfacet
  facet normal 0.288397 0.943297 0.164372
    outer loop
      vertex 17.923 55.1613 24
      vertex 17.0895 59.5982 0
      vertex 15.987 55.7532 24
    endloop
  endfacet
  facet normal 0.288378 0.943302 0.164374
    outer loop
      vertex 17.923 55.1613 24
      vertex 19.1591 58.9655 0
      vertex 17.0895 59.5982 0
    endloop
  endfacet
  facet normal -0.32557 -0.945518 0
    outer loop
      vertex 17.0577 52.4983 21
      vertex 18.8795 51.871 24
      vertex 17.0577 52.4983 24
    endloop
  endfacet
  facet normal -0.32557 -0.945518 -0
    outer loop
      vertex 18.8795 51.871 24
      vertex 17.0577 52.4983 21
      vertex 18.8795 51.871 21
    endloop
  endfacet
  facet normal -0.325563 -0.94552 0
    outer loop
      vertex 15.4508 47.5528 19
      vertex 17.101 46.9846 21
      vertex 15.4508 47.5528 21
    endloop
  endfacet
  facet normal -0.325563 -0.94552 -0
    outer loop
      vertex 17.101 46.9846 21
      vertex 15.4508 47.5528 19
      vertex 17.101 46.9846 19
    endloop
  endfacet
  facet normal -0.238395 -0.692435 -0.680957
    outer loop
      vertex 18.3247 56.3976 9
      vertex 20.2818 55.7238 9
      vertex 15.4508 47.5528 19
    endloop
  endfacet
  facet normal -0.238417 -0.692425 -0.680959
    outer loop
      vertex 20.2818 55.7238 9
      vertex 17.101 46.9846 19
      vertex 15.4508 47.5528 19
    endloop
  endfacet
  facet normal -0.321128 -0.932661 -0.164375
    outer loop
      vertex 18.7882 57.8242 0
      vertex 20.7948 57.1333 0
      vertex 18.3247 56.3976 9
    endloop
  endfacet
  facet normal -0.321104 -0.932671 -0.16437
    outer loop
      vertex 20.7948 57.1333 0
      vertex 20.2818 55.7238 9
      vertex 18.3247 56.3976 9
    endloop
  endfacet
  facet normal 0.321135 0.932659 0.164374
    outer loop
      vertex 19.8372 54.5022 24
      vertex 19.1591 58.9655 0
      vertex 17.923 55.1613 24
    endloop
  endfacet
  facet normal 0.321169 0.932648 0.164371
    outer loop
      vertex 19.8372 54.5022 24
      vertex 21.2052 58.2609 0
      vertex 19.1591 58.9655 0
    endloop
  endfacet
  facet normal -0.35837 -0.933579 0
    outer loop
      vertex 18.8795 51.871 21
      vertex 20.6783 51.1805 24
      vertex 18.8795 51.871 24
    endloop
  endfacet
  facet normal -0.35837 -0.933579 -0
    outer loop
      vertex 20.6783 51.1805 24
      vertex 18.8795 51.871 21
      vertex 20.6783 51.1805 21
    endloop
  endfacet
  facet normal -0.358353 -0.933586 0
    outer loop
      vertex 17.101 46.9846 19
      vertex 18.7303 46.3592 21
      vertex 17.101 46.9846 21
    endloop
  endfacet
  facet normal -0.358353 -0.933586 -0
    outer loop
      vertex 18.7303 46.3592 21
      vertex 17.101 46.9846 19
      vertex 18.7303 46.3592 19
    endloop
  endfacet
  facet normal -0.262447 -0.683678 -0.680959
    outer loop
      vertex 20.2818 55.7238 9
      vertex 22.2142 54.982 9
      vertex 17.101 46.9846 19
    endloop
  endfacet
  facet normal -0.26243 -0.683687 -0.680957
    outer loop
      vertex 22.2142 54.982 9
      vertex 18.7303 46.3592 19
      vertex 17.101 46.9846 19
    endloop
  endfacet
  facet normal -0.353474 -0.92089 -0.16437
    outer loop
      vertex 20.7948 57.1333 0
      vertex 22.7761 56.3728 0
      vertex 20.2818 55.7238 9
    endloop
  endfacet
  facet normal -0.353502 -0.920878 -0.164377
    outer loop
      vertex 22.7761 56.3728 0
      vertex 22.2142 54.982 9
      vertex 20.2818 55.7238 9
    endloop
  endfacet
  facet normal 0.353492 0.920883 0.164371
    outer loop
      vertex 21.7272 53.7767 24
      vertex 21.2052 58.2609 0
      vertex 19.8372 54.5022 24
    endloop
  endfacet
  facet normal 0.35347 0.920891 0.164373
    outer loop
      vertex 21.7272 53.7767 24
      vertex 23.2256 57.4854 0
      vertex 21.2052 58.2609 0
    endloop
  endfacet
  facet normal -0.39071 -0.920514 0
    outer loop
      vertex 20.6783 51.1805 21
      vertex 22.4519 50.4277 24
      vertex 20.6783 51.1805 24
    endloop
  endfacet
  facet normal -0.39071 -0.920514 -0
    outer loop
      vertex 22.4519 50.4277 24
      vertex 20.6783 51.1805 21
      vertex 22.4519 50.4277 21
    endloop
  endfacet
  facet normal -0.390722 -0.920509 0
    outer loop
      vertex 18.7303 46.3592 19
      vertex 20.3368 45.6773 21
      vertex 18.7303 46.3592 21
    endloop
  endfacet
  facet normal -0.390722 -0.920509 -0
    outer loop
      vertex 20.3368 45.6773 21
      vertex 18.7303 46.3592 19
      vertex 20.3368 45.6773 19
    endloop
  endfacet
  facet normal -0.286156 -0.674101 -0.680957
    outer loop
      vertex 22.2142 54.982 9
      vertex 24.1195 54.1732 9
      vertex 18.7303 46.3592 19
    endloop
  endfacet
  facet normal -0.286136 -0.674112 -0.680955
    outer loop
      vertex 24.1195 54.1732 9
      vertex 20.3368 45.6773 19
      vertex 18.7303 46.3592 19
    endloop
  endfacet
  facet normal -0.385412 -0.907986 -0.164377
    outer loop
      vertex 22.7761 56.3728 0
      vertex 24.7296 55.5436 0
      vertex 22.2142 54.982 9
    endloop
  endfacet
  facet normal -0.385435 -0.907975 -0.164383
    outer loop
      vertex 24.7296 55.5436 0
      vertex 24.1195 54.1732 9
      vertex 22.2142 54.982 9
    endloop
  endfacet
  facet normal 0.385454 0.907968 0.164373
    outer loop
      vertex 23.5907 52.9856 24
      vertex 23.2256 57.4854 0
      vertex 21.7272 53.7767 24
    endloop
  endfacet
  facet normal 0.385418 0.907983 0.164376
    outer loop
      vertex 23.5907 52.9856 24
      vertex 25.2177 56.6398 0
      vertex 23.2256 57.4854 0
    endloop
  endfacet
  facet normal -0.422633 -0.906301 0
    outer loop
      vertex 22.4519 50.4277 21
      vertex 24.1981 49.6134 24
      vertex 22.4519 50.4277 24
    endloop
  endfacet
  facet normal -0.422633 -0.906301 -0
    outer loop
      vertex 24.1981 49.6134 24
      vertex 22.4519 50.4277 21
      vertex 24.1981 49.6134 21
    endloop
  endfacet
  facet normal -0.422616 -0.906309 0
    outer loop
      vertex 20.3368 45.6773 19
      vertex 21.9186 44.9397 21
      vertex 20.3368 45.6773 21
    endloop
  endfacet
  facet normal -0.422616 -0.906309 -0
    outer loop
      vertex 21.9186 44.9397 21
      vertex 20.3368 45.6773 19
      vertex 21.9186 44.9397 19
    endloop
  endfacet
  facet normal -0.30948 -0.663718 -0.680955
    outer loop
      vertex 24.1195 54.1732 9
      vertex 25.9954 53.2985 9
      vertex 20.3368 45.6773 19
    endloop
  endfacet
  facet normal -0.309491 -0.663712 -0.680957
    outer loop
      vertex 25.9954 53.2985 9
      vertex 21.9186 44.9397 19
      vertex 20.3368 45.6773 19
    endloop
  endfacet
  facet normal -0.416871 -0.893978 -0.164382
    outer loop
      vertex 24.7296 55.5436 0
      vertex 26.653 54.6467 0
      vertex 24.1195 54.1732 9
    endloop
  endfacet
  facet normal -0.416851 -0.893988 -0.164377
    outer loop
      vertex 26.653 54.6467 0
      vertex 25.9954 53.2985 9
      vertex 24.1195 54.1732 9
    endloop
  endfacet
  facet normal 0.416837 0.893995 0.164376
    outer loop
      vertex 25.4255 52.1301 24
      vertex 25.2177 56.6398 0
      vertex 23.5907 52.9856 24
    endloop
  endfacet
  facet normal 0.416882 0.893975 0.164372
    outer loop
      vertex 25.4255 52.1301 24
      vertex 27.179 55.7252 0
      vertex 25.2177 56.6398 0
    endloop
  endfacet
  facet normal -0.45399 -0.891007 0
    outer loop
      vertex 24.1981 49.6134 21
      vertex 25.9148 48.7387 24
      vertex 24.1981 49.6134 24
    endloop
  endfacet
  facet normal -0.45399 -0.891007 -0
    outer loop
      vertex 25.9148 48.7387 24
      vertex 24.1981 49.6134 21
      vertex 25.9148 48.7387 21
    endloop
  endfacet
  facet normal -0.453985 -0.891009 0
    outer loop
      vertex 21.9186 44.9397 19
      vertex 23.4736 44.1474 21
      vertex 21.9186 44.9397 21
    endloop
  endfacet
  facet normal -0.453985 -0.891009 -0
    outer loop
      vertex 23.4736 44.1474 21
      vertex 21.9186 44.9397 19
      vertex 23.4736 44.1474 19
    endloop
  endfacet
  facet normal -0.332463 -0.652508 -0.680957
    outer loop
      vertex 25.9954 53.2985 9
      vertex 27.8397 52.3588 9
      vertex 21.9186 44.9397 19
    endloop
  endfacet
  facet normal -0.332464 -0.652507 -0.680957
    outer loop
      vertex 27.8397 52.3588 9
      vertex 23.4736 44.1474 19
      vertex 21.9186 44.9397 19
    endloop
  endfacet
  facet normal -0.447829 -0.878879 -0.164378
    outer loop
      vertex 26.653 54.6467 0
      vertex 28.5439 53.6832 0
      vertex 25.9954 53.2985 9
    endloop
  endfacet
  facet normal -0.447809 -0.878891 -0.164372
    outer loop
      vertex 28.5439 53.6832 0
      vertex 27.8397 52.3588 9
      vertex 25.9954 53.2985 9
    endloop
  endfacet
  facet normal 0.447803 0.878894 0.164372
    outer loop
      vertex 27.2294 51.211 24
      vertex 27.179 55.7252 0
      vertex 25.4255 52.1301 24
    endloop
  endfacet
  facet normal 0.447791 0.8789 0.164373
    outer loop
      vertex 27.2294 51.211 24
      vertex 29.1072 54.7428 0
      vertex 27.179 55.7252 0
    endloop
  endfacet
  facet normal -0.484801 -0.874624 0
    outer loop
      vertex 25.9148 48.7387 21
      vertex 27.6 47.8046 24
      vertex 25.9148 48.7387 24
    endloop
  endfacet
  facet normal -0.484801 -0.874624 -0
    outer loop
      vertex 27.6 47.8046 24
      vertex 25.9148 48.7387 21
      vertex 27.6 47.8046 21
    endloop
  endfacet
  facet normal -0.484811 -0.874619 0
    outer loop
      vertex 23.4736 44.1474 19
      vertex 25 43.3013 21
      vertex 23.4736 44.1474 21
    endloop
  endfacet
  facet normal -0.484811 -0.874619 -0
    outer loop
      vertex 25 43.3013 21
      vertex 23.4736 44.1474 19
      vertex 25 43.3013 19
    endloop
  endfacet
  facet normal -0.355047 -0.6405 -0.680957
    outer loop
      vertex 27.8397 52.3588 9
      vertex 29.65 51.3553 9
      vertex 23.4736 44.1474 19
    endloop
  endfacet
  facet normal -0.355039 -0.640505 -0.680956
    outer loop
      vertex 29.65 51.3553 9
      vertex 25 43.3013 19
      vertex 23.4736 44.1474 19
    endloop
  endfacet
  facet normal -0.478232 -0.862714 -0.164372
    outer loop
      vertex 28.5439 53.6832 0
      vertex 30.4 52.6543 0
      vertex 27.8397 52.3588 9
    endloop
  endfacet
  facet normal -0.478228 -0.862717 -0.164371
    outer loop
      vertex 30.4 52.6543 0
      vertex 29.65 51.3553 9
      vertex 27.8397 52.3588 9
    endloop
  endfacet
  facet normal 0.47823 0.862715 0.164373
    outer loop
      vertex 29 50.2295 24
      vertex 29.1072 54.7428 0
      vertex 27.2294 51.211 24
    endloop
  endfacet
  facet normal 0.478217 0.862722 0.164375
    outer loop
      vertex 31 53.6936 0
      vertex 29.1072 54.7428 0
      vertex 29 50.2295 24
    endloop
  endfacet
  facet normal -0.51503 -0.857172 0
    outer loop
      vertex 27.6 47.8046 21
      vertex 29.2515 46.8123 24
      vertex 27.6 47.8046 24
    endloop
  endfacet
  facet normal -0.51503 -0.857172 -0
    outer loop
      vertex 29.2515 46.8123 24
      vertex 27.6 47.8046 21
      vertex 29.2515 46.8123 21
    endloop
  endfacet
  facet normal -0.515043 -0.857164 0
    outer loop
      vertex 25 43.3013 19
      vertex 26.496 42.4024 21
      vertex 25 43.3013 21
    endloop
  endfacet
  facet normal -0.515043 -0.857164 -0
    outer loop
      vertex 26.496 42.4024 21
      vertex 25 43.3013 19
      vertex 26.496 42.4024 19
    endloop
  endfacet
  facet normal -0.377189 -0.627716 -0.680956
    outer loop
      vertex 29.65 51.3553 9
      vertex 31.4242 50.2892 9
      vertex 25 43.3013 19
    endloop
  endfacet
  facet normal -0.37718 -0.627723 -0.680954
    outer loop
      vertex 31.4242 50.2892 9
      vertex 26.496 42.4024 19
      vertex 25 43.3013 19
    endloop
  endfacet
  facet normal -0.508024 -0.845514 -0.164371
    outer loop
      vertex 30.4 52.6543 0
      vertex 32.2191 51.5613 0
      vertex 29.65 51.3553 9
    endloop
  endfacet
  facet normal -0.508051 -0.845496 -0.164378
    outer loop
      vertex 32.2191 51.5613 0
      vertex 31.4242 50.2892 9
      vertex 29.65 51.3553 9
    endloop
  endfacet
  facet normal 0.508042 0.845502 0.164375
    outer loop
      vertex 30.7353 49.1868 24
      vertex 31 53.6936 0
      vertex 29 50.2295 24
    endloop
  endfacet
  facet normal 0.508034 0.845507 0.164375
    outer loop
      vertex 32.855 52.579 0
      vertex 31 53.6936 0
      vertex 30.7353 49.1868 24
    endloop
  endfacet
  facet normal -0.544647 -0.838665 0
    outer loop
      vertex 29.2515 46.8123 21
      vertex 30.8674 45.7629 24
      vertex 29.2515 46.8123 24
    endloop
  endfacet
  facet normal -0.544647 -0.838665 -0
    outer loop
      vertex 30.8674 45.7629 24
      vertex 29.2515 46.8123 21
      vertex 30.8674 45.7629 21
    endloop
  endfacet
  facet normal -0.54465 -0.838663 0
    outer loop
      vertex 26.496 42.4024 19
      vertex 27.9596 41.4519 21
      vertex 26.496 42.4024 21
    endloop
  endfacet
  facet normal -0.54465 -0.838663 -0
    outer loop
      vertex 27.9596 41.4519 21
      vertex 26.496 42.4024 19
      vertex 27.9596 41.4519 19
    endloop
  endfacet
  facet normal -0.398852 -0.614181 -0.680954
    outer loop
      vertex 31.4242 50.2892 9
      vertex 33.1601 49.1619 9
      vertex 26.496 42.4024 19
    endloop
  endfacet
  facet normal -0.398861 -0.614174 -0.680956
    outer loop
      vertex 33.1601 49.1619 9
      vertex 27.9596 41.4519 19
      vertex 26.496 42.4024 19
    endloop
  endfacet
  facet normal -0.537225 -0.827266 -0.164378
    outer loop
      vertex 32.2191 51.5613 0
      vertex 33.9989 50.4055 0
      vertex 31.4242 50.2892 9
    endloop
  endfacet
  facet normal -0.537228 -0.827264 -0.164379
    outer loop
      vertex 33.9989 50.4055 0
      vertex 33.1601 49.1619 9
      vertex 31.4242 50.2892 9
    endloop
  endfacet
  facet normal 0.537221 0.827269 0.164375
    outer loop
      vertex 32.4332 48.0842 24
      vertex 32.855 52.579 0
      vertex 30.7353 49.1868 24
    endloop
  endfacet
  facet normal 0.537239 0.827258 0.164374
    outer loop
      vertex 34.67 51.4003 0
      vertex 32.855 52.579 0
      vertex 32.4332 48.0842 24
    endloop
  endfacet
  facet normal -0.573598 -0.819137 0
    outer loop
      vertex 30.8674 45.7629 21
      vertex 32.4457 44.6577 24
      vertex 30.8674 45.7629 24
    endloop
  endfacet
  facet normal -0.573598 -0.819137 -0
    outer loop
      vertex 32.4457 44.6577 24
      vertex 30.8674 45.7629 21
      vertex 32.4457 44.6577 21
    endloop
  endfacet
  facet normal -0.573543 -0.819175 0
    outer loop
      vertex 27.9596 41.4519 19
      vertex 29.3893 40.4509 21
      vertex 27.9596 41.4519 21
    endloop
  endfacet
  facet normal -0.573543 -0.819175 -0
    outer loop
      vertex 29.3893 40.4509 21
      vertex 27.9596 41.4519 19
      vertex 29.3893 40.4509 19
    endloop
  endfacet
  facet normal -0.420027 -0.599897 -0.680956
    outer loop
      vertex 33.1601 49.1619 9
      vertex 34.8557 47.9747 9
      vertex 27.9596 41.4519 19
    endloop
  endfacet
  facet normal -0.42002 -0.599903 -0.680955
    outer loop
      vertex 34.8557 47.9747 9
      vertex 29.3893 40.4509 19
      vertex 27.9596 41.4519 19
    endloop
  endfacet
  facet normal -0.565793 -0.807996 -0.164379
    outer loop
      vertex 33.9989 50.4055 0
      vertex 35.7373 49.1882 0
      vertex 33.1601 49.1619 9
    endloop
  endfacet
  facet normal -0.565752 -0.808027 -0.164368
    outer loop
      vertex 35.7373 49.1882 0
      vertex 34.8557 47.9747 9
      vertex 33.1601 49.1619 9
    endloop
  endfacet
  facet normal 0.56579 0.808 0.164374
    outer loop
      vertex 34.0915 46.923 24
      vertex 34.67 51.4003 0
      vertex 32.4332 48.0842 24
    endloop
  endfacet
  facet normal 0.565757 0.808022 0.164377
    outer loop
      vertex 36.4427 50.1591 0
      vertex 34.67 51.4003 0
      vertex 34.0915 46.923 24
    endloop
  endfacet
  facet normal -0.601792 -0.798653 0
    outer loop
      vertex 32.4457 44.6577 21
      vertex 33.9845 43.4982 24
      vertex 32.4457 44.6577 24
    endloop
  endfacet
  facet normal -0.601792 -0.798653 -0
    outer loop
      vertex 33.9845 43.4982 24
      vertex 32.4457 44.6577 21
      vertex 33.9845 43.4982 21
    endloop
  endfacet
  facet normal -0.60185 -0.798609 0
    outer loop
      vertex 29.3893 40.4509 19
      vertex 30.7831 39.4005 21
      vertex 29.3893 40.4509 21
    endloop
  endfacet
  facet normal -0.60185 -0.798609 -0
    outer loop
      vertex 30.7831 39.4005 21
      vertex 29.3893 40.4509 19
      vertex 30.7831 39.4005 19
    endloop
  endfacet
  facet normal -0.440741 -0.584848 -0.680955
    outer loop
      vertex 34.8557 47.9747 9
      vertex 36.5087 46.729 9
      vertex 29.3893 40.4509 19
    endloop
  endfacet
  facet normal -0.44075 -0.584841 -0.680956
    outer loop
      vertex 36.5087 46.729 9
      vertex 30.7831 39.4005 19
      vertex 29.3893 40.4509 19
    endloop
  endfacet
  facet normal -0.59363 -0.787773 -0.164367
    outer loop
      vertex 35.7373 49.1882 0
      vertex 37.4322 47.911 0
      vertex 34.8557 47.9747 9
    endloop
  endfacet
  facet normal -0.593652 -0.787755 -0.164374
    outer loop
      vertex 37.4322 47.911 0
      vertex 36.5087 46.729 9
      vertex 34.8557 47.9747 9
    endloop
  endfacet
  facet normal 0.593622 0.787777 0.164377
    outer loop
      vertex 35.7084 45.7046 24
      vertex 36.4427 50.1591 0
      vertex 34.0915 46.923 24
    endloop
  endfacet
  facet normal 0.593639 0.787765 0.164375
    outer loop
      vertex 38.171 48.8567 0
      vertex 36.4427 50.1591 0
      vertex 35.7084 45.7046 24
    endloop
  endfacet
  facet normal -0.629298 -0.777164 0
    outer loop
      vertex 33.9845 43.4982 21
      vertex 35.4819 42.2857 24
      vertex 33.9845 43.4982 24
    endloop
  endfacet
  facet normal -0.629298 -0.777164 -0
    outer loop
      vertex 35.4819 42.2857 24
      vertex 33.9845 43.4982 21
      vertex 35.4819 42.2857 21
    endloop
  endfacet
  facet normal -0.629317 -0.777149 0
    outer loop
      vertex 30.7831 39.4005 19
      vertex 32.1394 38.3022 21
      vertex 30.7831 39.4005 21
    endloop
  endfacet
  facet normal -0.629317 -0.777149 -0
    outer loop
      vertex 32.1394 38.3022 21
      vertex 30.7831 39.4005 19
      vertex 32.1394 38.3022 19
    endloop
  endfacet
  facet normal -0.460863 -0.569126 -0.680956
    outer loop
      vertex 36.5087 46.729 9
      vertex 38.1173 45.4264 9
      vertex 30.7831 39.4005 19
    endloop
  endfacet
  facet normal -0.460864 -0.569125 -0.680956
    outer loop
      vertex 38.1173 45.4264 9
      vertex 32.1394 38.3022 19
      vertex 30.7831 39.4005 19
    endloop
  endfacet
  facet normal -0.620739 -0.766593 -0.164374
    outer loop
      vertex 37.4322 47.911 0
      vertex 39.0815 46.5755 0
      vertex 36.5087 46.729 9
    endloop
  endfacet
  facet normal -0.620755 -0.766579 -0.164379
    outer loop
      vertex 39.0815 46.5755 0
      vertex 38.1173 45.4264 9
      vertex 36.5087 46.729 9
    endloop
  endfacet
  facet normal 0.620751 0.766583 0.164375
    outer loop
      vertex 37.2817 44.4306 24
      vertex 38.171 48.8567 0
      vertex 35.7084 45.7046 24
    endloop
  endfacet
  facet normal 0.620762 0.766574 0.164374
    outer loop
      vertex 39.8528 47.4948 0
      vertex 38.171 48.8567 0
      vertex 37.2817 44.4306 24
    endloop
  endfacet
  facet normal -0.65608 -0.754692 0
    outer loop
      vertex 35.4819 42.2857 21
      vertex 36.936 41.0216 24
      vertex 35.4819 42.2857 24
    endloop
  endfacet
  facet normal -0.65608 -0.754692 -0
    outer loop
      vertex 36.936 41.0216 24
      vertex 35.4819 42.2857 21
      vertex 36.936 41.0216 21
    endloop
  endfacet
  facet normal -0.656079 -0.754692 0
    outer loop
      vertex 32.1394 38.3022 19
      vertex 33.4565 37.1572 21
      vertex 32.1394 38.3022 21
    endloop
  endfacet
  facet normal -0.656079 -0.754692 -0
    outer loop
      vertex 33.4565 37.1572 21
      vertex 32.1394 38.3022 19
      vertex 33.4565 37.1572 19
    endloop
  endfacet
  facet normal -0.480445 -0.552694 -0.680956
    outer loop
      vertex 38.1173 45.4264 9
      vertex 39.6794 44.0685 9
      vertex 32.1394 38.3022 19
    endloop
  endfacet
  facet normal -0.480461 -0.552678 -0.680958
    outer loop
      vertex 39.6794 44.0685 9
      vertex 33.4565 37.1572 19
      vertex 32.1394 38.3022 19
    endloop
  endfacet
  facet normal -0.647148 -0.744432 -0.164379
    outer loop
      vertex 39.0815 46.5755 0
      vertex 40.6831 45.1832 0
      vertex 38.1173 45.4264 9
    endloop
  endfacet
  facet normal -0.647132 -0.744447 -0.164374
    outer loop
      vertex 40.6831 45.1832 0
      vertex 39.6794 44.0685 9
      vertex 38.1173 45.4264 9
    endloop
  endfacet
  facet normal 0.64714 0.74444 0.164374
    outer loop
      vertex 38.8096 43.1024 24
      vertex 39.8528 47.4948 0
      vertex 37.2817 44.4306 24
    endloop
  endfacet
  facet normal 0.647134 0.744445 0.164375
    outer loop
      vertex 41.4861 46.075 0
      vertex 39.8528 47.4948 0
      vertex 38.8096 43.1024 24
    endloop
  endfacet
  facet normal -0.681996 -0.731356 0
    outer loop
      vertex 36.936 41.0216 21
      vertex 38.3451 39.7076 24
      vertex 36.936 41.0216 24
    endloop
  endfacet
  facet normal -0.681996 -0.731356 -0
    outer loop
      vertex 38.3451 39.7076 24
      vertex 36.936 41.0216 21
      vertex 38.3451 39.7076 21
    endloop
  endfacet
  facet normal -0.681979 -0.731371 0
    outer loop
      vertex 33.4565 37.1572 19
      vertex 34.7329 35.967 21
      vertex 33.4565 37.1572 21
    endloop
  endfacet
  facet normal -0.681979 -0.731371 -0
    outer loop
      vertex 34.7329 35.967 21
      vertex 33.4565 37.1572 19
      vertex 34.7329 35.967 19
    endloop
  endfacet
  facet normal -0.499454 -0.535576 -0.680958
    outer loop
      vertex 39.6794 44.0685 9
      vertex 41.1932 42.6568 9
      vertex 33.4565 37.1572 19
    endloop
  endfacet
  facet normal -0.499431 -0.535602 -0.680955
    outer loop
      vertex 41.1932 42.6568 9
      vertex 34.7329 35.967 19
      vertex 33.4565 37.1572 19
    endloop
  endfacet
  facet normal -0.672708 -0.721419 -0.164374
    outer loop
      vertex 40.6831 45.1832 0
      vertex 42.2352 43.7359 0
      vertex 39.6794 44.0685 9
    endloop
  endfacet
  facet normal -0.672736 -0.721391 -0.164383
    outer loop
      vertex 42.2352 43.7359 0
      vertex 41.1932 42.6568 9
      vertex 39.6794 44.0685 9
    endloop
  endfacet
  facet normal 0.672727 0.721401 0.164375
    outer loop
      vertex 40.2902 41.7217 24
      vertex 41.4861 46.075 0
      vertex 38.8096 43.1024 24
    endloop
  endfacet
  facet normal 0.672724 0.721404 0.164375
    outer loop
      vertex 43.0688 44.5991 0
      vertex 41.4861 46.075 0
      vertex 40.2902 41.7217 24
    endloop
  endfacet
  facet normal -0.707107 -0.707107 0
    outer loop
      vertex 39.7076 38.3451 21
      vertex 38.3451 39.7076 24
      vertex 38.3451 39.7076 21
    endloop
  endfacet
  facet normal -0.707107 -0.707107 0
    outer loop
      vertex 38.3451 39.7076 24
      vertex 39.7076 38.3451 21
      vertex 39.7076 38.3451 24
    endloop
  endfacet
  facet normal -0.707107 -0.707107 0
    outer loop
      vertex 35.967 34.7329 19
      vertex 34.7329 35.967 21
      vertex 34.7329 35.967 19
    endloop
  endfacet
  facet normal -0.707107 -0.707107 0
    outer loop
      vertex 34.7329 35.967 21
      vertex 35.967 34.7329 19
      vertex 35.967 34.7329 21
    endloop
  endfacet
  facet normal -0.517832 -0.517832 -0.680955
    outer loop
      vertex 35.967 34.7329 19
      vertex 41.1932 42.6568 9
      vertex 42.6568 41.1932 9
    endloop
  endfacet
  facet normal -0.517832 -0.517832 -0.680955
    outer loop
      vertex 41.1932 42.6568 9
      vertex 35.967 34.7329 19
      vertex 34.7329 35.967 19
    endloop
  endfacet
  facet normal -0.697488 -0.697488 -0.164382
    outer loop
      vertex 43.7359 42.2352 0
      vertex 41.1932 42.6568 9
      vertex 42.2352 43.7359 0
    endloop
  endfacet
  facet normal -0.697488 -0.697488 -0.164382
    outer loop
      vertex 41.1932 42.6568 9
      vertex 43.7359 42.2352 0
      vertex 42.6568 41.1932 9
    endloop
  endfacet
  facet normal 0.697489 0.697489 0.164375
    outer loop
      vertex 40.2902 41.7217 24
      vertex 44.5991 43.0688 0
      vertex 43.0688 44.5991 0
    endloop
  endfacet
  facet normal 0.697489 0.697489 0.164375
    outer loop
      vertex 44.5991 43.0688 0
      vertex 40.2902 41.7217 24
      vertex 41.7217 40.2902 24
    endloop
  endfacet
  facet normal -0.731356 -0.681996 0
    outer loop
      vertex 41.0216 36.936 21
      vertex 39.7076 38.3451 24
      vertex 39.7076 38.3451 21
    endloop
  endfacet
  facet normal -0.731356 -0.681996 0
    outer loop
      vertex 39.7076 38.3451 24
      vertex 41.0216 36.936 21
      vertex 41.0216 36.936 24
    endloop
  endfacet
  facet normal -0.731371 -0.681979 0
    outer loop
      vertex 37.1572 33.4565 19
      vertex 35.967 34.7329 21
      vertex 35.967 34.7329 19
    endloop
  endfacet
  facet normal -0.731371 -0.681979 0
    outer loop
      vertex 35.967 34.7329 21
      vertex 37.1572 33.4565 19
      vertex 37.1572 33.4565 21
    endloop
  endfacet
  facet normal -0.535579 -0.499456 -0.680955
    outer loop
      vertex 42.6568 41.1932 9
      vertex 44.0685 39.6794 9
      vertex 35.967 34.7329 19
    endloop
  endfacet
  facet normal -0.5356 -0.499429 -0.680958
    outer loop
      vertex 44.0685 39.6794 9
      vertex 37.1572 33.4565 19
      vertex 35.967 34.7329 19
    endloop
  endfacet
  facet normal -0.721418 -0.672707 -0.164383
    outer loop
      vertex 43.7359 42.2352 0
      vertex 45.1832 40.6831 0
      vertex 42.6568 41.1932 9
    endloop
  endfacet
  facet normal -0.721392 -0.672737 -0.164374
    outer loop
      vertex 45.1832 40.6831 0
      vertex 44.0685 39.6794 9
      vertex 42.6568 41.1932 9
    endloop
  endfacet
  facet normal 0.721401 0.672727 0.164375
    outer loop
      vertex 43.1024 38.8096 24
      vertex 44.5991 43.0688 0
      vertex 41.7217 40.2902 24
    endloop
  endfacet
  facet normal 0.721404 0.672724 0.164375
    outer loop
      vertex 46.075 41.4861 0
      vertex 44.5991 43.0688 0
      vertex 43.1024 38.8096 24
    endloop
  endfacet
  facet normal -0.754692 -0.65608 0
    outer loop
      vertex 42.2857 35.4819 21
      vertex 41.0216 36.936 24
      vertex 41.0216 36.936 21
    endloop
  endfacet
  facet normal -0.754692 -0.65608 0
    outer loop
      vertex 41.0216 36.936 24
      vertex 42.2857 35.4819 21
      vertex 42.2857 35.4819 24
    endloop
  endfacet
  facet normal -0.754692 -0.656079 0
    outer loop
      vertex 38.3022 32.1394 19
      vertex 37.1572 33.4565 21
      vertex 37.1572 33.4565 19
    endloop
  endfacet
  facet normal -0.754692 -0.656079 0
    outer loop
      vertex 37.1572 33.4565 21
      vertex 38.3022 32.1394 19
      vertex 38.3022 32.1394 21
    endloop
  endfacet
  facet normal -0.552693 -0.480444 -0.680958
    outer loop
      vertex 44.0685 39.6794 9
      vertex 45.4264 38.1173 9
      vertex 37.1572 33.4565 19
    endloop
  endfacet
  facet normal -0.552679 -0.480463 -0.680956
    outer loop
      vertex 45.4264 38.1173 9
      vertex 38.3022 32.1394 19
      vertex 37.1572 33.4565 19
    endloop
  endfacet
  facet normal -0.744433 -0.647149 -0.164374
    outer loop
      vertex 45.1832 40.6831 0
      vertex 46.5755 39.0815 0
      vertex 44.0685 39.6794 9
    endloop
  endfacet
  facet normal -0.744447 -0.647131 -0.164379
    outer loop
      vertex 46.5755 39.0815 0
      vertex 45.4264 38.1173 9
      vertex 44.0685 39.6794 9
    endloop
  endfacet
  facet normal 0.74444 0.64714 0.164375
    outer loop
      vertex 44.4306 37.2817 24
      vertex 46.075 41.4861 0
      vertex 43.1024 38.8096 24
    endloop
  endfacet
  facet normal 0.744445 0.647134 0.164374
    outer loop
      vertex 47.4948 39.8528 0
      vertex 46.075 41.4861 0
      vertex 44.4306 37.2817 24
    endloop
  endfacet
  facet normal -0.777164 -0.629298 0
    outer loop
      vertex 43.4982 33.9845 21
      vertex 42.2857 35.4819 24
      vertex 42.2857 35.4819 21
    endloop
  endfacet
  facet normal -0.777164 -0.629298 0
    outer loop
      vertex 42.2857 35.4819 24
      vertex 43.4982 33.9845 21
      vertex 43.4982 33.9845 24
    endloop
  endfacet
  facet normal -0.777149 -0.629317 0
    outer loop
      vertex 39.4005 30.7831 19
      vertex 38.3022 32.1394 21
      vertex 38.3022 32.1394 19
    endloop
  endfacet
  facet normal -0.777149 -0.629317 0
    outer loop
      vertex 38.3022 32.1394 21
      vertex 39.4005 30.7831 19
      vertex 39.4005 30.7831 21
    endloop
  endfacet
  facet normal -0.569126 -0.460863 -0.680956
    outer loop
      vertex 45.4264 38.1173 9
      vertex 46.729 36.5087 9
      vertex 38.3022 32.1394 19
    endloop
  endfacet
  facet normal -0.569125 -0.460864 -0.680956
    outer loop
      vertex 46.729 36.5087 9
      vertex 39.4005 30.7831 19
      vertex 38.3022 32.1394 19
    endloop
  endfacet
  facet normal -0.766592 -0.620738 -0.164379
    outer loop
      vertex 46.5755 39.0815 0
      vertex 47.911 37.4322 0
      vertex 45.4264 38.1173 9
    endloop
  endfacet
  facet normal -0.76658 -0.620755 -0.164374
    outer loop
      vertex 47.911 37.4322 0
      vertex 46.729 36.5087 9
      vertex 45.4264 38.1173 9
    endloop
  endfacet
  facet normal 0.766583 0.620751 0.164374
    outer loop
      vertex 45.7046 35.7084 24
      vertex 47.4948 39.8528 0
      vertex 44.4306 37.2817 24
    endloop
  endfacet
  facet normal 0.766574 0.620762 0.164375
    outer loop
      vertex 48.8567 38.171 0
      vertex 47.4948 39.8528 0
      vertex 45.7046 35.7084 24
    endloop
  endfacet
  facet normal -0.798653 -0.601792 0
    outer loop
      vertex 44.6577 32.4457 21
      vertex 43.4982 33.9845 24
      vertex 43.4982 33.9845 21
    endloop
  endfacet
  facet normal -0.798653 -0.601792 0
    outer loop
      vertex 43.4982 33.9845 24
      vertex 44.6577 32.4457 21
      vertex 44.6577 32.4457 24
    endloop
  endfacet
  facet normal -0.798609 -0.60185 0
    outer loop
      vertex 40.4509 29.3893 19
      vertex 39.4005 30.7831 21
      vertex 39.4005 30.7831 19
    endloop
  endfacet
  facet normal -0.798609 -0.60185 0
    outer loop
      vertex 39.4005 30.7831 21
      vertex 40.4509 29.3893 19
      vertex 40.4509 29.3893 21
    endloop
  endfacet
  facet normal -0.584847 -0.440741 -0.680956
    outer loop
      vertex 46.729 36.5087 9
      vertex 47.9747 34.8557 9
      vertex 39.4005 30.7831 19
    endloop
  endfacet
  facet normal -0.584842 -0.44075 -0.680955
    outer loop
      vertex 47.9747 34.8557 9
      vertex 40.4509 29.3893 19
      vertex 39.4005 30.7831 19
    endloop
  endfacet
  facet normal -0.787772 -0.59363 -0.164374
    outer loop
      vertex 47.911 37.4322 0
      vertex 49.1882 35.7373 0
      vertex 46.729 36.5087 9
    endloop
  endfacet
  facet normal -0.787756 -0.593653 -0.164367
    outer loop
      vertex 49.1882 35.7373 0
      vertex 47.9747 34.8557 9
      vertex 46.729 36.5087 9
    endloop
  endfacet
  facet normal 0.787777 0.593622 0.164375
    outer loop
      vertex 46.923 34.0915 24
      vertex 48.8567 38.171 0
      vertex 45.7046 35.7084 24
    endloop
  endfacet
  facet normal 0.787765 0.593638 0.164377
    outer loop
      vertex 50.1591 36.4427 0
      vertex 48.8567 38.171 0
      vertex 46.923 34.0915 24
    endloop
  endfacet
  facet normal -0.819137 -0.573598 0
    outer loop
      vertex 45.7629 30.8674 21
      vertex 44.6577 32.4457 24
      vertex 44.6577 32.4457 21
    endloop
  endfacet
  facet normal -0.819137 -0.573598 0
    outer loop
      vertex 44.6577 32.4457 24
      vertex 45.7629 30.8674 21
      vertex 45.7629 30.8674 24
    endloop
  endfacet
  facet normal -0.819175 -0.573543 0
    outer loop
      vertex 41.4519 27.9596 19
      vertex 40.4509 29.3893 21
      vertex 40.4509 29.3893 19
    endloop
  endfacet
  facet normal -0.819175 -0.573543 0
    outer loop
      vertex 40.4509 29.3893 21
      vertex 41.4519 27.9596 19
      vertex 41.4519 27.9596 21
    endloop
  endfacet
  facet normal -0.599898 -0.420027 -0.680955
    outer loop
      vertex 47.9747 34.8557 9
      vertex 49.1619 33.1601 9
      vertex 40.4509 29.3893 19
    endloop
  endfacet
  facet normal -0.599902 -0.42002 -0.680956
    outer loop
      vertex 49.1619 33.1601 9
      vertex 41.4519 27.9596 19
      vertex 40.4509 29.3893 19
    endloop
  endfacet
  facet normal -0.807998 -0.565794 -0.164368
    outer loop
      vertex 49.1882 35.7373 0
      vertex 50.4055 33.9989 0
      vertex 47.9747 34.8557 9
    endloop
  endfacet
  facet normal -0.808025 -0.565751 -0.164379
    outer loop
      vertex 50.4055 33.9989 0
      vertex 49.1619 33.1601 9
      vertex 47.9747 34.8557 9
    endloop
  endfacet
  facet normal 0.807999 0.565789 0.164377
    outer loop
      vertex 48.0842 32.4332 24
      vertex 50.1591 36.4427 0
      vertex 46.923 34.0915 24
    endloop
  endfacet
  facet normal 0.808022 0.565757 0.164374
    outer loop
      vertex 51.4003 34.67 0
      vertex 50.1591 36.4427 0
      vertex 48.0842 32.4332 24
    endloop
  endfacet
  facet normal -0.838665 -0.544647 0
    outer loop
      vertex 46.8123 29.2515 21
      vertex 45.7629 30.8674 24
      vertex 45.7629 30.8674 21
    endloop
  endfacet
  facet normal -0.838665 -0.544647 0
    outer loop
      vertex 45.7629 30.8674 24
      vertex 46.8123 29.2515 21
      vertex 46.8123 29.2515 24
    endloop
  endfacet
  facet normal -0.838663 -0.54465 0
    outer loop
      vertex 42.4024 26.496 19
      vertex 41.4519 27.9596 21
      vertex 41.4519 27.9596 19
    endloop
  endfacet
  facet normal -0.838663 -0.54465 0
    outer loop
      vertex 41.4519 27.9596 21
      vertex 42.4024 26.496 19
      vertex 42.4024 26.496 21
    endloop
  endfacet
  facet normal -0.61418 -0.398851 -0.680956
    outer loop
      vertex 49.1619 33.1601 9
      vertex 50.2892 31.4242 9
      vertex 41.4519 27.9596 19
    endloop
  endfacet
  facet normal -0.614175 -0.398861 -0.680954
    outer loop
      vertex 50.2892 31.4242 9
      vertex 42.4024 26.496 19
      vertex 41.4519 27.9596 19
    endloop
  endfacet
  facet normal -0.827266 -0.537225 -0.164379
    outer loop
      vertex 50.4055 33.9989 0
      vertex 51.5613 32.2191 0
      vertex 49.1619 33.1601 9
    endloop
  endfacet
  facet normal -0.827264 -0.537228 -0.164378
    outer loop
      vertex 51.5613 32.2191 0
      vertex 50.2892 31.4242 9
      vertex 49.1619 33.1601 9
    endloop
  endfacet
  facet normal 0.82727 0.537221 0.164374
    outer loop
      vertex 49.1868 30.7353 24
      vertex 51.4003 34.67 0
      vertex 48.0842 32.4332 24
    endloop
  endfacet
  facet normal 0.827258 0.537239 0.164375
    outer loop
      vertex 52.579 32.855 0
      vertex 51.4003 34.67 0
      vertex 49.1868 30.7353 24
    endloop
  endfacet
  facet normal -0.857172 -0.51503 0
    outer loop
      vertex 47.8046 27.6 21
      vertex 46.8123 29.2515 24
      vertex 46.8123 29.2515 21
    endloop
  endfacet
  facet normal -0.857172 -0.51503 0
    outer loop
      vertex 46.8123 29.2515 24
      vertex 47.8046 27.6 21
      vertex 47.8046 27.6 24
    endloop
  endfacet
  facet normal -0.857164 -0.515043 0
    outer loop
      vertex 43.3013 25 19
      vertex 42.4024 26.496 21
      vertex 42.4024 26.496 19
    endloop
  endfacet
  facet normal -0.857164 -0.515043 0
    outer loop
      vertex 42.4024 26.496 21
      vertex 43.3013 25 19
      vertex 43.3013 25 21
    endloop
  endfacet
  facet normal -0.627717 -0.377189 -0.680955
    outer loop
      vertex 50.2892 31.4242 9
      vertex 51.3553 29.65 9
      vertex 42.4024 26.496 19
    endloop
  endfacet
  facet normal -0.627722 -0.377179 -0.680956
    outer loop
      vertex 51.3553 29.65 9
      vertex 43.3013 25 19
      vertex 42.4024 26.496 19
    endloop
  endfacet
  facet normal -0.845513 -0.508023 -0.164378
    outer loop
      vertex 51.5613 32.2191 0
      vertex 52.6543 30.4 0
      vertex 50.2892 31.4242 9
    endloop
  endfacet
  facet normal -0.845497 -0.508051 -0.164371
    outer loop
      vertex 52.6543 30.4 0
      vertex 51.3553 29.65 9
      vertex 50.2892 31.4242 9
    endloop
  endfacet
  facet normal 0.845502 0.508042 0.164375
    outer loop
      vertex 50.2295 29 24
      vertex 52.579 32.855 0
      vertex 49.1868 30.7353 24
    endloop
  endfacet
  facet normal 0.845507 0.508034 0.164375
    outer loop
      vertex 53.6936 31 0
      vertex 52.579 32.855 0
      vertex 50.2295 29 24
    endloop
  endfacet
  facet normal -0.874624 -0.484801 0
    outer loop
      vertex 48.7387 25.9148 21
      vertex 47.8046 27.6 24
      vertex 47.8046 27.6 21
    endloop
  endfacet
  facet normal -0.874624 -0.484801 0
    outer loop
      vertex 47.8046 27.6 24
      vertex 48.7387 25.9148 21
      vertex 48.7387 25.9148 24
    endloop
  endfacet
  facet normal -0.874619 -0.484811 0
    outer loop
      vertex 44.1474 23.4736 19
      vertex 43.3013 25 21
      vertex 43.3013 25 19
    endloop
  endfacet
  facet normal -0.874619 -0.484811 0
    outer loop
      vertex 43.3013 25 21
      vertex 44.1474 23.4736 19
      vertex 44.1474 23.4736 21
    endloop
  endfacet
  facet normal -0.6405 -0.355047 -0.680956
    outer loop
      vertex 51.3553 29.65 9
      vertex 52.3588 27.8397 9
      vertex 43.3013 25 19
    endloop
  endfacet
  facet normal -0.640504 -0.355038 -0.680957
    outer loop
      vertex 52.3588 27.8397 9
      vertex 44.1474 23.4736 19
      vertex 43.3013 25 19
    endloop
  endfacet
  facet normal -0.862714 -0.478232 -0.164371
    outer loop
      vertex 52.6543 30.4 0
      vertex 53.6832 28.5439 0
      vertex 51.3553 29.65 9
    endloop
  endfacet
  facet normal -0.862717 -0.478228 -0.164372
    outer loop
      vertex 53.6832 28.5439 0
      vertex 52.3588 27.8397 9
      vertex 51.3553 29.65 9
    endloop
  endfacet
  facet normal 0.862715 0.47823 0.164375
    outer loop
      vertex 51.211 27.2294 24
      vertex 53.6936 31 0
      vertex 50.2295 29 24
    endloop
  endfacet
  facet normal 0.862723 0.478217 0.164373
    outer loop
      vertex 54.7428 29.1072 0
      vertex 53.6936 31 0
      vertex 51.211 27.2294 24
    endloop
  endfacet
  facet normal -0.891007 -0.45399 0
    outer loop
      vertex 49.6134 24.1981 21
      vertex 48.7387 25.9148 24
      vertex 48.7387 25.9148 21
    endloop
  endfacet
  facet normal -0.891007 -0.45399 0
    outer loop
      vertex 48.7387 25.9148 24
      vertex 49.6134 24.1981 21
      vertex 49.6134 24.1981 24
    endloop
  endfacet
  facet normal -0.891009 -0.453985 0
    outer loop
      vertex 44.9397 21.9186 19
      vertex 44.1474 23.4736 21
      vertex 44.1474 23.4736 19
    endloop
  endfacet
  facet normal -0.891009 -0.453985 0
    outer loop
      vertex 44.1474 23.4736 21
      vertex 44.9397 21.9186 19
      vertex 44.9397 21.9186 21
    endloop
  endfacet
  facet normal -0.652508 -0.332463 -0.680957
    outer loop
      vertex 52.3588 27.8397 9
      vertex 53.2985 25.9954 9
      vertex 44.1474 23.4736 19
    endloop
  endfacet
  facet normal -0.652507 -0.332464 -0.680957
    outer loop
      vertex 53.2985 25.9954 9
      vertex 44.9397 21.9186 19
      vertex 44.1474 23.4736 19
    endloop
  endfacet
  facet normal -0.87888 -0.44783 -0.164372
    outer loop
      vertex 53.6832 28.5439 0
      vertex 54.6467 26.653 0
      vertex 52.3588 27.8397 9
    endloop
  endfacet
  facet normal -0.87889 -0.447808 -0.164378
    outer loop
      vertex 54.6467 26.653 0
      vertex 53.2985 25.9954 9
      vertex 52.3588 27.8397 9
    endloop
  endfacet
  facet normal 0.878894 0.447803 0.164373
    outer loop
      vertex 52.1301 25.4255 24
      vertex 54.7428 29.1072 0
      vertex 51.211 27.2294 24
    endloop
  endfacet
  facet normal 0.8789 0.447791 0.164372
    outer loop
      vertex 55.7252 27.179 0
      vertex 54.7428 29.1072 0
      vertex 52.1301 25.4255 24
    endloop
  endfacet
  facet normal -0.906301 -0.422633 0
    outer loop
      vertex 50.4277 22.4519 21
      vertex 49.6134 24.1981 24
      vertex 49.6134 24.1981 21
    endloop
  endfacet
  facet normal -0.906301 -0.422633 0
    outer loop
      vertex 49.6134 24.1981 24
      vertex 50.4277 22.4519 21
      vertex 50.4277 22.4519 24
    endloop
  endfacet
  facet normal -0.906309 -0.422616 0
    outer loop
      vertex 45.6773 20.3368 19
      vertex 44.9397 21.9186 21
      vertex 44.9397 21.9186 19
    endloop
  endfacet
  facet normal -0.906309 -0.422616 0
    outer loop
      vertex 44.9397 21.9186 21
      vertex 45.6773 20.3368 19
      vertex 45.6773 20.3368 21
    endloop
  endfacet
  facet normal -0.663717 -0.30948 -0.680957
    outer loop
      vertex 53.2985 25.9954 9
      vertex 54.1732 24.1195 9
      vertex 44.9397 21.9186 19
    endloop
  endfacet
  facet normal -0.663713 -0.309492 -0.680955
    outer loop
      vertex 54.1732 24.1195 9
      vertex 45.6773 20.3368 19
      vertex 44.9397 21.9186 19
    endloop
  endfacet
  facet normal -0.893979 -0.416871 -0.164377
    outer loop
      vertex 54.6467 26.653 0
      vertex 55.5436 24.7296 0
      vertex 53.2985 25.9954 9
    endloop
  endfacet
  facet normal -0.893987 -0.416851 -0.164382
    outer loop
      vertex 55.5436 24.7296 0
      vertex 54.1732 24.1195 9
      vertex 53.2985 25.9954 9
    endloop
  endfacet
  facet normal 0.893996 0.416837 0.164372
    outer loop
      vertex 52.9856 23.5907 24
      vertex 55.7252 27.179 0
      vertex 52.1301 25.4255 24
    endloop
  endfacet
  facet normal 0.893975 0.416881 0.164376
    outer loop
      vertex 56.6398 25.2177 0
      vertex 55.7252 27.179 0
      vertex 52.9856 23.5907 24
    endloop
  endfacet
  facet normal -0.920514 -0.39071 0
    outer loop
      vertex 51.1805 20.6783 21
      vertex 50.4277 22.4519 24
      vertex 50.4277 22.4519 21
    endloop
  endfacet
  facet normal -0.920514 -0.39071 0
    outer loop
      vertex 50.4277 22.4519 24
      vertex 51.1805 20.6783 21
      vertex 51.1805 20.6783 24
    endloop
  endfacet
  facet normal -0.920509 -0.390722 0
    outer loop
      vertex 46.3592 18.7303 19
      vertex 45.6773 20.3368 21
      vertex 45.6773 20.3368 19
    endloop
  endfacet
  facet normal -0.920509 -0.390722 0
    outer loop
      vertex 45.6773 20.3368 21
      vertex 46.3592 18.7303 19
      vertex 46.3592 18.7303 21
    endloop
  endfacet
  facet normal -0.674103 -0.286157 -0.680955
    outer loop
      vertex 54.1732 24.1195 9
      vertex 54.982 22.2142 9
      vertex 45.6773 20.3368 19
    endloop
  endfacet
  facet normal -0.67411 -0.286135 -0.680958
    outer loop
      vertex 54.982 22.2142 9
      vertex 46.3592 18.7303 19
      vertex 45.6773 20.3368 19
    endloop
  endfacet
  facet normal -0.907985 -0.385411 -0.164382
    outer loop
      vertex 55.5436 24.7296 0
      vertex 56.3728 22.7761 0
      vertex 54.1732 24.1195 9
    endloop
  endfacet
  facet normal -0.907976 -0.385436 -0.164377
    outer loop
      vertex 56.3728 22.7761 0
      vertex 54.982 22.2142 9
      vertex 54.1732 24.1195 9
    endloop
  endfacet
  facet normal 0.907968 0.385454 0.164376
    outer loop
      vertex 53.7767 21.7272 24
      vertex 56.6398 25.2177 0
      vertex 52.9856 23.5907 24
    endloop
  endfacet
  facet normal 0.907984 0.385418 0.164373
    outer loop
      vertex 57.4854 23.2256 0
      vertex 56.6398 25.2177 0
      vertex 53.7767 21.7272 24
    endloop
  endfacet
  facet normal -0.933579 -0.35837 0
    outer loop
      vertex 51.871 18.8795 21
      vertex 51.1805 20.6783 24
      vertex 51.1805 20.6783 21
    endloop
  endfacet
  facet normal -0.933579 -0.35837 0
    outer loop
      vertex 51.1805 20.6783 24
      vertex 51.871 18.8795 21
      vertex 51.871 18.8795 24
    endloop
  endfacet
  facet normal -0.933586 -0.358353 0
    outer loop
      vertex 46.9846 17.101 19
      vertex 46.3592 18.7303 21
      vertex 46.3592 18.7303 19
    endloop
  endfacet
  facet normal -0.933586 -0.358353 0
    outer loop
      vertex 46.3592 18.7303 21
      vertex 46.9846 17.101 19
      vertex 46.9846 17.101 21
    endloop
  endfacet
  facet normal -0.68368 -0.262448 -0.680958
    outer loop
      vertex 54.982 22.2142 9
      vertex 55.7238 20.2818 9
      vertex 46.3592 18.7303 19
    endloop
  endfacet
  facet normal -0.683685 -0.26243 -0.680959
    outer loop
      vertex 55.7238 20.2818 9
      vertex 46.9846 17.101 19
      vertex 46.3592 18.7303 19
    endloop
  endfacet
  facet normal -0.920889 -0.353473 -0.164377
    outer loop
      vertex 56.3728 22.7761 0
      vertex 57.1333 20.7948 0
      vertex 54.982 22.2142 9
    endloop
  endfacet
  facet normal -0.920879 -0.353503 -0.16437
    outer loop
      vertex 57.1333 20.7948 0
      vertex 55.7238 20.2818 9
      vertex 54.982 22.2142 9
    endloop
  endfacet
  facet normal 0.920883 0.353492 0.164373
    outer loop
      vertex 54.5022 19.8372 24
      vertex 57.4854 23.2256 0
      vertex 53.7767 21.7272 24
    endloop
  endfacet
  facet normal 0.920891 0.35347 0.164371
    outer loop
      vertex 58.2609 21.2052 0
      vertex 57.4854 23.2256 0
      vertex 54.5022 19.8372 24
    endloop
  endfacet
  facet normal -0.945518 -0.32557 0
    outer loop
      vertex 52.4983 17.0577 21
      vertex 51.871 18.8795 24
      vertex 51.871 18.8795 21
    endloop
  endfacet
  facet normal -0.945518 -0.32557 0
    outer loop
      vertex 51.871 18.8795 24
      vertex 52.4983 17.0577 21
      vertex 52.4983 17.0577 24
    endloop
  endfacet
  facet normal -0.94552 -0.325563 0
    outer loop
      vertex 47.5528 15.4508 19
      vertex 46.9846 17.101 21
      vertex 46.9846 17.101 19
    endloop
  endfacet
  facet normal -0.94552 -0.325563 0
    outer loop
      vertex 46.9846 17.101 21
      vertex 47.5528 15.4508 19
      vertex 47.5528 15.4508 21
    endloop
  endfacet
  facet normal -0.692433 -0.238394 -0.680959
    outer loop
      vertex 55.7238 20.2818 9
      vertex 56.3976 18.3247 9
      vertex 46.9846 17.101 19
    endloop
  endfacet
  facet normal -0.692427 -0.238418 -0.680957
    outer loop
      vertex 56.3976 18.3247 9
      vertex 47.5528 15.4508 19
      vertex 46.9846 17.101 19
    endloop
  endfacet
  facet normal -0.932662 -0.321128 -0.16437
    outer loop
      vertex 57.1333 20.7948 0
      vertex 57.8242 18.7882 0
      vertex 55.7238 20.2818 9
    endloop
  endfacet
  facet normal -0.93267 -0.321104 -0.164375
    outer loop
      vertex 57.8242 18.7882 0
      vertex 56.3976 18.3247 9
      vertex 55.7238 20.2818 9
    endloop
  endfacet
  facet normal 0.93266 0.321135 0.164371
    outer loop
      vertex 55.1613 17.923 24
      vertex 58.2609 21.2052 0
      vertex 54.5022 19.8372 24
    endloop
  endfacet
  facet normal 0.932648 0.321169 0.164374
    outer loop
      vertex 58.9655 19.1591 0
      vertex 58.2609 21.2052 0
      vertex 55.1613 17.923 24
    endloop
  endfacet
  facet normal -0.956306 -0.292368 0
    outer loop
      vertex 53.0616 15.2152 21
      vertex 52.4983 17.0577 24
      vertex 52.4983 17.0577 21
    endloop
  endfacet
  facet normal -0.956306 -0.292368 0
    outer loop
      vertex 52.4983 17.0577 24
      vertex 53.0616 15.2152 21
      vertex 53.0616 15.2152 24
    endloop
  endfacet
  facet normal -0.956294 -0.292406 0
    outer loop
      vertex 48.0631 13.7819 19
      vertex 47.5528 15.4508 21
      vertex 47.5528 15.4508 19
    endloop
  endfacet
  facet normal -0.956294 -0.292406 0
    outer loop
      vertex 47.5528 15.4508 21
      vertex 48.0631 13.7819 19
      vertex 48.0631 13.7819 21
    endloop
  endfacet
  facet normal -0.700321 -0.214123 -0.680957
    outer loop
      vertex 56.3976 18.3247 9
      vertex 57.0028 16.3453 9
      vertex 47.5528 15.4508 19
    endloop
  endfacet
  facet normal -0.700318 -0.214136 -0.680955
    outer loop
      vertex 57.0028 16.3453 9
      vertex 48.0631 13.7819 19
      vertex 47.5528 15.4508 19
    endloop
  endfacet
  facet normal -0.943294 -0.288403 -0.164375
    outer loop
      vertex 57.8242 18.7882 0
      vertex 58.4447 16.7587 0
      vertex 56.3976 18.3247 9
    endloop
  endfacet
  facet normal -0.943292 -0.288411 -0.164374
    outer loop
      vertex 58.4447 16.7587 0
      vertex 57.0028 16.3453 9
      vertex 56.3976 18.3247 9
    endloop
  endfacet
  facet normal 0.943296 0.288397 0.164374
    outer loop
      vertex 55.7532 15.987 24
      vertex 58.9655 19.1591 0
      vertex 55.1613 17.923 24
    endloop
  endfacet
  facet normal 0.943303 0.288378 0.164372
    outer loop
      vertex 59.5982 17.0895 0
      vertex 58.9655 19.1591 0
      vertex 55.7532 15.987 24
    endloop
  endfacet
  facet normal -0.965923 -0.258829 0
    outer loop
      vertex 53.5603 13.3541 21
      vertex 53.0616 15.2152 24
      vertex 53.0616 15.2152 21
    endloop
  endfacet
  facet normal -0.965923 -0.258829 0
    outer loop
      vertex 53.0616 15.2152 24
      vertex 53.5603 13.3541 21
      vertex 53.5603 13.3541 24
    endloop
  endfacet
  facet normal -0.965927 -0.258814 0
    outer loop
      vertex 48.5148 12.0961 19
      vertex 48.0631 13.7819 21
      vertex 48.0631 13.7819 19
    endloop
  endfacet
  facet normal -0.965927 -0.258814 0
    outer loop
      vertex 48.0631 13.7819 21
      vertex 48.5148 12.0961 19
      vertex 48.5148 12.0961 21
    endloop
  endfacet
  facet normal -0.707372 -0.189536 -0.680955
    outer loop
      vertex 57.0028 16.3453 9
      vertex 57.5385 14.346 9
      vertex 48.0631 13.7819 19
    endloop
  endfacet
  facet normal -0.707372 -0.189536 -0.680955
    outer loop
      vertex 57.5385 14.346 9
      vertex 48.5148 12.0961 19
      vertex 48.0631 13.7819 19
    endloop
  endfacet
  facet normal -0.952784 -0.255312 -0.164374
    outer loop
      vertex 58.4447 16.7587 0
      vertex 58.994 14.7088 0
      vertex 57.0028 16.3453 9
    endloop
  endfacet
  facet normal -0.952788 -0.255294 -0.164378
    outer loop
      vertex 58.994 14.7088 0
      vertex 57.5385 14.346 9
      vertex 57.0028 16.3453 9
    endloop
  endfacet
  facet normal 0.952785 0.25531 0.164372
    outer loop
      vertex 56.2772 14.0315 24
      vertex 59.5982 17.0895 0
      vertex 55.7532 15.987 24
    endloop
  endfacet
  facet normal 0.952787 0.255301 0.164372
    outer loop
      vertex 60.1583 14.9992 0
      vertex 59.5982 17.0895 0
      vertex 56.2772 14.0315 24
    endloop
  endfacet
  facet normal -0.974374 -0.224935 0
    outer loop
      vertex 53.9937 11.4767 21
      vertex 53.5603 13.3541 24
      vertex 53.5603 13.3541 21
    endloop
  endfacet
  facet normal -0.974374 -0.224935 0
    outer loop
      vertex 53.5603 13.3541 24
      vertex 53.9937 11.4767 21
      vertex 53.9937 11.4767 24
    endloop
  endfacet
  facet normal -0.974369 -0.224956 0
    outer loop
      vertex 48.9074 10.3956 19
      vertex 48.5148 12.0961 21
      vertex 48.5148 12.0961 19
    endloop
  endfacet
  facet normal -0.974369 -0.224956 0
    outer loop
      vertex 48.5148 12.0961 21
      vertex 48.9074 10.3956 19
      vertex 48.9074 10.3956 21
    endloop
  endfacet
  facet normal -0.713557 -0.164732 -0.680955
    outer loop
      vertex 57.5385 14.346 9
      vertex 58.0041 12.3292 9
      vertex 48.5148 12.0961 19
    endloop
  endfacet
  facet normal -0.713556 -0.164741 -0.680954
    outer loop
      vertex 58.0041 12.3292 9
      vertex 48.9074 10.3956 19
      vertex 48.5148 12.0961 19
    endloop
  endfacet
  facet normal -0.961115 -0.221896 -0.164379
    outer loop
      vertex 58.994 14.7088 0
      vertex 59.4714 12.641 0
      vertex 57.5385 14.346 9
    endloop
  endfacet
  facet normal -0.961117 -0.221884 -0.164381
    outer loop
      vertex 59.4714 12.641 0
      vertex 58.0041 12.3292 9
      vertex 57.5385 14.346 9
    endloop
  endfacet
  facet normal 0.961118 0.221886 0.164371
    outer loop
      vertex 56.7326 12.0589 24
      vertex 60.1583 14.9992 0
      vertex 56.2772 14.0315 24
    endloop
  endfacet
  facet normal 0.96112 0.221878 0.164371
    outer loop
      vertex 60.6451 12.8905 0
      vertex 60.1583 14.9992 0
      vertex 56.7326 12.0589 24
    endloop
  endfacet
  facet normal -0.981621 -0.190841 0
    outer loop
      vertex 54.3614 9.58538 21
      vertex 53.9937 11.4767 24
      vertex 53.9937 11.4767 21
    endloop
  endfacet
  facet normal -0.981621 -0.190841 0
    outer loop
      vertex 53.9937 11.4767 24
      vertex 54.3614 9.58538 21
      vertex 54.3614 9.58538 24
    endloop
  endfacet
  facet normal -0.981628 -0.190803 0
    outer loop
      vertex 49.2404 8.68241 19
      vertex 48.9074 10.3956 21
      vertex 48.9074 10.3956 19
    endloop
  endfacet
  facet normal -0.981628 -0.190803 0
    outer loop
      vertex 48.9074 10.3956 21
      vertex 49.2404 8.68241 19
      vertex 49.2404 8.68241 21
    endloop
  endfacet
  facet normal -0.718868 -0.139748 -0.680954
    outer loop
      vertex 58.0041 12.3292 9
      vertex 58.3991 10.2973 9
      vertex 48.9074 10.3956 19
    endloop
  endfacet
  facet normal -0.71887 -0.13973 -0.680956
    outer loop
      vertex 58.3991 10.2973 9
      vertex 49.2404 8.68241 19
      vertex 48.9074 10.3956 19
    endloop
  endfacet
  facet normal -0.968277 -0.188199 -0.164381
    outer loop
      vertex 59.4714 12.641 0
      vertex 59.8763 10.5578 0
      vertex 58.0041 12.3292 9
    endloop
  endfacet
  facet normal -0.968272 -0.188231 -0.164374
    outer loop
      vertex 59.8763 10.5578 0
      vertex 58.3991 10.2973 9
      vertex 58.0041 12.3292 9
    endloop
  endfacet
  facet normal 0.968275 0.188217 0.164371
    outer loop
      vertex 57.1189 10.0716 24
      vertex 60.6451 12.8905 0
      vertex 56.7326 12.0589 24
    endloop
  endfacet
  facet normal 0.968269 0.188248 0.164373
    outer loop
      vertex 61.0581 10.7662 0
      vertex 60.6451 12.8905 0
      vertex 57.1189 10.0716 24
    endloop
  endfacet
  facet normal -0.987689 -0.156429 0
    outer loop
      vertex 54.6628 7.68235 21
      vertex 54.3614 9.58538 24
      vertex 54.3614 9.58538 21
    endloop
  endfacet
  facet normal -0.987689 -0.156429 0
    outer loop
      vertex 54.3614 9.58538 24
      vertex 54.6628 7.68235 21
      vertex 54.6628 7.68235 24
    endloop
  endfacet
  facet normal -0.98769 -0.156425 0
    outer loop
      vertex 49.5134 6.95865 19
      vertex 49.2404 8.68241 21
      vertex 49.2404 8.68241 19
    endloop
  endfacet
  facet normal -0.98769 -0.156425 0
    outer loop
      vertex 49.2404 8.68241 21
      vertex 49.5134 6.95865 19
      vertex 49.5134 6.95865 21
    endloop
  endfacet
  facet normal -0.723307 -0.114564 -0.680956
    outer loop
      vertex 58.3991 10.2973 9
      vertex 58.7229 8.25296 9
      vertex 49.2404 8.68241 19
    endloop
  endfacet
  facet normal -0.723308 -0.114554 -0.680957
    outer loop
      vertex 58.7229 8.25296 9
      vertex 49.5134 6.95865 19
      vertex 49.2404 8.68241 19
    endloop
  endfacet
  facet normal -0.974253 -0.154313 -0.164374
    outer loop
      vertex 59.8763 10.5578 0
      vertex 60.2083 8.46172 0
      vertex 58.3991 10.2973 9
    endloop
  endfacet
  facet normal -0.974253 -0.154311 -0.164374
    outer loop
      vertex 60.2083 8.46172 0
      vertex 58.7229 8.25296 9
      vertex 58.3991 10.2973 9
    endloop
  endfacet
  facet normal 0.974261 0.15426 0.164373
    outer loop
      vertex 57.4355 8.07204 24
      vertex 61.0581 10.7662 0
      vertex 57.1189 10.0716 24
    endloop
  endfacet
  facet normal 0.974257 0.154288 0.164376
    outer loop
      vertex 61.3966 8.62873 0
      vertex 61.0581 10.7662 0
      vertex 57.4355 8.07204 24
    endloop
  endfacet
  facet normal -0.992547 -0.121864 0
    outer loop
      vertex 54.8976 5.76997 21
      vertex 54.6628 7.68235 24
      vertex 54.6628 7.68235 21
    endloop
  endfacet
  facet normal -0.992547 -0.121864 0
    outer loop
      vertex 54.6628 7.68235 24
      vertex 54.8976 5.76997 21
      vertex 54.8976 5.76997 24
    endloop
  endfacet
  facet normal -0.992546 -0.121874 0
    outer loop
      vertex 49.7261 5.22642 19
      vertex 49.5134 6.95865 21
      vertex 49.5134 6.95865 19
    endloop
  endfacet
  facet normal -0.992546 -0.121874 0
    outer loop
      vertex 49.5134 6.95865 21
      vertex 49.7261 5.22642 19
      vertex 49.7261 5.22642 21
    endloop
  endfacet
  facet normal -0.726867 -0.08923 -0.680957
    outer loop
      vertex 58.7229 8.25296 9
      vertex 58.9751 6.19854 9
      vertex 49.5134 6.95865 19
    endloop
  endfacet
  facet normal -0.726866 -0.0892517 -0.680955
    outer loop
      vertex 58.9751 6.19854 9
      vertex 49.7261 5.22642 19
      vertex 49.5134 6.95865 19
    endloop
  endfacet
  facet normal -0.979047 -0.120197 -0.164374
    outer loop
      vertex 60.2083 8.46172 0
      vertex 60.4669 6.35533 0
      vertex 58.7229 8.25296 9
    endloop
  endfacet
  facet normal -0.979048 -0.120188 -0.164376
    outer loop
      vertex 60.4669 6.35533 0
      vertex 58.9751 6.19854 9
      vertex 58.7229 8.25296 9
    endloop
  endfacet
  facet normal 0.979041 0.120249 0.164376
    outer loop
      vertex 57.6823 6.06265 24
      vertex 61.3966 8.62873 0
      vertex 57.4355 8.07204 24
    endloop
  endfacet
  facet normal 0.979042 0.12024 0.164375
    outer loop
      vertex 61.6604 6.48076 0
      vertex 61.3966 8.62873 0
      vertex 57.6823 6.06265 24
    endloop
  endfacet
  facet normal -0.996196 -0.087142 0
    outer loop
      vertex 55.0655 3.85056 21
      vertex 54.8976 5.76997 24
      vertex 54.8976 5.76997 21
    endloop
  endfacet
  facet normal -0.996196 -0.087142 0
    outer loop
      vertex 54.8976 5.76997 24
      vertex 55.0655 3.85056 21
      vertex 55.0655 3.85056 24
    endloop
  endfacet
  facet normal -0.996195 -0.0871513 0
    outer loop
      vertex 49.8782 3.48782 19
      vertex 49.7261 5.22642 21
      vertex 49.7261 5.22642 19
    endloop
  endfacet
  facet normal -0.996195 -0.0871513 0
    outer loop
      vertex 49.7261 5.22642 21
      vertex 49.8782 3.48782 19
      vertex 49.8782 3.48782 21
    endloop
  endfacet
  facet normal -0.729539 -0.0638264 -0.680955
    outer loop
      vertex 58.9751 6.19854 9
      vertex 59.1555 4.13656 9
      vertex 49.7261 5.22642 19
    endloop
  endfacet
  facet normal -0.729539 -0.0638231 -0.680955
    outer loop
      vertex 59.1555 4.13656 9
      vertex 49.8782 3.48782 19
      vertex 49.7261 5.22642 19
    endloop
  endfacet
  facet normal -0.982643 -0.0859872 -0.164376
    outer loop
      vertex 60.4669 6.35533 0
      vertex 60.6519 4.24119 0
      vertex 58.9751 6.19854 9
    endloop
  endfacet
  facet normal -0.982643 -0.0859702 -0.16438
    outer loop
      vertex 60.6519 4.24119 0
      vertex 59.1555 4.13656 9
      vertex 58.9751 6.19854 9
    endloop
  endfacet
  facet normal 0.982646 0.0859483 0.164375
    outer loop
      vertex 57.8587 4.04587 24
      vertex 61.6604 6.48076 0
      vertex 57.6823 6.06265 24
    endloop
  endfacet
  facet normal 0.982645 0.0859642 0.164376
    outer loop
      vertex 61.849 4.3249 0
      vertex 61.6604 6.48076 0
      vertex 57.8587 4.04587 24
    endloop
  endfacet
  facet normal -0.998628 -0.0523679 0
    outer loop
      vertex 55.1664 1.92645 21
      vertex 55.0655 3.85056 24
      vertex 55.0655 3.85056 21
    endloop
  endfacet
  facet normal -0.998628 -0.0523679 0
    outer loop
      vertex 55.0655 3.85056 24
      vertex 55.1664 1.92645 21
      vertex 55.1664 1.92645 24
    endloop
  endfacet
  facet normal -0.998631 -0.0523137 0
    outer loop
      vertex 49.9695 1.74497 19
      vertex 49.8782 3.48782 21
      vertex 49.8782 3.48782 19
    endloop
  endfacet
  facet normal -0.998631 -0.0523137 0
    outer loop
      vertex 49.8782 3.48782 21
      vertex 49.9695 1.74497 19
      vertex 49.9695 1.74497 21
    endloop
  endfacet
  facet normal -0.73132 -0.0383524 -0.680955
    outer loop
      vertex 59.1555 4.13656 9
      vertex 59.2639 2.06954 9
      vertex 49.8782 3.48782 19
    endloop
  endfacet
  facet normal -0.731318 -0.0383104 -0.68096
    outer loop
      vertex 59.2639 2.06954 9
      vertex 49.9695 1.74497 19
      vertex 49.8782 3.48782 19
    endloop
  endfacet
  facet normal -0.985044 -0.051639 -0.16438
    outer loop
      vertex 60.6519 4.24119 0
      vertex 60.763 2.12189 0
      vertex 59.1555 4.13656 9
    endloop
  endfacet
  facet normal -0.985044 -0.0516583 -0.164376
    outer loop
      vertex 60.763 2.12189 0
      vertex 59.2639 2.06954 9
      vertex 59.1555 4.13656 9
    endloop
  endfacet
  facet normal 0.985045 0.051647 0.164376
    outer loop
      vertex 57.9647 2.02417 24
      vertex 61.849 4.3249 0
      vertex 57.8587 4.04587 24
    endloop
  endfacet
  facet normal 0.985048 0.0515968 0.164372
    outer loop
      vertex 61.9622 2.16377 0
      vertex 61.849 4.3249 0
      vertex 57.9647 2.02417 24
    endloop
  endfacet
  facet normal -0.999848 -0.0174388 0
    outer loop
      vertex 55.2 0 21
      vertex 55.1664 1.92645 24
      vertex 55.1664 1.92645 21
    endloop
  endfacet
  facet normal -0.999848 -0.0174388 0
    outer loop
      vertex 55.1664 1.92645 24
      vertex 55.2 0 21
      vertex 55.2 0 24
    endloop
  endfacet
  facet normal -0.999847 -0.0174761 0
    outer loop
      vertex 50 0 19
      vertex 49.9695 1.74497 21
      vertex 49.9695 1.74497 19
    endloop
  endfacet
  facet normal -0.999847 -0.0174761 0
    outer loop
      vertex 49.9695 1.74497 21
      vertex 50 0 19
      vertex 50 0 21
    endloop
  endfacet
  facet normal -0.73221 -0.0127723 -0.68096
    outer loop
      vertex 59.2639 2.06954 9
      vertex 59.3 0 9
      vertex 49.9695 1.74497 19
    endloop
  endfacet
  facet normal -0.732212 -0.0127982 -0.680957
    outer loop
      vertex 59.3 0 9
      vertex 50 0 19
      vertex 49.9695 1.74497 19
    endloop
  endfacet
  facet normal -0.986248 -0.0171975 -0.164376
    outer loop
      vertex 60.763 2.12189 0
      vertex 60.8 0 0
      vertex 59.2639 2.06954 9
    endloop
  endfacet
  facet normal -0.986248 -0.0172036 -0.164375
    outer loop
      vertex 60.8 0 0
      vertex 59.3 0 9
      vertex 59.2639 2.06954 9
    endloop
  endfacet
  facet normal 0.986248 0.0171994 0.164372
    outer loop
      vertex 58 0 24
      vertex 61.9622 2.16377 0
      vertex 57.9647 2.02417 24
    endloop
  endfacet
  facet normal 0.986248 0.0172293 0.164375
    outer loop
      vertex 62 0 0
      vertex 61.9622 2.16377 0
      vertex 58 0 24
    endloop
  endfacet
  facet normal -0.999848 0.0174388 0
    outer loop
      vertex 55.1664 -1.92645 21
      vertex 55.2 0 24
      vertex 55.2 0 21
    endloop
  endfacet
  facet normal -0.999848 0.0174388 0
    outer loop
      vertex 55.2 0 24
      vertex 55.1664 -1.92645 21
      vertex 55.1664 -1.92645 24
    endloop
  endfacet
  facet normal -0.999847 0.0174761 0
    outer loop
      vertex 49.9695 -1.74497 19
      vertex 50 0 21
      vertex 50 0 19
    endloop
  endfacet
  facet normal -0.999847 0.0174761 0
    outer loop
      vertex 50 0 21
      vertex 49.9695 -1.74497 19
      vertex 49.9695 -1.74497 21
    endloop
  endfacet
  facet normal -0.732212 0.0127723 -0.680957
    outer loop
      vertex 59.3 0 9
      vertex 59.2639 -2.06954 9
      vertex 50 0 19
    endloop
  endfacet
  facet normal -0.732209 0.0127981 -0.68096
    outer loop
      vertex 50 0 19
      vertex 59.2639 -2.06954 9
      vertex 49.9695 -1.74497 19
    endloop
  endfacet
  facet normal -0.986248 0.0171975 -0.164375
    outer loop
      vertex 60.8 0 0
      vertex 60.763 -2.12189 0
      vertex 59.3 0 9
    endloop
  endfacet
  facet normal -0.986248 0.0172036 -0.164376
    outer loop
      vertex 59.3 0 9
      vertex 60.763 -2.12189 0
      vertex 59.2639 -2.06954 9
    endloop
  endfacet
  facet normal 0.986248 -0.0171994 0.164375
    outer loop
      vertex 62 0 0
      vertex 58 0 24
      vertex 57.9647 -2.02417 24
    endloop
  endfacet
  facet normal 0.986248 -0.0172293 0.164372
    outer loop
      vertex 61.9622 -2.16377 0
      vertex 62 0 0
      vertex 57.9647 -2.02417 24
    endloop
  endfacet
  facet normal -0.998628 0.0523679 0
    outer loop
      vertex 55.0655 -3.85056 21
      vertex 55.1664 -1.92645 24
      vertex 55.1664 -1.92645 21
    endloop
  endfacet
  facet normal -0.998628 0.0523679 0
    outer loop
      vertex 55.1664 -1.92645 24
      vertex 55.0655 -3.85056 21
      vertex 55.0655 -3.85056 24
    endloop
  endfacet
  facet normal -0.998631 0.0523137 0
    outer loop
      vertex 49.8782 -3.48782 19
      vertex 49.9695 -1.74497 21
      vertex 49.9695 -1.74497 19
    endloop
  endfacet
  facet normal -0.998631 0.0523137 0
    outer loop
      vertex 49.9695 -1.74497 21
      vertex 49.8782 -3.48782 19
      vertex 49.8782 -3.48782 21
    endloop
  endfacet
  facet normal -0.731316 0.0383522 -0.680959
    outer loop
      vertex 59.2639 -2.06954 9
      vertex 59.1555 -4.13656 9
      vertex 49.9695 -1.74497 19
    endloop
  endfacet
  facet normal -0.731322 0.0383107 -0.680955
    outer loop
      vertex 49.9695 -1.74497 19
      vertex 59.1555 -4.13656 9
      vertex 49.8782 -3.48782 19
    endloop
  endfacet
  facet normal -0.985045 0.051639 -0.164376
    outer loop
      vertex 60.763 -2.12189 0
      vertex 60.6519 -4.24119 0
      vertex 59.2639 -2.06954 9
    endloop
  endfacet
  facet normal -0.985043 0.0516583 -0.16438
    outer loop
      vertex 59.2639 -2.06954 9
      vertex 60.6519 -4.24119 0
      vertex 59.1555 -4.13656 9
    endloop
  endfacet
  facet normal 0.985045 -0.051647 0.164372
    outer loop
      vertex 61.9622 -2.16377 0
      vertex 57.9647 -2.02417 24
      vertex 57.8587 -4.04587 24
    endloop
  endfacet
  facet normal 0.985047 -0.0515968 0.164376
    outer loop
      vertex 61.849 -4.3249 0
      vertex 61.9622 -2.16377 0
      vertex 57.8587 -4.04587 24
    endloop
  endfacet
  facet normal -0.996196 0.087142 0
    outer loop
      vertex 54.8976 -5.76997 21
      vertex 55.0655 -3.85056 24
      vertex 55.0655 -3.85056 21
    endloop
  endfacet
  facet normal -0.996196 0.087142 0
    outer loop
      vertex 55.0655 -3.85056 24
      vertex 54.8976 -5.76997 21
      vertex 54.8976 -5.76997 24
    endloop
  endfacet
  facet normal -0.996195 0.0871513 0
    outer loop
      vertex 49.7261 -5.22642 19
      vertex 49.8782 -3.48782 21
      vertex 49.8782 -3.48782 19
    endloop
  endfacet
  facet normal -0.996195 0.0871513 0
    outer loop
      vertex 49.8782 -3.48782 21
      vertex 49.7261 -5.22642 19
      vertex 49.7261 -5.22642 21
    endloop
  endfacet
  facet normal -0.729538 0.0638264 -0.680955
    outer loop
      vertex 59.1555 -4.13656 9
      vertex 58.9751 -6.19854 9
      vertex 49.8782 -3.48782 19
    endloop
  endfacet
  facet normal -0.729539 0.0638231 -0.680955
    outer loop
      vertex 49.8782 -3.48782 19
      vertex 58.9751 -6.19854 9
      vertex 49.7261 -5.22642 19
    endloop
  endfacet
  facet normal -0.982642 0.0859871 -0.16438
    outer loop
      vertex 60.6519 -4.24119 0
      vertex 60.4669 -6.35533 0
      vertex 59.1555 -4.13656 9
    endloop
  endfacet
  facet normal -0.982644 0.0859703 -0.164376
    outer loop
      vertex 59.1555 -4.13656 9
      vertex 60.4669 -6.35533 0
      vertex 58.9751 -6.19854 9
    endloop
  endfacet
  facet normal 0.982646 -0.0859483 0.164376
    outer loop
      vertex 61.849 -4.3249 0
      vertex 57.8587 -4.04587 24
      vertex 57.6823 -6.06265 24
    endloop
  endfacet
  facet normal 0.982645 -0.0859642 0.164375
    outer loop
      vertex 61.6604 -6.48076 0
      vertex 61.849 -4.3249 0
      vertex 57.6823 -6.06265 24
    endloop
  endfacet
  facet normal -0.992547 0.121864 0
    outer loop
      vertex 54.6628 -7.68235 21
      vertex 54.8976 -5.76997 24
      vertex 54.8976 -5.76997 21
    endloop
  endfacet
  facet normal -0.992547 0.121864 0
    outer loop
      vertex 54.8976 -5.76997 24
      vertex 54.6628 -7.68235 21
      vertex 54.6628 -7.68235 24
    endloop
  endfacet
  facet normal -0.992546 0.121874 0
    outer loop
      vertex 49.5134 -6.95865 19
      vertex 49.7261 -5.22642 21
      vertex 49.7261 -5.22642 19
    endloop
  endfacet
  facet normal -0.992546 0.121874 0
    outer loop
      vertex 49.7261 -5.22642 21
      vertex 49.5134 -6.95865 19
      vertex 49.5134 -6.95865 21
    endloop
  endfacet
  facet normal -0.726869 0.0892302 -0.680955
    outer loop
      vertex 58.9751 -6.19854 9
      vertex 58.7229 -8.25296 9
      vertex 49.7261 -5.22642 19
    endloop
  endfacet
  facet normal -0.726864 0.0892514 -0.680957
    outer loop
      vertex 49.7261 -5.22642 19
      vertex 58.7229 -8.25296 9
      vertex 49.5134 -6.95865 19
    endloop
  endfacet
  facet normal -0.979047 0.120197 -0.164376
    outer loop
      vertex 60.4669 -6.35533 0
      vertex 60.2083 -8.46172 0
      vertex 58.9751 -6.19854 9
    endloop
  endfacet
  facet normal -0.979049 0.120188 -0.164374
    outer loop
      vertex 58.9751 -6.19854 9
      vertex 60.2083 -8.46172 0
      vertex 58.7229 -8.25296 9
    endloop
  endfacet
  facet normal 0.979041 -0.120249 0.164375
    outer loop
      vertex 61.6604 -6.48076 0
      vertex 57.6823 -6.06265 24
      vertex 57.4355 -8.07204 24
    endloop
  endfacet
  facet normal 0.979042 -0.12024 0.164376
    outer loop
      vertex 61.3966 -8.62873 0
      vertex 61.6604 -6.48076 0
      vertex 57.4355 -8.07204 24
    endloop
  endfacet
  facet normal -0.987689 0.156429 0
    outer loop
      vertex 54.3614 -9.58538 21
      vertex 54.6628 -7.68235 24
      vertex 54.6628 -7.68235 21
    endloop
  endfacet
  facet normal -0.987689 0.156429 0
    outer loop
      vertex 54.6628 -7.68235 24
      vertex 54.3614 -9.58538 21
      vertex 54.3614 -9.58538 24
    endloop
  endfacet
  facet normal -0.98769 0.156425 0
    outer loop
      vertex 49.2404 -8.68241 19
      vertex 49.5134 -6.95865 21
      vertex 49.5134 -6.95865 19
    endloop
  endfacet
  facet normal -0.98769 0.156425 0
    outer loop
      vertex 49.5134 -6.95865 21
      vertex 49.2404 -8.68241 19
      vertex 49.2404 -8.68241 21
    endloop
  endfacet
  facet normal -0.723307 0.114563 -0.680957
    outer loop
      vertex 58.7229 -8.25296 9
      vertex 58.3991 -10.2973 9
      vertex 49.5134 -6.95865 19
    endloop
  endfacet
  facet normal -0.723309 0.114554 -0.680956
    outer loop
      vertex 49.5134 -6.95865 19
      vertex 58.3991 -10.2973 9
      vertex 49.2404 -8.68241 19
    endloop
  endfacet
  facet normal -0.974253 0.154313 -0.164374
    outer loop
      vertex 60.2083 -8.46172 0
      vertex 59.8763 -10.5578 0
      vertex 58.7229 -8.25296 9
    endloop
  endfacet
  facet normal -0.974253 0.154311 -0.164374
    outer loop
      vertex 58.7229 -8.25296 9
      vertex 59.8763 -10.5578 0
      vertex 58.3991 -10.2973 9
    endloop
  endfacet
  facet normal 0.974261 -0.154259 0.164376
    outer loop
      vertex 61.3966 -8.62873 0
      vertex 57.4355 -8.07204 24
      vertex 57.1189 -10.0716 24
    endloop
  endfacet
  facet normal 0.974257 -0.154288 0.164373
    outer loop
      vertex 61.0581 -10.7662 0
      vertex 61.3966 -8.62873 0
      vertex 57.1189 -10.0716 24
    endloop
  endfacet
  facet normal -0.981621 0.190841 0
    outer loop
      vertex 53.9937 -11.4767 21
      vertex 54.3614 -9.58538 24
      vertex 54.3614 -9.58538 21
    endloop
  endfacet
  facet normal -0.981621 0.190841 0
    outer loop
      vertex 54.3614 -9.58538 24
      vertex 53.9937 -11.4767 21
      vertex 53.9937 -11.4767 24
    endloop
  endfacet
  facet normal -0.981628 0.190803 0
    outer loop
      vertex 48.9074 -10.3956 19
      vertex 49.2404 -8.68241 21
      vertex 49.2404 -8.68241 19
    endloop
  endfacet
  facet normal -0.981628 0.190803 0
    outer loop
      vertex 49.2404 -8.68241 21
      vertex 48.9074 -10.3956 19
      vertex 48.9074 -10.3956 21
    endloop
  endfacet
  facet normal -0.718867 0.139747 -0.680956
    outer loop
      vertex 58.3991 -10.2973 9
      vertex 58.0041 -12.3292 9
      vertex 49.2404 -8.68241 19
    endloop
  endfacet
  facet normal -0.718872 0.13973 -0.680954
    outer loop
      vertex 49.2404 -8.68241 19
      vertex 58.0041 -12.3292 9
      vertex 48.9074 -10.3956 19
    endloop
  endfacet
  facet normal -0.968278 0.188199 -0.164374
    outer loop
      vertex 59.8763 -10.5578 0
      vertex 59.4714 -12.641 0
      vertex 58.3991 -10.2973 9
    endloop
  endfacet
  facet normal -0.96827 0.188231 -0.164382
    outer loop
      vertex 58.3991 -10.2973 9
      vertex 59.4714 -12.641 0
      vertex 58.0041 -12.3292 9
    endloop
  endfacet
  facet normal 0.968275 -0.188217 0.164373
    outer loop
      vertex 61.0581 -10.7662 0
      vertex 57.1189 -10.0716 24
      vertex 56.7326 -12.0589 24
    endloop
  endfacet
  facet normal 0.968269 -0.188248 0.164371
    outer loop
      vertex 60.6451 -12.8905 0
      vertex 61.0581 -10.7662 0
      vertex 56.7326 -12.0589 24
    endloop
  endfacet
  facet normal -0.974374 0.224935 0
    outer loop
      vertex 53.5603 -13.3541 21
      vertex 53.9937 -11.4767 24
      vertex 53.9937 -11.4767 21
    endloop
  endfacet
  facet normal -0.974374 0.224935 0
    outer loop
      vertex 53.9937 -11.4767 24
      vertex 53.5603 -13.3541 21
      vertex 53.5603 -13.3541 24
    endloop
  endfacet
  facet normal -0.974369 0.224956 0
    outer loop
      vertex 48.5148 -12.0961 19
      vertex 48.9074 -10.3956 21
      vertex 48.9074 -10.3956 19
    endloop
  endfacet
  facet normal -0.974369 0.224956 0
    outer loop
      vertex 48.9074 -10.3956 21
      vertex 48.5148 -12.0961 19
      vertex 48.5148 -12.0961 21
    endloop
  endfacet
  facet normal -0.713557 0.164732 -0.680954
    outer loop
      vertex 58.0041 -12.3292 9
      vertex 57.5385 -14.346 9
      vertex 48.9074 -10.3956 19
    endloop
  endfacet
  facet normal -0.713555 0.164741 -0.680955
    outer loop
      vertex 48.9074 -10.3956 19
      vertex 57.5385 -14.346 9
      vertex 48.5148 -12.0961 19
    endloop
  endfacet
  facet normal -0.961115 0.221896 -0.164381
    outer loop
      vertex 59.4714 -12.641 0
      vertex 58.994 -14.7088 0
      vertex 58.0041 -12.3292 9
    endloop
  endfacet
  facet normal -0.961118 0.221884 -0.164378
    outer loop
      vertex 58.0041 -12.3292 9
      vertex 58.994 -14.7088 0
      vertex 57.5385 -14.346 9
    endloop
  endfacet
  facet normal 0.961118 -0.221887 0.164371
    outer loop
      vertex 60.6451 -12.8905 0
      vertex 56.7326 -12.0589 24
      vertex 56.2772 -14.0315 24
    endloop
  endfacet
  facet normal 0.96112 -0.221878 0.164371
    outer loop
      vertex 60.1583 -14.9992 0
      vertex 60.6451 -12.8905 0
      vertex 56.2772 -14.0315 24
    endloop
  endfacet
  facet normal -0.965923 0.258829 0
    outer loop
      vertex 53.0616 -15.2152 21
      vertex 53.5603 -13.3541 24
      vertex 53.5603 -13.3541 21
    endloop
  endfacet
  facet normal -0.965923 0.258829 0
    outer loop
      vertex 53.5603 -13.3541 24
      vertex 53.0616 -15.2152 21
      vertex 53.0616 -15.2152 24
    endloop
  endfacet
  facet normal -0.965927 0.258814 0
    outer loop
      vertex 48.0631 -13.7819 19
      vertex 48.5148 -12.0961 21
      vertex 48.5148 -12.0961 19
    endloop
  endfacet
  facet normal -0.965927 0.258814 0
    outer loop
      vertex 48.5148 -12.0961 21
      vertex 48.0631 -13.7819 19
      vertex 48.0631 -13.7819 21
    endloop
  endfacet
  facet normal -0.707372 0.189536 -0.680955
    outer loop
      vertex 57.5385 -14.346 9
      vertex 57.0028 -16.3453 9
      vertex 48.5148 -12.0961 19
    endloop
  endfacet
  facet normal -0.707372 0.189536 -0.680955
    outer loop
      vertex 48.5148 -12.0961 19
      vertex 57.0028 -16.3453 9
      vertex 48.0631 -13.7819 19
    endloop
  endfacet
  facet normal -0.952783 0.255312 -0.164378
    outer loop
      vertex 58.994 -14.7088 0
      vertex 58.4447 -16.7587 0
      vertex 57.5385 -14.346 9
    endloop
  endfacet
  facet normal -0.952789 0.255294 -0.164374
    outer loop
      vertex 57.5385 -14.346 9
      vertex 58.4447 -16.7587 0
      vertex 57.0028 -16.3453 9
    endloop
  endfacet
  facet normal 0.952785 -0.25531 0.164372
    outer loop
      vertex 60.1583 -14.9992 0
      vertex 56.2772 -14.0315 24
      vertex 55.7532 -15.987 24
    endloop
  endfacet
  facet normal 0.952787 -0.255301 0.164372
    outer loop
      vertex 59.5982 -17.0895 0
      vertex 60.1583 -14.9992 0
      vertex 55.7532 -15.987 24
    endloop
  endfacet
  facet normal -0.956306 0.292368 0
    outer loop
      vertex 52.4983 -17.0577 21
      vertex 53.0616 -15.2152 24
      vertex 53.0616 -15.2152 21
    endloop
  endfacet
  facet normal -0.956306 0.292368 0
    outer loop
      vertex 53.0616 -15.2152 24
      vertex 52.4983 -17.0577 21
      vertex 52.4983 -17.0577 24
    endloop
  endfacet
  facet normal -0.956294 0.292406 0
    outer loop
      vertex 47.5528 -15.4508 19
      vertex 48.0631 -13.7819 21
      vertex 48.0631 -13.7819 19
    endloop
  endfacet
  facet normal -0.956294 0.292406 0
    outer loop
      vertex 48.0631 -13.7819 21
      vertex 47.5528 -15.4508 19
      vertex 47.5528 -15.4508 21
    endloop
  endfacet
  facet normal -0.700322 0.214123 -0.680955
    outer loop
      vertex 57.0028 -16.3453 9
      vertex 56.3976 -18.3247 9
      vertex 48.0631 -13.7819 19
    endloop
  endfacet
  facet normal -0.700317 0.214136 -0.680957
    outer loop
      vertex 48.0631 -13.7819 19
      vertex 56.3976 -18.3247 9
      vertex 47.5528 -15.4508 19
    endloop
  endfacet
  facet normal -0.943295 0.288403 -0.164374
    outer loop
      vertex 58.4447 -16.7587 0
      vertex 57.8242 -18.7882 0
      vertex 57.0028 -16.3453 9
    endloop
  endfacet
  facet normal -0.943292 0.288411 -0.164375
    outer loop
      vertex 57.0028 -16.3453 9
      vertex 57.8242 -18.7882 0
      vertex 56.3976 -18.3247 9
    endloop
  endfacet
  facet normal 0.943297 -0.288397 0.164372
    outer loop
      vertex 59.5982 -17.0895 0
      vertex 55.7532 -15.987 24
      vertex 55.1613 -17.923 24
    endloop
  endfacet
  facet normal 0.943302 -0.288378 0.164374
    outer loop
      vertex 58.9655 -19.1591 0
      vertex 59.5982 -17.0895 0
      vertex 55.1613 -17.923 24
    endloop
  endfacet
  facet normal -0.945518 0.32557 0
    outer loop
      vertex 51.871 -18.8795 21
      vertex 52.4983 -17.0577 24
      vertex 52.4983 -17.0577 21
    endloop
  endfacet
  facet normal -0.945518 0.32557 0
    outer loop
      vertex 52.4983 -17.0577 24
      vertex 51.871 -18.8795 21
      vertex 51.871 -18.8795 24
    endloop
  endfacet
  facet normal -0.94552 0.325563 0
    outer loop
      vertex 46.9846 -17.101 19
      vertex 47.5528 -15.4508 21
      vertex 47.5528 -15.4508 19
    endloop
  endfacet
  facet normal -0.94552 0.325563 0
    outer loop
      vertex 47.5528 -15.4508 21
      vertex 46.9846 -17.101 19
      vertex 46.9846 -17.101 21
    endloop
  endfacet
  facet normal -0.692435 0.238395 -0.680957
    outer loop
      vertex 56.3976 -18.3247 9
      vertex 55.7238 -20.2818 9
      vertex 47.5528 -15.4508 19
    endloop
  endfacet
  facet normal -0.692425 0.238417 -0.680959
    outer loop
      vertex 47.5528 -15.4508 19
      vertex 55.7238 -20.2818 9
      vertex 46.9846 -17.101 19
    endloop
  endfacet
  facet normal -0.932661 0.321128 -0.164375
    outer loop
      vertex 57.8242 -18.7882 0
      vertex 57.1333 -20.7948 0
      vertex 56.3976 -18.3247 9
    endloop
  endfacet
  facet normal -0.932671 0.321104 -0.16437
    outer loop
      vertex 56.3976 -18.3247 9
      vertex 57.1333 -20.7948 0
      vertex 55.7238 -20.2818 9
    endloop
  endfacet
  facet normal 0.932659 -0.321135 0.164374
    outer loop
      vertex 58.9655 -19.1591 0
      vertex 55.1613 -17.923 24
      vertex 54.5022 -19.8372 24
    endloop
  endfacet
  facet normal 0.932648 -0.321169 0.164371
    outer loop
      vertex 58.2609 -21.2052 0
      vertex 58.9655 -19.1591 0
      vertex 54.5022 -19.8372 24
    endloop
  endfacet
  facet normal -0.933579 0.35837 0
    outer loop
      vertex 51.1805 -20.6783 21
      vertex 51.871 -18.8795 24
      vertex 51.871 -18.8795 21
    endloop
  endfacet
  facet normal -0.933579 0.35837 0
    outer loop
      vertex 51.871 -18.8795 24
      vertex 51.1805 -20.6783 21
      vertex 51.1805 -20.6783 24
    endloop
  endfacet
  facet normal -0.933586 0.358353 0
    outer loop
      vertex 46.3592 -18.7303 19
      vertex 46.9846 -17.101 21
      vertex 46.9846 -17.101 19
    endloop
  endfacet
  facet normal -0.933586 0.358353 0
    outer loop
      vertex 46.9846 -17.101 21
      vertex 46.3592 -18.7303 19
      vertex 46.3592 -18.7303 21
    endloop
  endfacet
  facet normal -0.683678 0.262447 -0.680959
    outer loop
      vertex 55.7238 -20.2818 9
      vertex 54.982 -22.2142 9
      vertex 46.9846 -17.101 19
    endloop
  endfacet
  facet normal -0.683687 0.26243 -0.680957
    outer loop
      vertex 46.9846 -17.101 19
      vertex 54.982 -22.2142 9
      vertex 46.3592 -18.7303 19
    endloop
  endfacet
  facet normal -0.92089 0.353474 -0.16437
    outer loop
      vertex 57.1333 -20.7948 0
      vertex 56.3728 -22.7761 0
      vertex 55.7238 -20.2818 9
    endloop
  endfacet
  facet normal -0.920878 0.353502 -0.164377
    outer loop
      vertex 55.7238 -20.2818 9
      vertex 56.3728 -22.7761 0
      vertex 54.982 -22.2142 9
    endloop
  endfacet
  facet normal 0.920883 -0.353492 0.164371
    outer loop
      vertex 58.2609 -21.2052 0
      vertex 54.5022 -19.8372 24
      vertex 53.7767 -21.7272 24
    endloop
  endfacet
  facet normal 0.920891 -0.35347 0.164373
    outer loop
      vertex 57.4854 -23.2256 0
      vertex 58.2609 -21.2052 0
      vertex 53.7767 -21.7272 24
    endloop
  endfacet
  facet normal -0.920514 0.39071 0
    outer loop
      vertex 50.4277 -22.4519 21
      vertex 51.1805 -20.6783 24
      vertex 51.1805 -20.6783 21
    endloop
  endfacet
  facet normal -0.920514 0.39071 0
    outer loop
      vertex 51.1805 -20.6783 24
      vertex 50.4277 -22.4519 21
      vertex 50.4277 -22.4519 24
    endloop
  endfacet
  facet normal -0.920509 0.390722 0
    outer loop
      vertex 45.6773 -20.3368 19
      vertex 46.3592 -18.7303 21
      vertex 46.3592 -18.7303 19
    endloop
  endfacet
  facet normal -0.920509 0.390722 0
    outer loop
      vertex 46.3592 -18.7303 21
      vertex 45.6773 -20.3368 19
      vertex 45.6773 -20.3368 21
    endloop
  endfacet
  facet normal -0.674101 0.286156 -0.680957
    outer loop
      vertex 54.982 -22.2142 9
      vertex 54.1732 -24.1195 9
      vertex 46.3592 -18.7303 19
    endloop
  endfacet
  facet normal -0.674112 0.286136 -0.680955
    outer loop
      vertex 46.3592 -18.7303 19
      vertex 54.1732 -24.1195 9
      vertex 45.6773 -20.3368 19
    endloop
  endfacet
  facet normal -0.907986 0.385412 -0.164377
    outer loop
      vertex 56.3728 -22.7761 0
      vertex 55.5436 -24.7296 0
      vertex 54.982 -22.2142 9
    endloop
  endfacet
  facet normal -0.907975 0.385435 -0.164383
    outer loop
      vertex 54.982 -22.2142 9
      vertex 55.5436 -24.7296 0
      vertex 54.1732 -24.1195 9
    endloop
  endfacet
  facet normal 0.907968 -0.385454 0.164373
    outer loop
      vertex 57.4854 -23.2256 0
      vertex 53.7767 -21.7272 24
      vertex 52.9856 -23.5907 24
    endloop
  endfacet
  facet normal 0.907983 -0.385418 0.164376
    outer loop
      vertex 56.6398 -25.2177 0
      vertex 57.4854 -23.2256 0
      vertex 52.9856 -23.5907 24
    endloop
  endfacet
  facet normal -0.906301 0.422633 0
    outer loop
      vertex 49.6134 -24.1981 21
      vertex 50.4277 -22.4519 24
      vertex 50.4277 -22.4519 21
    endloop
  endfacet
  facet normal -0.906301 0.422633 0
    outer loop
      vertex 50.4277 -22.4519 24
      vertex 49.6134 -24.1981 21
      vertex 49.6134 -24.1981 24
    endloop
  endfacet
  facet normal -0.906309 0.422616 0
    outer loop
      vertex 44.9397 -21.9186 19
      vertex 45.6773 -20.3368 21
      vertex 45.6773 -20.3368 19
    endloop
  endfacet
  facet normal -0.906309 0.422616 0
    outer loop
      vertex 45.6773 -20.3368 21
      vertex 44.9397 -21.9186 19
      vertex 44.9397 -21.9186 21
    endloop
  endfacet
  facet normal -0.663718 0.30948 -0.680955
    outer loop
      vertex 54.1732 -24.1195 9
      vertex 53.2985 -25.9954 9
      vertex 45.6773 -20.3368 19
    endloop
  endfacet
  facet normal -0.663712 0.309491 -0.680957
    outer loop
      vertex 45.6773 -20.3368 19
      vertex 53.2985 -25.9954 9
      vertex 44.9397 -21.9186 19
    endloop
  endfacet
  facet normal -0.893978 0.416871 -0.164382
    outer loop
      vertex 55.5436 -24.7296 0
      vertex 54.6467 -26.653 0
      vertex 54.1732 -24.1195 9
    endloop
  endfacet
  facet normal -0.893988 0.416851 -0.164377
    outer loop
      vertex 54.1732 -24.1195 9
      vertex 54.6467 -26.653 0
      vertex 53.2985 -25.9954 9
    endloop
  endfacet
  facet normal 0.893995 -0.416837 0.164376
    outer loop
      vertex 56.6398 -25.2177 0
      vertex 52.9856 -23.5907 24
      vertex 52.1301 -25.4255 24
    endloop
  endfacet
  facet normal 0.893975 -0.416882 0.164372
    outer loop
      vertex 55.7252 -27.179 0
      vertex 56.6398 -25.2177 0
      vertex 52.1301 -25.4255 24
    endloop
  endfacet
  facet normal -0.891007 0.45399 0
    outer loop
      vertex 48.7387 -25.9148 21
      vertex 49.6134 -24.1981 24
      vertex 49.6134 -24.1981 21
    endloop
  endfacet
  facet normal -0.891007 0.45399 0
    outer loop
      vertex 49.6134 -24.1981 24
      vertex 48.7387 -25.9148 21
      vertex 48.7387 -25.9148 24
    endloop
  endfacet
  facet normal -0.891009 0.453985 0
    outer loop
      vertex 44.1474 -23.4736 19
      vertex 44.9397 -21.9186 21
      vertex 44.9397 -21.9186 19
    endloop
  endfacet
  facet normal -0.891009 0.453985 0
    outer loop
      vertex 44.9397 -21.9186 21
      vertex 44.1474 -23.4736 19
      vertex 44.1474 -23.4736 21
    endloop
  endfacet
  facet normal -0.652508 0.332463 -0.680957
    outer loop
      vertex 53.2985 -25.9954 9
      vertex 52.3588 -27.8397 9
      vertex 44.9397 -21.9186 19
    endloop
  endfacet
  facet normal -0.652507 0.332464 -0.680957
    outer loop
      vertex 44.9397 -21.9186 19
      vertex 52.3588 -27.8397 9
      vertex 44.1474 -23.4736 19
    endloop
  endfacet
  facet normal -0.878879 0.447829 -0.164378
    outer loop
      vertex 54.6467 -26.653 0
      vertex 53.6832 -28.5439 0
      vertex 53.2985 -25.9954 9
    endloop
  endfacet
  facet normal -0.878891 0.447809 -0.164372
    outer loop
      vertex 53.2985 -25.9954 9
      vertex 53.6832 -28.5439 0
      vertex 52.3588 -27.8397 9
    endloop
  endfacet
  facet normal 0.878894 -0.447803 0.164372
    outer loop
      vertex 55.7252 -27.179 0
      vertex 52.1301 -25.4255 24
      vertex 51.211 -27.2294 24
    endloop
  endfacet
  facet normal 0.8789 -0.447791 0.164373
    outer loop
      vertex 54.7428 -29.1072 0
      vertex 55.7252 -27.179 0
      vertex 51.211 -27.2294 24
    endloop
  endfacet
  facet normal -0.874624 0.484801 0
    outer loop
      vertex 47.8046 -27.6 21
      vertex 48.7387 -25.9148 24
      vertex 48.7387 -25.9148 21
    endloop
  endfacet
  facet normal -0.874624 0.484801 0
    outer loop
      vertex 48.7387 -25.9148 24
      vertex 47.8046 -27.6 21
      vertex 47.8046 -27.6 24
    endloop
  endfacet
  facet normal -0.874619 0.484811 0
    outer loop
      vertex 43.3013 -25 19
      vertex 44.1474 -23.4736 21
      vertex 44.1474 -23.4736 19
    endloop
  endfacet
  facet normal -0.874619 0.484811 0
    outer loop
      vertex 44.1474 -23.4736 21
      vertex 43.3013 -25 19
      vertex 43.3013 -25 21
    endloop
  endfacet
  facet normal -0.6405 0.355047 -0.680957
    outer loop
      vertex 52.3588 -27.8397 9
      vertex 51.3553 -29.65 9
      vertex 44.1474 -23.4736 19
    endloop
  endfacet
  facet normal -0.640505 0.355039 -0.680956
    outer loop
      vertex 44.1474 -23.4736 19
      vertex 51.3553 -29.65 9
      vertex 43.3013 -25 19
    endloop
  endfacet
  facet normal -0.862714 0.478232 -0.164372
    outer loop
      vertex 53.6832 -28.5439 0
      vertex 52.6543 -30.4 0
      vertex 52.3588 -27.8397 9
    endloop
  endfacet
  facet normal -0.862717 0.478228 -0.164371
    outer loop
      vertex 52.3588 -27.8397 9
      vertex 52.6543 -30.4 0
      vertex 51.3553 -29.65 9
    endloop
  endfacet
  facet normal 0.862715 -0.47823 0.164373
    outer loop
      vertex 54.7428 -29.1072 0
      vertex 51.211 -27.2294 24
      vertex 50.2295 -29 24
    endloop
  endfacet
  facet normal 0.862722 -0.478217 0.164375
    outer loop
      vertex 53.6936 -31 0
      vertex 54.7428 -29.1072 0
      vertex 50.2295 -29 24
    endloop
  endfacet
  facet normal -0.857172 0.51503 0
    outer loop
      vertex 46.8123 -29.2515 21
      vertex 47.8046 -27.6 24
      vertex 47.8046 -27.6 21
    endloop
  endfacet
  facet normal -0.857172 0.51503 0
    outer loop
      vertex 47.8046 -27.6 24
      vertex 46.8123 -29.2515 21
      vertex 46.8123 -29.2515 24
    endloop
  endfacet
  facet normal -0.857164 0.515043 0
    outer loop
      vertex 42.4024 -26.496 19
      vertex 43.3013 -25 21
      vertex 43.3013 -25 19
    endloop
  endfacet
  facet normal -0.857164 0.515043 0
    outer loop
      vertex 43.3013 -25 21
      vertex 42.4024 -26.496 19
      vertex 42.4024 -26.496 21
    endloop
  endfacet
  facet normal -0.627716 0.377189 -0.680956
    outer loop
      vertex 51.3553 -29.65 9
      vertex 50.2892 -31.4242 9
      vertex 43.3013 -25 19
    endloop
  endfacet
  facet normal -0.627723 0.37718 -0.680954
    outer loop
      vertex 43.3013 -25 19
      vertex 50.2892 -31.4242 9
      vertex 42.4024 -26.496 19
    endloop
  endfacet
  facet normal -0.845514 0.508024 -0.164371
    outer loop
      vertex 52.6543 -30.4 0
      vertex 51.5613 -32.2191 0
      vertex 51.3553 -29.65 9
    endloop
  endfacet
  facet normal -0.845496 0.508051 -0.164378
    outer loop
      vertex 51.3553 -29.65 9
      vertex 51.5613 -32.2191 0
      vertex 50.2892 -31.4242 9
    endloop
  endfacet
  facet normal 0.845502 -0.508042 0.164375
    outer loop
      vertex 53.6936 -31 0
      vertex 50.2295 -29 24
      vertex 49.1868 -30.7353 24
    endloop
  endfacet
  facet normal 0.845507 -0.508034 0.164375
    outer loop
      vertex 52.579 -32.855 0
      vertex 53.6936 -31 0
      vertex 49.1868 -30.7353 24
    endloop
  endfacet
  facet normal -0.838665 0.544647 0
    outer loop
      vertex 45.7629 -30.8674 21
      vertex 46.8123 -29.2515 24
      vertex 46.8123 -29.2515 21
    endloop
  endfacet
  facet normal -0.838665 0.544647 0
    outer loop
      vertex 46.8123 -29.2515 24
      vertex 45.7629 -30.8674 21
      vertex 45.7629 -30.8674 24
    endloop
  endfacet
  facet normal -0.838663 0.54465 0
    outer loop
      vertex 41.4519 -27.9596 19
      vertex 42.4024 -26.496 21
      vertex 42.4024 -26.496 19
    endloop
  endfacet
  facet normal -0.838663 0.54465 0
    outer loop
      vertex 42.4024 -26.496 21
      vertex 41.4519 -27.9596 19
      vertex 41.4519 -27.9596 21
    endloop
  endfacet
  facet normal -0.614181 0.398852 -0.680954
    outer loop
      vertex 50.2892 -31.4242 9
      vertex 49.1619 -33.1601 9
      vertex 42.4024 -26.496 19
    endloop
  endfacet
  facet normal -0.614174 0.398861 -0.680956
    outer loop
      vertex 42.4024 -26.496 19
      vertex 49.1619 -33.1601 9
      vertex 41.4519 -27.9596 19
    endloop
  endfacet
  facet normal -0.827266 0.537225 -0.164378
    outer loop
      vertex 51.5613 -32.2191 0
      vertex 50.4055 -33.9989 0
      vertex 50.2892 -31.4242 9
    endloop
  endfacet
  facet normal -0.827264 0.537228 -0.164379
    outer loop
      vertex 50.2892 -31.4242 9
      vertex 50.4055 -33.9989 0
      vertex 49.1619 -33.1601 9
    endloop
  endfacet
  facet normal 0.827269 -0.537221 0.164375
    outer loop
      vertex 52.579 -32.855 0
      vertex 49.1868 -30.7353 24
      vertex 48.0842 -32.4332 24
    endloop
  endfacet
  facet normal 0.827258 -0.537239 0.164374
    outer loop
      vertex 51.4003 -34.67 0
      vertex 52.579 -32.855 0
      vertex 48.0842 -32.4332 24
    endloop
  endfacet
  facet normal -0.819137 0.573598 0
    outer loop
      vertex 44.6577 -32.4457 21
      vertex 45.7629 -30.8674 24
      vertex 45.7629 -30.8674 21
    endloop
  endfacet
  facet normal -0.819137 0.573598 0
    outer loop
      vertex 45.7629 -30.8674 24
      vertex 44.6577 -32.4457 21
      vertex 44.6577 -32.4457 24
    endloop
  endfacet
  facet normal -0.819175 0.573543 0
    outer loop
      vertex 40.4509 -29.3893 19
      vertex 41.4519 -27.9596 21
      vertex 41.4519 -27.9596 19
    endloop
  endfacet
  facet normal -0.819175 0.573543 0
    outer loop
      vertex 41.4519 -27.9596 21
      vertex 40.4509 -29.3893 19
      vertex 40.4509 -29.3893 21
    endloop
  endfacet
  facet normal -0.599897 0.420027 -0.680956
    outer loop
      vertex 49.1619 -33.1601 9
      vertex 47.9747 -34.8557 9
      vertex 41.4519 -27.9596 19
    endloop
  endfacet
  facet normal -0.599903 0.42002 -0.680955
    outer loop
      vertex 41.4519 -27.9596 19
      vertex 47.9747 -34.8557 9
      vertex 40.4509 -29.3893 19
    endloop
  endfacet
  facet normal -0.807996 0.565793 -0.164379
    outer loop
      vertex 50.4055 -33.9989 0
      vertex 49.1882 -35.7373 0
      vertex 49.1619 -33.1601 9
    endloop
  endfacet
  facet normal -0.808027 0.565752 -0.164368
    outer loop
      vertex 49.1619 -33.1601 9
      vertex 49.1882 -35.7373 0
      vertex 47.9747 -34.8557 9
    endloop
  endfacet
  facet normal 0.808 -0.56579 0.164374
    outer loop
      vertex 51.4003 -34.67 0
      vertex 48.0842 -32.4332 24
      vertex 46.923 -34.0915 24
    endloop
  endfacet
  facet normal 0.808022 -0.565757 0.164377
    outer loop
      vertex 50.1591 -36.4427 0
      vertex 51.4003 -34.67 0
      vertex 46.923 -34.0915 24
    endloop
  endfacet
  facet normal -0.798653 0.601792 0
    outer loop
      vertex 43.4982 -33.9845 21
      vertex 44.6577 -32.4457 24
      vertex 44.6577 -32.4457 21
    endloop
  endfacet
  facet normal -0.798653 0.601792 0
    outer loop
      vertex 44.6577 -32.4457 24
      vertex 43.4982 -33.9845 21
      vertex 43.4982 -33.9845 24
    endloop
  endfacet
  facet normal -0.798609 0.60185 0
    outer loop
      vertex 39.4005 -30.7831 19
      vertex 40.4509 -29.3893 21
      vertex 40.4509 -29.3893 19
    endloop
  endfacet
  facet normal -0.798609 0.60185 0
    outer loop
      vertex 40.4509 -29.3893 21
      vertex 39.4005 -30.7831 19
      vertex 39.4005 -30.7831 21
    endloop
  endfacet
  facet normal -0.584848 0.440741 -0.680955
    outer loop
      vertex 47.9747 -34.8557 9
      vertex 46.729 -36.5087 9
      vertex 40.4509 -29.3893 19
    endloop
  endfacet
  facet normal -0.584841 0.44075 -0.680956
    outer loop
      vertex 40.4509 -29.3893 19
      vertex 46.729 -36.5087 9
      vertex 39.4005 -30.7831 19
    endloop
  endfacet
  facet normal -0.787773 0.59363 -0.164367
    outer loop
      vertex 47.9747 -34.8557 9
      vertex 49.1882 -35.7373 0
      vertex 47.911 -37.4322 0
    endloop
  endfacet
  facet normal -0.787755 0.593652 -0.164374
    outer loop
      vertex 47.9747 -34.8557 9
      vertex 47.911 -37.4322 0
      vertex 46.729 -36.5087 9
    endloop
  endfacet
  facet normal 0.787777 -0.593622 0.164377
    outer loop
      vertex 50.1591 -36.4427 0
      vertex 46.923 -34.0915 24
      vertex 45.7046 -35.7084 24
    endloop
  endfacet
  facet normal 0.787765 -0.593639 0.164375
    outer loop
      vertex 48.8567 -38.171 0
      vertex 50.1591 -36.4427 0
      vertex 45.7046 -35.7084 24
    endloop
  endfacet
  facet normal -0.777164 0.629298 0
    outer loop
      vertex 42.2857 -35.4819 21
      vertex 43.4982 -33.9845 24
      vertex 43.4982 -33.9845 21
    endloop
  endfacet
  facet normal -0.777164 0.629298 0
    outer loop
      vertex 43.4982 -33.9845 24
      vertex 42.2857 -35.4819 21
      vertex 42.2857 -35.4819 24
    endloop
  endfacet
  facet normal -0.777149 0.629317 0
    outer loop
      vertex 38.3022 -32.1394 19
      vertex 39.4005 -30.7831 21
      vertex 39.4005 -30.7831 19
    endloop
  endfacet
  facet normal -0.777149 0.629317 0
    outer loop
      vertex 39.4005 -30.7831 21
      vertex 38.3022 -32.1394 19
      vertex 38.3022 -32.1394 21
    endloop
  endfacet
  facet normal -0.569126 0.460863 -0.680956
    outer loop
      vertex 46.729 -36.5087 9
      vertex 45.4264 -38.1173 9
      vertex 39.4005 -30.7831 19
    endloop
  endfacet
  facet normal -0.569125 0.460864 -0.680956
    outer loop
      vertex 39.4005 -30.7831 19
      vertex 45.4264 -38.1173 9
      vertex 38.3022 -32.1394 19
    endloop
  endfacet
  facet normal -0.766593 0.620739 -0.164374
    outer loop
      vertex 46.729 -36.5087 9
      vertex 47.911 -37.4322 0
      vertex 46.5755 -39.0815 0
    endloop
  endfacet
  facet normal -0.766579 0.620755 -0.164379
    outer loop
      vertex 46.729 -36.5087 9
      vertex 46.5755 -39.0815 0
      vertex 45.4264 -38.1173 9
    endloop
  endfacet
  facet normal 0.766583 -0.620751 0.164375
    outer loop
      vertex 48.8567 -38.171 0
      vertex 45.7046 -35.7084 24
      vertex 44.4306 -37.2817 24
    endloop
  endfacet
  facet normal 0.766574 -0.620762 0.164374
    outer loop
      vertex 47.4948 -39.8528 0
      vertex 48.8567 -38.171 0
      vertex 44.4306 -37.2817 24
    endloop
  endfacet
  facet normal -0.754692 0.65608 0
    outer loop
      vertex 41.0216 -36.936 21
      vertex 42.2857 -35.4819 24
      vertex 42.2857 -35.4819 21
    endloop
  endfacet
  facet normal -0.754692 0.65608 0
    outer loop
      vertex 42.2857 -35.4819 24
      vertex 41.0216 -36.936 21
      vertex 41.0216 -36.936 24
    endloop
  endfacet
  facet normal -0.754692 0.656079 0
    outer loop
      vertex 37.1572 -33.4565 19
      vertex 38.3022 -32.1394 21
      vertex 38.3022 -32.1394 19
    endloop
  endfacet
  facet normal -0.754692 0.656079 0
    outer loop
      vertex 38.3022 -32.1394 21
      vertex 37.1572 -33.4565 19
      vertex 37.1572 -33.4565 21
    endloop
  endfacet
  facet normal -0.552694 0.480445 -0.680956
    outer loop
      vertex 45.4264 -38.1173 9
      vertex 44.0685 -39.6794 9
      vertex 38.3022 -32.1394 19
    endloop
  endfacet
  facet normal -0.552678 0.480461 -0.680958
    outer loop
      vertex 38.3022 -32.1394 19
      vertex 44.0685 -39.6794 9
      vertex 37.1572 -33.4565 19
    endloop
  endfacet
  facet normal -0.744432 0.647148 -0.164379
    outer loop
      vertex 45.4264 -38.1173 9
      vertex 46.5755 -39.0815 0
      vertex 45.1832 -40.6831 0
    endloop
  endfacet
  facet normal -0.744447 0.647132 -0.164374
    outer loop
      vertex 45.4264 -38.1173 9
      vertex 45.1832 -40.6831 0
      vertex 44.0685 -39.6794 9
    endloop
  endfacet
  facet normal 0.74444 -0.64714 0.164374
    outer loop
      vertex 47.4948 -39.8528 0
      vertex 44.4306 -37.2817 24
      vertex 43.1024 -38.8096 24
    endloop
  endfacet
  facet normal 0.744445 -0.647134 0.164375
    outer loop
      vertex 46.075 -41.4861 0
      vertex 47.4948 -39.8528 0
      vertex 43.1024 -38.8096 24
    endloop
  endfacet
  facet normal -0.731356 0.681996 0
    outer loop
      vertex 39.7076 -38.3451 21
      vertex 41.0216 -36.936 24
      vertex 41.0216 -36.936 21
    endloop
  endfacet
  facet normal -0.731356 0.681996 0
    outer loop
      vertex 41.0216 -36.936 24
      vertex 39.7076 -38.3451 21
      vertex 39.7076 -38.3451 24
    endloop
  endfacet
  facet normal -0.731371 0.681979 0
    outer loop
      vertex 35.967 -34.7329 19
      vertex 37.1572 -33.4565 21
      vertex 37.1572 -33.4565 19
    endloop
  endfacet
  facet normal -0.731371 0.681979 0
    outer loop
      vertex 37.1572 -33.4565 21
      vertex 35.967 -34.7329 19
      vertex 35.967 -34.7329 21
    endloop
  endfacet
  facet normal -0.535576 0.499454 -0.680958
    outer loop
      vertex 44.0685 -39.6794 9
      vertex 42.6568 -41.1932 9
      vertex 37.1572 -33.4565 19
    endloop
  endfacet
  facet normal -0.535602 0.499431 -0.680955
    outer loop
      vertex 37.1572 -33.4565 19
      vertex 42.6568 -41.1932 9
      vertex 35.967 -34.7329 19
    endloop
  endfacet
  facet normal -0.721419 0.672708 -0.164374
    outer loop
      vertex 44.0685 -39.6794 9
      vertex 45.1832 -40.6831 0
      vertex 43.7359 -42.2352 0
    endloop
  endfacet
  facet normal -0.721391 0.672736 -0.164383
    outer loop
      vertex 44.0685 -39.6794 9
      vertex 43.7359 -42.2352 0
      vertex 42.6568 -41.1932 9
    endloop
  endfacet
  facet normal 0.721401 -0.672727 0.164375
    outer loop
      vertex 46.075 -41.4861 0
      vertex 43.1024 -38.8096 24
      vertex 41.7217 -40.2902 24
    endloop
  endfacet
  facet normal 0.721404 -0.672724 0.164375
    outer loop
      vertex 44.5991 -43.0688 0
      vertex 46.075 -41.4861 0
      vertex 41.7217 -40.2902 24
    endloop
  endfacet
  facet normal -0.707107 0.707107 0
    outer loop
      vertex 38.3451 -39.7076 21
      vertex 39.7076 -38.3451 24
      vertex 39.7076 -38.3451 21
    endloop
  endfacet
  facet normal -0.707107 0.707107 0
    outer loop
      vertex 39.7076 -38.3451 24
      vertex 38.3451 -39.7076 21
      vertex 38.3451 -39.7076 24
    endloop
  endfacet
  facet normal -0.707107 0.707107 0
    outer loop
      vertex 34.7329 -35.967 19
      vertex 35.967 -34.7329 21
      vertex 35.967 -34.7329 19
    endloop
  endfacet
  facet normal -0.707107 0.707107 0
    outer loop
      vertex 35.967 -34.7329 21
      vertex 34.7329 -35.967 19
      vertex 34.7329 -35.967 21
    endloop
  endfacet
  facet normal -0.517832 0.517832 -0.680955
    outer loop
      vertex 41.1932 -42.6568 9
      vertex 35.967 -34.7329 19
      vertex 42.6568 -41.1932 9
    endloop
  endfacet
  facet normal -0.517832 0.517832 -0.680955
    outer loop
      vertex 35.967 -34.7329 19
      vertex 41.1932 -42.6568 9
      vertex 34.7329 -35.967 19
    endloop
  endfacet
  facet normal -0.697488 0.697488 -0.164382
    outer loop
      vertex 43.7359 -42.2352 0
      vertex 41.1932 -42.6568 9
      vertex 42.6568 -41.1932 9
    endloop
  endfacet
  facet normal -0.697488 0.697488 -0.164382
    outer loop
      vertex 41.1932 -42.6568 9
      vertex 43.7359 -42.2352 0
      vertex 42.2352 -43.7359 0
    endloop
  endfacet
  facet normal 0.697489 -0.697489 0.164375
    outer loop
      vertex 40.2902 -41.7217 24
      vertex 44.5991 -43.0688 0
      vertex 41.7217 -40.2902 24
    endloop
  endfacet
  facet normal 0.697489 -0.697489 0.164375
    outer loop
      vertex 44.5991 -43.0688 0
      vertex 40.2902 -41.7217 24
      vertex 43.0688 -44.5991 0
    endloop
  endfacet
  facet normal -0.681996 0.731356 0
    outer loop
      vertex 38.3451 -39.7076 21
      vertex 36.936 -41.0216 24
      vertex 38.3451 -39.7076 24
    endloop
  endfacet
  facet normal -0.681996 0.731356 0
    outer loop
      vertex 36.936 -41.0216 24
      vertex 38.3451 -39.7076 21
      vertex 36.936 -41.0216 21
    endloop
  endfacet
  facet normal -0.681979 0.731371 0
    outer loop
      vertex 34.7329 -35.967 19
      vertex 33.4565 -37.1572 21
      vertex 34.7329 -35.967 21
    endloop
  endfacet
  facet normal -0.681979 0.731371 0
    outer loop
      vertex 33.4565 -37.1572 21
      vertex 34.7329 -35.967 19
      vertex 33.4565 -37.1572 19
    endloop
  endfacet
  facet normal -0.499456 0.535579 -0.680955
    outer loop
      vertex 41.1932 -42.6568 9
      vertex 39.6794 -44.0685 9
      vertex 34.7329 -35.967 19
    endloop
  endfacet
  facet normal -0.499429 0.5356 -0.680958
    outer loop
      vertex 34.7329 -35.967 19
      vertex 39.6794 -44.0685 9
      vertex 33.4565 -37.1572 19
    endloop
  endfacet
  facet normal -0.672707 0.721418 -0.164383
    outer loop
      vertex 41.1932 -42.6568 9
      vertex 42.2352 -43.7359 0
      vertex 40.6831 -45.1832 0
    endloop
  endfacet
  facet normal -0.672737 0.721392 -0.164374
    outer loop
      vertex 41.1932 -42.6568 9
      vertex 40.6831 -45.1832 0
      vertex 39.6794 -44.0685 9
    endloop
  endfacet
  facet normal 0.672727 -0.721401 0.164375
    outer loop
      vertex 43.0688 -44.5991 0
      vertex 40.2902 -41.7217 24
      vertex 38.8096 -43.1024 24
    endloop
  endfacet
  facet normal 0.672724 -0.721404 0.164375
    outer loop
      vertex 41.4861 -46.075 0
      vertex 43.0688 -44.5991 0
      vertex 38.8096 -43.1024 24
    endloop
  endfacet
  facet normal -0.65608 0.754692 0
    outer loop
      vertex 36.936 -41.0216 21
      vertex 35.4819 -42.2857 24
      vertex 36.936 -41.0216 24
    endloop
  endfacet
  facet normal -0.65608 0.754692 0
    outer loop
      vertex 35.4819 -42.2857 24
      vertex 36.936 -41.0216 21
      vertex 35.4819 -42.2857 21
    endloop
  endfacet
  facet normal -0.656079 0.754692 0
    outer loop
      vertex 33.4565 -37.1572 19
      vertex 32.1394 -38.3022 21
      vertex 33.4565 -37.1572 21
    endloop
  endfacet
  facet normal -0.656079 0.754692 0
    outer loop
      vertex 32.1394 -38.3022 21
      vertex 33.4565 -37.1572 19
      vertex 32.1394 -38.3022 19
    endloop
  endfacet
  facet normal -0.480444 0.552693 -0.680958
    outer loop
      vertex 39.6794 -44.0685 9
      vertex 38.1173 -45.4264 9
      vertex 33.4565 -37.1572 19
    endloop
  endfacet
  facet normal -0.480463 0.552679 -0.680956
    outer loop
      vertex 33.4565 -37.1572 19
      vertex 38.1173 -45.4264 9
      vertex 32.1394 -38.3022 19
    endloop
  endfacet
  facet normal -0.647149 0.744433 -0.164374
    outer loop
      vertex 39.6794 -44.0685 9
      vertex 40.6831 -45.1832 0
      vertex 39.0815 -46.5755 0
    endloop
  endfacet
  facet normal -0.647131 0.744447 -0.164379
    outer loop
      vertex 39.6794 -44.0685 9
      vertex 39.0815 -46.5755 0
      vertex 38.1173 -45.4264 9
    endloop
  endfacet
  facet normal 0.64714 -0.74444 0.164375
    outer loop
      vertex 41.4861 -46.075 0
      vertex 38.8096 -43.1024 24
      vertex 37.2817 -44.4306 24
    endloop
  endfacet
  facet normal 0.647134 -0.744445 0.164374
    outer loop
      vertex 39.8528 -47.4948 0
      vertex 41.4861 -46.075 0
      vertex 37.2817 -44.4306 24
    endloop
  endfacet
  facet normal -0.629298 0.777164 0
    outer loop
      vertex 35.4819 -42.2857 21
      vertex 33.9845 -43.4982 24
      vertex 35.4819 -42.2857 24
    endloop
  endfacet
  facet normal -0.629298 0.777164 0
    outer loop
      vertex 33.9845 -43.4982 24
      vertex 35.4819 -42.2857 21
      vertex 33.9845 -43.4982 21
    endloop
  endfacet
  facet normal -0.629317 0.777149 0
    outer loop
      vertex 32.1394 -38.3022 19
      vertex 30.7831 -39.4005 21
      vertex 32.1394 -38.3022 21
    endloop
  endfacet
  facet normal -0.629317 0.777149 0
    outer loop
      vertex 30.7831 -39.4005 21
      vertex 32.1394 -38.3022 19
      vertex 30.7831 -39.4005 19
    endloop
  endfacet
  facet normal -0.460863 0.569126 -0.680956
    outer loop
      vertex 38.1173 -45.4264 9
      vertex 36.5087 -46.729 9
      vertex 32.1394 -38.3022 19
    endloop
  endfacet
  facet normal -0.460864 0.569125 -0.680956
    outer loop
      vertex 32.1394 -38.3022 19
      vertex 36.5087 -46.729 9
      vertex 30.7831 -39.4005 19
    endloop
  endfacet
  facet normal -0.620738 0.766592 -0.164379
    outer loop
      vertex 38.1173 -45.4264 9
      vertex 39.0815 -46.5755 0
      vertex 37.4322 -47.911 0
    endloop
  endfacet
  facet normal -0.620755 0.76658 -0.164374
    outer loop
      vertex 38.1173 -45.4264 9
      vertex 37.4322 -47.911 0
      vertex 36.5087 -46.729 9
    endloop
  endfacet
  facet normal 0.620751 -0.766583 0.164374
    outer loop
      vertex 39.8528 -47.4948 0
      vertex 37.2817 -44.4306 24
      vertex 35.7084 -45.7046 24
    endloop
  endfacet
  facet normal 0.620762 -0.766574 0.164375
    outer loop
      vertex 38.171 -48.8567 0
      vertex 39.8528 -47.4948 0
      vertex 35.7084 -45.7046 24
    endloop
  endfacet
  facet normal -0.601792 0.798653 0
    outer loop
      vertex 33.9845 -43.4982 21
      vertex 32.4457 -44.6577 24
      vertex 33.9845 -43.4982 24
    endloop
  endfacet
  facet normal -0.601792 0.798653 0
    outer loop
      vertex 32.4457 -44.6577 24
      vertex 33.9845 -43.4982 21
      vertex 32.4457 -44.6577 21
    endloop
  endfacet
  facet normal -0.60185 0.798609 0
    outer loop
      vertex 30.7831 -39.4005 19
      vertex 29.3893 -40.4509 21
      vertex 30.7831 -39.4005 21
    endloop
  endfacet
  facet normal -0.60185 0.798609 0
    outer loop
      vertex 29.3893 -40.4509 21
      vertex 30.7831 -39.4005 19
      vertex 29.3893 -40.4509 19
    endloop
  endfacet
  facet normal -0.440741 0.584847 -0.680956
    outer loop
      vertex 36.5087 -46.729 9
      vertex 34.8557 -47.9747 9
      vertex 30.7831 -39.4005 19
    endloop
  endfacet
  facet normal -0.44075 0.584842 -0.680955
    outer loop
      vertex 30.7831 -39.4005 19
      vertex 34.8557 -47.9747 9
      vertex 29.3893 -40.4509 19
    endloop
  endfacet
  facet normal -0.59363 0.787772 -0.164374
    outer loop
      vertex 36.5087 -46.729 9
      vertex 37.4322 -47.911 0
      vertex 35.7373 -49.1882 0
    endloop
  endfacet
  facet normal -0.593653 0.787756 -0.164367
    outer loop
      vertex 36.5087 -46.729 9
      vertex 35.7373 -49.1882 0
      vertex 34.8557 -47.9747 9
    endloop
  endfacet
  facet normal 0.593622 -0.787777 0.164375
    outer loop
      vertex 38.171 -48.8567 0
      vertex 35.7084 -45.7046 24
      vertex 34.0915 -46.923 24
    endloop
  endfacet
  facet normal 0.593638 -0.787765 0.164377
    outer loop
      vertex 36.4427 -50.1591 0
      vertex 38.171 -48.8567 0
      vertex 34.0915 -46.923 24
    endloop
  endfacet
  facet normal -0.573598 0.819137 0
    outer loop
      vertex 32.4457 -44.6577 21
      vertex 30.8674 -45.7629 24
      vertex 32.4457 -44.6577 24
    endloop
  endfacet
  facet normal -0.573598 0.819137 0
    outer loop
      vertex 30.8674 -45.7629 24
      vertex 32.4457 -44.6577 21
      vertex 30.8674 -45.7629 21
    endloop
  endfacet
  facet normal -0.573543 0.819175 0
    outer loop
      vertex 29.3893 -40.4509 19
      vertex 27.9596 -41.4519 21
      vertex 29.3893 -40.4509 21
    endloop
  endfacet
  facet normal -0.573543 0.819175 0
    outer loop
      vertex 27.9596 -41.4519 21
      vertex 29.3893 -40.4509 19
      vertex 27.9596 -41.4519 19
    endloop
  endfacet
  facet normal -0.420027 0.599898 -0.680955
    outer loop
      vertex 34.8557 -47.9747 9
      vertex 33.1601 -49.1619 9
      vertex 29.3893 -40.4509 19
    endloop
  endfacet
  facet normal -0.42002 0.599902 -0.680956
    outer loop
      vertex 29.3893 -40.4509 19
      vertex 33.1601 -49.1619 9
      vertex 27.9596 -41.4519 19
    endloop
  endfacet
  facet normal -0.565794 0.807998 -0.164368
    outer loop
      vertex 34.8557 -47.9747 9
      vertex 35.7373 -49.1882 0
      vertex 33.9989 -50.4055 0
    endloop
  endfacet
  facet normal -0.565751 0.808025 -0.164379
    outer loop
      vertex 34.8557 -47.9747 9
      vertex 33.9989 -50.4055 0
      vertex 33.1601 -49.1619 9
    endloop
  endfacet
  facet normal 0.565789 -0.807999 0.164377
    outer loop
      vertex 36.4427 -50.1591 0
      vertex 34.0915 -46.923 24
      vertex 32.4332 -48.0842 24
    endloop
  endfacet
  facet normal 0.565757 -0.808022 0.164374
    outer loop
      vertex 34.67 -51.4003 0
      vertex 36.4427 -50.1591 0
      vertex 32.4332 -48.0842 24
    endloop
  endfacet
  facet normal -0.544647 0.838665 0
    outer loop
      vertex 30.8674 -45.7629 21
      vertex 29.2515 -46.8123 24
      vertex 30.8674 -45.7629 24
    endloop
  endfacet
  facet normal -0.544647 0.838665 0
    outer loop
      vertex 29.2515 -46.8123 24
      vertex 30.8674 -45.7629 21
      vertex 29.2515 -46.8123 21
    endloop
  endfacet
  facet normal -0.54465 0.838663 0
    outer loop
      vertex 27.9596 -41.4519 19
      vertex 26.496 -42.4024 21
      vertex 27.9596 -41.4519 21
    endloop
  endfacet
  facet normal -0.54465 0.838663 0
    outer loop
      vertex 26.496 -42.4024 21
      vertex 27.9596 -41.4519 19
      vertex 26.496 -42.4024 19
    endloop
  endfacet
  facet normal -0.398851 0.61418 -0.680956
    outer loop
      vertex 33.1601 -49.1619 9
      vertex 31.4242 -50.2892 9
      vertex 27.9596 -41.4519 19
    endloop
  endfacet
  facet normal -0.398861 0.614175 -0.680954
    outer loop
      vertex 27.9596 -41.4519 19
      vertex 31.4242 -50.2892 9
      vertex 26.496 -42.4024 19
    endloop
  endfacet
  facet normal -0.537225 0.827266 -0.164379
    outer loop
      vertex 33.1601 -49.1619 9
      vertex 33.9989 -50.4055 0
      vertex 32.2191 -51.5613 0
    endloop
  endfacet
  facet normal -0.537228 0.827264 -0.164378
    outer loop
      vertex 33.1601 -49.1619 9
      vertex 32.2191 -51.5613 0
      vertex 31.4242 -50.2892 9
    endloop
  endfacet
  facet normal 0.537221 -0.82727 0.164374
    outer loop
      vertex 34.67 -51.4003 0
      vertex 32.4332 -48.0842 24
      vertex 30.7353 -49.1868 24
    endloop
  endfacet
  facet normal 0.537239 -0.827258 0.164375
    outer loop
      vertex 32.855 -52.579 0
      vertex 34.67 -51.4003 0
      vertex 30.7353 -49.1868 24
    endloop
  endfacet
  facet normal -0.51503 0.857172 0
    outer loop
      vertex 29.2515 -46.8123 21
      vertex 27.6 -47.8046 24
      vertex 29.2515 -46.8123 24
    endloop
  endfacet
  facet normal -0.51503 0.857172 0
    outer loop
      vertex 27.6 -47.8046 24
      vertex 29.2515 -46.8123 21
      vertex 27.6 -47.8046 21
    endloop
  endfacet
  facet normal -0.515043 0.857164 0
    outer loop
      vertex 26.496 -42.4024 19
      vertex 25 -43.3013 21
      vertex 26.496 -42.4024 21
    endloop
  endfacet
  facet normal -0.515043 0.857164 0
    outer loop
      vertex 25 -43.3013 21
      vertex 26.496 -42.4024 19
      vertex 25 -43.3013 19
    endloop
  endfacet
  facet normal -0.377189 0.627717 -0.680955
    outer loop
      vertex 31.4242 -50.2892 9
      vertex 29.65 -51.3553 9
      vertex 26.496 -42.4024 19
    endloop
  endfacet
  facet normal -0.377179 0.627722 -0.680956
    outer loop
      vertex 26.496 -42.4024 19
      vertex 29.65 -51.3553 9
      vertex 25 -43.3013 19
    endloop
  endfacet
  facet normal -0.508023 0.845513 -0.164378
    outer loop
      vertex 31.4242 -50.2892 9
      vertex 32.2191 -51.5613 0
      vertex 30.4 -52.6543 0
    endloop
  endfacet
  facet normal -0.508051 0.845497 -0.164371
    outer loop
      vertex 31.4242 -50.2892 9
      vertex 30.4 -52.6543 0
      vertex 29.65 -51.3553 9
    endloop
  endfacet
  facet normal 0.508042 -0.845502 0.164375
    outer loop
      vertex 32.855 -52.579 0
      vertex 30.7353 -49.1868 24
      vertex 29 -50.2295 24
    endloop
  endfacet
  facet normal 0.508034 -0.845507 0.164375
    outer loop
      vertex 31 -53.6936 0
      vertex 32.855 -52.579 0
      vertex 29 -50.2295 24
    endloop
  endfacet
  facet normal -0.484801 0.874624 0
    outer loop
      vertex 27.6 -47.8046 21
      vertex 25.9148 -48.7387 24
      vertex 27.6 -47.8046 24
    endloop
  endfacet
  facet normal -0.484801 0.874624 0
    outer loop
      vertex 25.9148 -48.7387 24
      vertex 27.6 -47.8046 21
      vertex 25.9148 -48.7387 21
    endloop
  endfacet
  facet normal -0.484811 0.874619 0
    outer loop
      vertex 25 -43.3013 19
      vertex 23.4736 -44.1474 21
      vertex 25 -43.3013 21
    endloop
  endfacet
  facet normal -0.484811 0.874619 0
    outer loop
      vertex 23.4736 -44.1474 21
      vertex 25 -43.3013 19
      vertex 23.4736 -44.1474 19
    endloop
  endfacet
  facet normal -0.355047 0.6405 -0.680956
    outer loop
      vertex 29.65 -51.3553 9
      vertex 27.8397 -52.3588 9
      vertex 25 -43.3013 19
    endloop
  endfacet
  facet normal -0.355038 0.640504 -0.680957
    outer loop
      vertex 25 -43.3013 19
      vertex 27.8397 -52.3588 9
      vertex 23.4736 -44.1474 19
    endloop
  endfacet
  facet normal -0.478232 0.862714 -0.164371
    outer loop
      vertex 29.65 -51.3553 9
      vertex 30.4 -52.6543 0
      vertex 28.5439 -53.6832 0
    endloop
  endfacet
  facet normal -0.478228 0.862717 -0.164372
    outer loop
      vertex 29.65 -51.3553 9
      vertex 28.5439 -53.6832 0
      vertex 27.8397 -52.3588 9
    endloop
  endfacet
  facet normal 0.47823 -0.862715 0.164375
    outer loop
      vertex 31 -53.6936 0
      vertex 29 -50.2295 24
      vertex 27.2294 -51.211 24
    endloop
  endfacet
  facet normal 0.478217 -0.862723 0.164373
    outer loop
      vertex 29.1072 -54.7428 0
      vertex 31 -53.6936 0
      vertex 27.2294 -51.211 24
    endloop
  endfacet
  facet normal -0.45399 0.891007 0
    outer loop
      vertex 25.9148 -48.7387 21
      vertex 24.1981 -49.6134 24
      vertex 25.9148 -48.7387 24
    endloop
  endfacet
  facet normal -0.45399 0.891007 0
    outer loop
      vertex 24.1981 -49.6134 24
      vertex 25.9148 -48.7387 21
      vertex 24.1981 -49.6134 21
    endloop
  endfacet
  facet normal -0.453985 0.891009 0
    outer loop
      vertex 23.4736 -44.1474 19
      vertex 21.9186 -44.9397 21
      vertex 23.4736 -44.1474 21
    endloop
  endfacet
  facet normal -0.453985 0.891009 0
    outer loop
      vertex 21.9186 -44.9397 21
      vertex 23.4736 -44.1474 19
      vertex 21.9186 -44.9397 19
    endloop
  endfacet
  facet normal -0.332463 0.652508 -0.680957
    outer loop
      vertex 27.8397 -52.3588 9
      vertex 25.9954 -53.2985 9
      vertex 23.4736 -44.1474 19
    endloop
  endfacet
  facet normal -0.332464 0.652507 -0.680957
    outer loop
      vertex 23.4736 -44.1474 19
      vertex 25.9954 -53.2985 9
      vertex 21.9186 -44.9397 19
    endloop
  endfacet
  facet normal -0.44783 0.87888 -0.164372
    outer loop
      vertex 27.8397 -52.3588 9
      vertex 28.5439 -53.6832 0
      vertex 26.653 -54.6467 0
    endloop
  endfacet
  facet normal -0.447808 0.87889 -0.164378
    outer loop
      vertex 27.8397 -52.3588 9
      vertex 26.653 -54.6467 0
      vertex 25.9954 -53.2985 9
    endloop
  endfacet
  facet normal 0.447803 -0.878894 0.164373
    outer loop
      vertex 29.1072 -54.7428 0
      vertex 27.2294 -51.211 24
      vertex 25.4255 -52.1301 24
    endloop
  endfacet
  facet normal 0.447791 -0.8789 0.164372
    outer loop
      vertex 27.179 -55.7252 0
      vertex 29.1072 -54.7428 0
      vertex 25.4255 -52.1301 24
    endloop
  endfacet
  facet normal -0.422633 0.906301 0
    outer loop
      vertex 24.1981 -49.6134 21
      vertex 22.4519 -50.4277 24
      vertex 24.1981 -49.6134 24
    endloop
  endfacet
  facet normal -0.422633 0.906301 0
    outer loop
      vertex 22.4519 -50.4277 24
      vertex 24.1981 -49.6134 21
      vertex 22.4519 -50.4277 21
    endloop
  endfacet
  facet normal -0.422616 0.906309 0
    outer loop
      vertex 21.9186 -44.9397 19
      vertex 20.3368 -45.6773 21
      vertex 21.9186 -44.9397 21
    endloop
  endfacet
  facet normal -0.422616 0.906309 0
    outer loop
      vertex 20.3368 -45.6773 21
      vertex 21.9186 -44.9397 19
      vertex 20.3368 -45.6773 19
    endloop
  endfacet
  facet normal -0.30948 0.663717 -0.680957
    outer loop
      vertex 25.9954 -53.2985 9
      vertex 24.1195 -54.1732 9
      vertex 21.9186 -44.9397 19
    endloop
  endfacet
  facet normal -0.309492 0.663713 -0.680955
    outer loop
      vertex 21.9186 -44.9397 19
      vertex 24.1195 -54.1732 9
      vertex 20.3368 -45.6773 19
    endloop
  endfacet
  facet normal -0.416871 0.893979 -0.164377
    outer loop
      vertex 25.9954 -53.2985 9
      vertex 26.653 -54.6467 0
      vertex 24.7296 -55.5436 0
    endloop
  endfacet
  facet normal -0.416851 0.893987 -0.164382
    outer loop
      vertex 25.9954 -53.2985 9
      vertex 24.7296 -55.5436 0
      vertex 24.1195 -54.1732 9
    endloop
  endfacet
  facet normal 0.416837 -0.893996 0.164372
    outer loop
      vertex 27.179 -55.7252 0
      vertex 25.4255 -52.1301 24
      vertex 23.5907 -52.9856 24
    endloop
  endfacet
  facet normal 0.416881 -0.893975 0.164376
    outer loop
      vertex 25.2177 -56.6398 0
      vertex 27.179 -55.7252 0
      vertex 23.5907 -52.9856 24
    endloop
  endfacet
  facet normal -0.39071 0.920514 0
    outer loop
      vertex 22.4519 -50.4277 21
      vertex 20.6783 -51.1805 24
      vertex 22.4519 -50.4277 24
    endloop
  endfacet
  facet normal -0.39071 0.920514 0
    outer loop
      vertex 20.6783 -51.1805 24
      vertex 22.4519 -50.4277 21
      vertex 20.6783 -51.1805 21
    endloop
  endfacet
  facet normal -0.390722 0.920509 0
    outer loop
      vertex 20.3368 -45.6773 19
      vertex 18.7303 -46.3592 21
      vertex 20.3368 -45.6773 21
    endloop
  endfacet
  facet normal -0.390722 0.920509 0
    outer loop
      vertex 18.7303 -46.3592 21
      vertex 20.3368 -45.6773 19
      vertex 18.7303 -46.3592 19
    endloop
  endfacet
  facet normal -0.286157 0.674103 -0.680955
    outer loop
      vertex 24.1195 -54.1732 9
      vertex 22.2142 -54.982 9
      vertex 20.3368 -45.6773 19
    endloop
  endfacet
  facet normal -0.286135 0.67411 -0.680958
    outer loop
      vertex 20.3368 -45.6773 19
      vertex 22.2142 -54.982 9
      vertex 18.7303 -46.3592 19
    endloop
  endfacet
  facet normal -0.385411 0.907985 -0.164382
    outer loop
      vertex 24.1195 -54.1732 9
      vertex 24.7296 -55.5436 0
      vertex 22.7761 -56.3728 0
    endloop
  endfacet
  facet normal -0.385436 0.907976 -0.164377
    outer loop
      vertex 24.1195 -54.1732 9
      vertex 22.7761 -56.3728 0
      vertex 22.2142 -54.982 9
    endloop
  endfacet
  facet normal 0.385454 -0.907968 0.164376
    outer loop
      vertex 25.2177 -56.6398 0
      vertex 23.5907 -52.9856 24
      vertex 21.7272 -53.7767 24
    endloop
  endfacet
  facet normal 0.385418 -0.907984 0.164373
    outer loop
      vertex 23.2256 -57.4854 0
      vertex 25.2177 -56.6398 0
      vertex 21.7272 -53.7767 24
    endloop
  endfacet
  facet normal -0.35837 0.933579 0
    outer loop
      vertex 20.6783 -51.1805 21
      vertex 18.8795 -51.871 24
      vertex 20.6783 -51.1805 24
    endloop
  endfacet
  facet normal -0.35837 0.933579 0
    outer loop
      vertex 18.8795 -51.871 24
      vertex 20.6783 -51.1805 21
      vertex 18.8795 -51.871 21
    endloop
  endfacet
  facet normal -0.358353 0.933586 0
    outer loop
      vertex 18.7303 -46.3592 19
      vertex 17.101 -46.9846 21
      vertex 18.7303 -46.3592 21
    endloop
  endfacet
  facet normal -0.358353 0.933586 0
    outer loop
      vertex 17.101 -46.9846 21
      vertex 18.7303 -46.3592 19
      vertex 17.101 -46.9846 19
    endloop
  endfacet
  facet normal -0.262448 0.68368 -0.680958
    outer loop
      vertex 22.2142 -54.982 9
      vertex 20.2818 -55.7238 9
      vertex 18.7303 -46.3592 19
    endloop
  endfacet
  facet normal -0.26243 0.683685 -0.680959
    outer loop
      vertex 18.7303 -46.3592 19
      vertex 20.2818 -55.7238 9
      vertex 17.101 -46.9846 19
    endloop
  endfacet
  facet normal -0.353473 0.920889 -0.164377
    outer loop
      vertex 22.2142 -54.982 9
      vertex 22.7761 -56.3728 0
      vertex 20.7948 -57.1333 0
    endloop
  endfacet
  facet normal -0.353503 0.920879 -0.16437
    outer loop
      vertex 22.2142 -54.982 9
      vertex 20.7948 -57.1333 0
      vertex 20.2818 -55.7238 9
    endloop
  endfacet
  facet normal 0.353492 -0.920883 0.164373
    outer loop
      vertex 23.2256 -57.4854 0
      vertex 21.7272 -53.7767 24
      vertex 19.8372 -54.5022 24
    endloop
  endfacet
  facet normal 0.35347 -0.920891 0.164371
    outer loop
      vertex 21.2052 -58.2609 0
      vertex 23.2256 -57.4854 0
      vertex 19.8372 -54.5022 24
    endloop
  endfacet
  facet normal -0.32557 0.945518 0
    outer loop
      vertex 18.8795 -51.871 21
      vertex 17.0577 -52.4983 24
      vertex 18.8795 -51.871 24
    endloop
  endfacet
  facet normal -0.32557 0.945518 0
    outer loop
      vertex 17.0577 -52.4983 24
      vertex 18.8795 -51.871 21
      vertex 17.0577 -52.4983 21
    endloop
  endfacet
  facet normal -0.325563 0.94552 0
    outer loop
      vertex 17.101 -46.9846 19
      vertex 15.4508 -47.5528 21
      vertex 17.101 -46.9846 21
    endloop
  endfacet
  facet normal -0.325563 0.94552 0
    outer loop
      vertex 15.4508 -47.5528 21
      vertex 17.101 -46.9846 19
      vertex 15.4508 -47.5528 19
    endloop
  endfacet
  facet normal -0.238394 0.692433 -0.680959
    outer loop
      vertex 20.2818 -55.7238 9
      vertex 18.3247 -56.3976 9
      vertex 17.101 -46.9846 19
    endloop
  endfacet
  facet normal -0.238418 0.692427 -0.680957
    outer loop
      vertex 17.101 -46.9846 19
      vertex 18.3247 -56.3976 9
      vertex 15.4508 -47.5528 19
    endloop
  endfacet
  facet normal -0.321128 0.932662 -0.16437
    outer loop
      vertex 20.2818 -55.7238 9
      vertex 20.7948 -57.1333 0
      vertex 18.7882 -57.8242 0
    endloop
  endfacet
  facet normal -0.321104 0.93267 -0.164375
    outer loop
      vertex 20.2818 -55.7238 9
      vertex 18.7882 -57.8242 0
      vertex 18.3247 -56.3976 9
    endloop
  endfacet
  facet normal 0.321135 -0.93266 0.164371
    outer loop
      vertex 21.2052 -58.2609 0
      vertex 19.8372 -54.5022 24
      vertex 17.923 -55.1613 24
    endloop
  endfacet
  facet normal 0.321169 -0.932648 0.164374
    outer loop
      vertex 19.1591 -58.9655 0
      vertex 21.2052 -58.2609 0
      vertex 17.923 -55.1613 24
    endloop
  endfacet
  facet normal -0.292368 0.956306 0
    outer loop
      vertex 17.0577 -52.4983 21
      vertex 15.2152 -53.0616 24
      vertex 17.0577 -52.4983 24
    endloop
  endfacet
  facet normal -0.292368 0.956306 0
    outer loop
      vertex 15.2152 -53.0616 24
      vertex 17.0577 -52.4983 21
      vertex 15.2152 -53.0616 21
    endloop
  endfacet
  facet normal -0.292406 0.956294 0
    outer loop
      vertex 15.4508 -47.5528 19
      vertex 13.7819 -48.0631 21
      vertex 15.4508 -47.5528 21
    endloop
  endfacet
  facet normal -0.292406 0.956294 0
    outer loop
      vertex 13.7819 -48.0631 21
      vertex 15.4508 -47.5528 19
      vertex 13.7819 -48.0631 19
    endloop
  endfacet
  facet normal -0.214123 0.700321 -0.680957
    outer loop
      vertex 18.3247 -56.3976 9
      vertex 16.3453 -57.0028 9
      vertex 15.4508 -47.5528 19
    endloop
  endfacet
  facet normal -0.214136 0.700318 -0.680955
    outer loop
      vertex 15.4508 -47.5528 19
      vertex 16.3453 -57.0028 9
      vertex 13.7819 -48.0631 19
    endloop
  endfacet
  facet normal -0.288403 0.943294 -0.164375
    outer loop
      vertex 18.3247 -56.3976 9
      vertex 18.7882 -57.8242 0
      vertex 16.7587 -58.4447 0
    endloop
  endfacet
  facet normal -0.288411 0.943292 -0.164374
    outer loop
      vertex 18.3247 -56.3976 9
      vertex 16.7587 -58.4447 0
      vertex 16.3453 -57.0028 9
    endloop
  endfacet
  facet normal 0.288397 -0.943296 0.164374
    outer loop
      vertex 19.1591 -58.9655 0
      vertex 17.923 -55.1613 24
      vertex 15.987 -55.7532 24
    endloop
  endfacet
  facet normal 0.288378 -0.943303 0.164372
    outer loop
      vertex 17.0895 -59.5982 0
      vertex 19.1591 -58.9655 0
      vertex 15.987 -55.7532 24
    endloop
  endfacet
  facet normal -0.258829 0.965923 0
    outer loop
      vertex 15.2152 -53.0616 21
      vertex 13.3541 -53.5603 24
      vertex 15.2152 -53.0616 24
    endloop
  endfacet
  facet normal -0.258829 0.965923 0
    outer loop
      vertex 13.3541 -53.5603 24
      vertex 15.2152 -53.0616 21
      vertex 13.3541 -53.5603 21
    endloop
  endfacet
  facet normal -0.258814 0.965927 0
    outer loop
      vertex 13.7819 -48.0631 19
      vertex 12.0961 -48.5148 21
      vertex 13.7819 -48.0631 21
    endloop
  endfacet
  facet normal -0.258814 0.965927 0
    outer loop
      vertex 12.0961 -48.5148 21
      vertex 13.7819 -48.0631 19
      vertex 12.0961 -48.5148 19
    endloop
  endfacet
  facet normal -0.189536 0.707372 -0.680955
    outer loop
      vertex 16.3453 -57.0028 9
      vertex 14.346 -57.5385 9
      vertex 13.7819 -48.0631 19
    endloop
  endfacet
  facet normal -0.189536 0.707372 -0.680955
    outer loop
      vertex 13.7819 -48.0631 19
      vertex 14.346 -57.5385 9
      vertex 12.0961 -48.5148 19
    endloop
  endfacet
  facet normal -0.255312 0.952784 -0.164374
    outer loop
      vertex 16.3453 -57.0028 9
      vertex 16.7587 -58.4447 0
      vertex 14.7088 -58.994 0
    endloop
  endfacet
  facet normal -0.255294 0.952788 -0.164378
    outer loop
      vertex 16.3453 -57.0028 9
      vertex 14.7088 -58.994 0
      vertex 14.346 -57.5385 9
    endloop
  endfacet
  facet normal 0.25531 -0.952785 0.164372
    outer loop
      vertex 17.0895 -59.5982 0
      vertex 15.987 -55.7532 24
      vertex 14.0315 -56.2772 24
    endloop
  endfacet
  facet normal 0.255301 -0.952787 0.164372
    outer loop
      vertex 14.9992 -60.1583 0
      vertex 17.0895 -59.5982 0
      vertex 14.0315 -56.2772 24
    endloop
  endfacet
  facet normal -0.224935 0.974374 0
    outer loop
      vertex 13.3541 -53.5603 21
      vertex 11.4767 -53.9937 24
      vertex 13.3541 -53.5603 24
    endloop
  endfacet
  facet normal -0.224935 0.974374 0
    outer loop
      vertex 11.4767 -53.9937 24
      vertex 13.3541 -53.5603 21
      vertex 11.4767 -53.9937 21
    endloop
  endfacet
  facet normal -0.224956 0.974369 0
    outer loop
      vertex 12.0961 -48.5148 19
      vertex 10.3956 -48.9074 21
      vertex 12.0961 -48.5148 21
    endloop
  endfacet
  facet normal -0.224956 0.974369 0
    outer loop
      vertex 10.3956 -48.9074 21
      vertex 12.0961 -48.5148 19
      vertex 10.3956 -48.9074 19
    endloop
  endfacet
  facet normal -0.164732 0.713557 -0.680955
    outer loop
      vertex 14.346 -57.5385 9
      vertex 12.3292 -58.0041 9
      vertex 12.0961 -48.5148 19
    endloop
  endfacet
  facet normal -0.164741 0.713556 -0.680954
    outer loop
      vertex 12.0961 -48.5148 19
      vertex 12.3292 -58.0041 9
      vertex 10.3956 -48.9074 19
    endloop
  endfacet
  facet normal -0.221896 0.961115 -0.164379
    outer loop
      vertex 14.346 -57.5385 9
      vertex 14.7088 -58.994 0
      vertex 12.641 -59.4714 0
    endloop
  endfacet
  facet normal -0.221884 0.961117 -0.164381
    outer loop
      vertex 14.346 -57.5385 9
      vertex 12.641 -59.4714 0
      vertex 12.3292 -58.0041 9
    endloop
  endfacet
  facet normal 0.221886 -0.961118 0.164371
    outer loop
      vertex 14.9992 -60.1583 0
      vertex 14.0315 -56.2772 24
      vertex 12.0589 -56.7326 24
    endloop
  endfacet
  facet normal 0.221878 -0.96112 0.164371
    outer loop
      vertex 12.8905 -60.6451 0
      vertex 14.9992 -60.1583 0
      vertex 12.0589 -56.7326 24
    endloop
  endfacet
  facet normal -0.190841 0.981621 0
    outer loop
      vertex 11.4767 -53.9937 21
      vertex 9.58538 -54.3614 24
      vertex 11.4767 -53.9937 24
    endloop
  endfacet
  facet normal -0.190841 0.981621 0
    outer loop
      vertex 9.58538 -54.3614 24
      vertex 11.4767 -53.9937 21
      vertex 9.58538 -54.3614 21
    endloop
  endfacet
  facet normal -0.190803 0.981628 0
    outer loop
      vertex 10.3956 -48.9074 19
      vertex 8.68241 -49.2404 21
      vertex 10.3956 -48.9074 21
    endloop
  endfacet
  facet normal -0.190803 0.981628 0
    outer loop
      vertex 8.68241 -49.2404 21
      vertex 10.3956 -48.9074 19
      vertex 8.68241 -49.2404 19
    endloop
  endfacet
  facet normal -0.139748 0.718868 -0.680954
    outer loop
      vertex 10.3956 -48.9074 19
      vertex 12.3292 -58.0041 9
      vertex 10.2973 -58.3991 9
    endloop
  endfacet
  facet normal -0.13973 0.71887 -0.680956
    outer loop
      vertex 10.3956 -48.9074 19
      vertex 10.2973 -58.3991 9
      vertex 8.68241 -49.2404 19
    endloop
  endfacet
  facet normal -0.188199 0.968277 -0.164381
    outer loop
      vertex 12.3292 -58.0041 9
      vertex 12.641 -59.4714 0
      vertex 10.5578 -59.8763 0
    endloop
  endfacet
  facet normal -0.188231 0.968272 -0.164374
    outer loop
      vertex 12.3292 -58.0041 9
      vertex 10.5578 -59.8763 0
      vertex 10.2973 -58.3991 9
    endloop
  endfacet
  facet normal 0.188217 -0.968275 0.164371
    outer loop
      vertex 12.8905 -60.6451 0
      vertex 12.0589 -56.7326 24
      vertex 10.0716 -57.1189 24
    endloop
  endfacet
  facet normal 0.188248 -0.968269 0.164373
    outer loop
      vertex 10.7662 -61.0581 0
      vertex 12.8905 -60.6451 0
      vertex 10.0716 -57.1189 24
    endloop
  endfacet
  facet normal -0.156429 0.987689 0
    outer loop
      vertex 9.58538 -54.3614 21
      vertex 7.68235 -54.6628 24
      vertex 9.58538 -54.3614 24
    endloop
  endfacet
  facet normal -0.156429 0.987689 0
    outer loop
      vertex 7.68235 -54.6628 24
      vertex 9.58538 -54.3614 21
      vertex 7.68235 -54.6628 21
    endloop
  endfacet
  facet normal -0.156425 0.98769 0
    outer loop
      vertex 8.68241 -49.2404 19
      vertex 6.95865 -49.5134 21
      vertex 8.68241 -49.2404 21
    endloop
  endfacet
  facet normal -0.156425 0.98769 0
    outer loop
      vertex 6.95865 -49.5134 21
      vertex 8.68241 -49.2404 19
      vertex 6.95865 -49.5134 19
    endloop
  endfacet
  facet normal -0.114564 0.723307 -0.680956
    outer loop
      vertex 8.68241 -49.2404 19
      vertex 10.2973 -58.3991 9
      vertex 8.25296 -58.7229 9
    endloop
  endfacet
  facet normal -0.114554 0.723308 -0.680957
    outer loop
      vertex 8.68241 -49.2404 19
      vertex 8.25296 -58.7229 9
      vertex 6.95865 -49.5134 19
    endloop
  endfacet
  facet normal -0.154313 0.974253 -0.164374
    outer loop
      vertex 10.2973 -58.3991 9
      vertex 10.5578 -59.8763 0
      vertex 8.46172 -60.2083 0
    endloop
  endfacet
  facet normal -0.154311 0.974253 -0.164374
    outer loop
      vertex 10.2973 -58.3991 9
      vertex 8.46172 -60.2083 0
      vertex 8.25296 -58.7229 9
    endloop
  endfacet
  facet normal 0.15426 -0.974261 0.164373
    outer loop
      vertex 10.7662 -61.0581 0
      vertex 10.0716 -57.1189 24
      vertex 8.07204 -57.4355 24
    endloop
  endfacet
  facet normal 0.154288 -0.974257 0.164376
    outer loop
      vertex 8.62873 -61.3966 0
      vertex 10.7662 -61.0581 0
      vertex 8.07204 -57.4355 24
    endloop
  endfacet
  facet normal -0.121864 0.992547 0
    outer loop
      vertex 7.68235 -54.6628 21
      vertex 5.76997 -54.8976 24
      vertex 7.68235 -54.6628 24
    endloop
  endfacet
  facet normal -0.121864 0.992547 0
    outer loop
      vertex 5.76997 -54.8976 24
      vertex 7.68235 -54.6628 21
      vertex 5.76997 -54.8976 21
    endloop
  endfacet
  facet normal -0.121874 0.992546 0
    outer loop
      vertex 6.95865 -49.5134 19
      vertex 5.22642 -49.7261 21
      vertex 6.95865 -49.5134 21
    endloop
  endfacet
  facet normal -0.121874 0.992546 0
    outer loop
      vertex 5.22642 -49.7261 21
      vertex 6.95865 -49.5134 19
      vertex 5.22642 -49.7261 19
    endloop
  endfacet
  facet normal -0.08923 0.726867 -0.680957
    outer loop
      vertex 6.95865 -49.5134 19
      vertex 8.25296 -58.7229 9
      vertex 6.19854 -58.9751 9
    endloop
  endfacet
  facet normal -0.0892517 0.726866 -0.680955
    outer loop
      vertex 6.95865 -49.5134 19
      vertex 6.19854 -58.9751 9
      vertex 5.22642 -49.7261 19
    endloop
  endfacet
  facet normal -0.120197 0.979047 -0.164374
    outer loop
      vertex 8.25296 -58.7229 9
      vertex 8.46172 -60.2083 0
      vertex 6.35533 -60.4669 0
    endloop
  endfacet
  facet normal -0.120188 0.979048 -0.164376
    outer loop
      vertex 8.25296 -58.7229 9
      vertex 6.35533 -60.4669 0
      vertex 6.19854 -58.9751 9
    endloop
  endfacet
  facet normal 0.120249 -0.979041 0.164376
    outer loop
      vertex 8.62873 -61.3966 0
      vertex 8.07204 -57.4355 24
      vertex 6.06265 -57.6823 24
    endloop
  endfacet
  facet normal 0.12024 -0.979042 0.164375
    outer loop
      vertex 6.48076 -61.6604 0
      vertex 8.62873 -61.3966 0
      vertex 6.06265 -57.6823 24
    endloop
  endfacet
  facet normal -0.087142 0.996196 0
    outer loop
      vertex 5.76997 -54.8976 21
      vertex 3.85056 -55.0655 24
      vertex 5.76997 -54.8976 24
    endloop
  endfacet
  facet normal -0.087142 0.996196 0
    outer loop
      vertex 3.85056 -55.0655 24
      vertex 5.76997 -54.8976 21
      vertex 3.85056 -55.0655 21
    endloop
  endfacet
  facet normal -0.0871513 0.996195 0
    outer loop
      vertex 5.22642 -49.7261 19
      vertex 3.48782 -49.8782 21
      vertex 5.22642 -49.7261 21
    endloop
  endfacet
  facet normal -0.0871513 0.996195 0
    outer loop
      vertex 3.48782 -49.8782 21
      vertex 5.22642 -49.7261 19
      vertex 3.48782 -49.8782 19
    endloop
  endfacet
  facet normal -0.0638264 0.729539 -0.680955
    outer loop
      vertex 5.22642 -49.7261 19
      vertex 6.19854 -58.9751 9
      vertex 4.13656 -59.1555 9
    endloop
  endfacet
  facet normal -0.0638231 0.729539 -0.680955
    outer loop
      vertex 5.22642 -49.7261 19
      vertex 4.13656 -59.1555 9
      vertex 3.48782 -49.8782 19
    endloop
  endfacet
  facet normal -0.0859872 0.982643 -0.164376
    outer loop
      vertex 6.19854 -58.9751 9
      vertex 6.35533 -60.4669 0
      vertex 4.24119 -60.6519 0
    endloop
  endfacet
  facet normal -0.0859702 0.982643 -0.16438
    outer loop
      vertex 6.19854 -58.9751 9
      vertex 4.24119 -60.6519 0
      vertex 4.13656 -59.1555 9
    endloop
  endfacet
  facet normal 0.0859483 -0.982646 0.164375
    outer loop
      vertex 6.48076 -61.6604 0
      vertex 6.06265 -57.6823 24
      vertex 4.04587 -57.8587 24
    endloop
  endfacet
  facet normal 0.0859642 -0.982645 0.164376
    outer loop
      vertex 4.3249 -61.849 0
      vertex 6.48076 -61.6604 0
      vertex 4.04587 -57.8587 24
    endloop
  endfacet
  facet normal -0.0523679 0.998628 0
    outer loop
      vertex 3.85056 -55.0655 21
      vertex 1.92645 -55.1664 24
      vertex 3.85056 -55.0655 24
    endloop
  endfacet
  facet normal -0.0523679 0.998628 0
    outer loop
      vertex 1.92645 -55.1664 24
      vertex 3.85056 -55.0655 21
      vertex 1.92645 -55.1664 21
    endloop
  endfacet
  facet normal -0.0523137 0.998631 0
    outer loop
      vertex 3.48782 -49.8782 19
      vertex 1.74497 -49.9695 21
      vertex 3.48782 -49.8782 21
    endloop
  endfacet
  facet normal -0.0523137 0.998631 0
    outer loop
      vertex 1.74497 -49.9695 21
      vertex 3.48782 -49.8782 19
      vertex 1.74497 -49.9695 19
    endloop
  endfacet
  facet normal -0.0383524 0.73132 -0.680955
    outer loop
      vertex 3.48782 -49.8782 19
      vertex 4.13656 -59.1555 9
      vertex 2.06954 -59.2639 9
    endloop
  endfacet
  facet normal -0.0383104 0.731318 -0.68096
    outer loop
      vertex 3.48782 -49.8782 19
      vertex 2.06954 -59.2639 9
      vertex 1.74497 -49.9695 19
    endloop
  endfacet
  facet normal -0.051639 0.985044 -0.16438
    outer loop
      vertex 4.13656 -59.1555 9
      vertex 4.24119 -60.6519 0
      vertex 2.12189 -60.763 0
    endloop
  endfacet
  facet normal -0.0516583 0.985044 -0.164376
    outer loop
      vertex 4.13656 -59.1555 9
      vertex 2.12189 -60.763 0
      vertex 2.06954 -59.2639 9
    endloop
  endfacet
  facet normal 0.051647 -0.985045 0.164376
    outer loop
      vertex 4.3249 -61.849 0
      vertex 4.04587 -57.8587 24
      vertex 2.02417 -57.9647 24
    endloop
  endfacet
  facet normal 0.0515968 -0.985048 0.164372
    outer loop
      vertex 2.16377 -61.9622 0
      vertex 4.3249 -61.849 0
      vertex 2.02417 -57.9647 24
    endloop
  endfacet
  facet normal -0.0174388 0.999848 0
    outer loop
      vertex 1.92645 -55.1664 21
      vertex 0 -55.2 24
      vertex 1.92645 -55.1664 24
    endloop
  endfacet
  facet normal -0.0174388 0.999848 0
    outer loop
      vertex 0 -55.2 24
      vertex 1.92645 -55.1664 21
      vertex 0 -55.2 21
    endloop
  endfacet
  facet normal -0.0174761 0.999847 0
    outer loop
      vertex 1.74497 -49.9695 19
      vertex 0 -50 21
      vertex 1.74497 -49.9695 21
    endloop
  endfacet
  facet normal -0.0174761 0.999847 0
    outer loop
      vertex 0 -50 21
      vertex 1.74497 -49.9695 19
      vertex 0 -50 19
    endloop
  endfacet
  facet normal -0.0127723 0.73221 -0.68096
    outer loop
      vertex 1.74497 -49.9695 19
      vertex 2.06954 -59.2639 9
      vertex 0 -59.3 9
    endloop
  endfacet
  facet normal -0.0127982 0.732212 -0.680957
    outer loop
      vertex 0 -50 19
      vertex 1.74497 -49.9695 19
      vertex 0 -59.3 9
    endloop
  endfacet
  facet normal -0.0171975 0.986248 -0.164376
    outer loop
      vertex 2.06954 -59.2639 9
      vertex 2.12189 -60.763 0
      vertex 0 -60.8 0
    endloop
  endfacet
  facet normal -0.0172036 0.986248 -0.164375
    outer loop
      vertex 0 -59.3 9
      vertex 2.06954 -59.2639 9
      vertex 0 -60.8 0
    endloop
  endfacet
  facet normal 0.0171994 -0.986248 0.164372
    outer loop
      vertex 2.16377 -61.9622 0
      vertex 2.02417 -57.9647 24
      vertex 0 -58 24
    endloop
  endfacet
  facet normal 0.0172293 -0.986248 0.164375
    outer loop
      vertex 2.16377 -61.9622 0
      vertex 0 -58 24
      vertex 0 -62 0
    endloop
  endfacet
  facet normal 0.0174388 0.999848 -0
    outer loop
      vertex 0 -55.2 21
      vertex -1.92645 -55.1664 24
      vertex 0 -55.2 24
    endloop
  endfacet
  facet normal 0.0174388 0.999848 0
    outer loop
      vertex -1.92645 -55.1664 24
      vertex 0 -55.2 21
      vertex -1.92645 -55.1664 21
    endloop
  endfacet
  facet normal 0.0174761 0.999847 -0
    outer loop
      vertex 0 -50 19
      vertex -1.74497 -49.9695 21
      vertex 0 -50 21
    endloop
  endfacet
  facet normal 0.0174761 0.999847 0
    outer loop
      vertex -1.74497 -49.9695 21
      vertex 0 -50 19
      vertex -1.74497 -49.9695 19
    endloop
  endfacet
  facet normal 0.0127723 0.732212 -0.680957
    outer loop
      vertex 0 -50 19
      vertex 0 -59.3 9
      vertex -2.06954 -59.2639 9
    endloop
  endfacet
  facet normal 0.0127981 0.732209 -0.68096
    outer loop
      vertex -1.74497 -49.9695 19
      vertex 0 -50 19
      vertex -2.06954 -59.2639 9
    endloop
  endfacet
  facet normal 0.0171975 0.986248 -0.164375
    outer loop
      vertex 0 -59.3 9
      vertex 0 -60.8 0
      vertex -2.12189 -60.763 0
    endloop
  endfacet
  facet normal 0.0172036 0.986248 -0.164376
    outer loop
      vertex -2.06954 -59.2639 9
      vertex 0 -59.3 9
      vertex -2.12189 -60.763 0
    endloop
  endfacet
  facet normal -0.0171994 -0.986248 0.164375
    outer loop
      vertex 0 -62 0
      vertex 0 -58 24
      vertex -2.02417 -57.9647 24
    endloop
  endfacet
  facet normal -0.0172293 -0.986248 0.164372
    outer loop
      vertex 0 -62 0
      vertex -2.02417 -57.9647 24
      vertex -2.16377 -61.9622 0
    endloop
  endfacet
  facet normal 0.0523679 0.998628 -0
    outer loop
      vertex -1.92645 -55.1664 21
      vertex -3.85056 -55.0655 24
      vertex -1.92645 -55.1664 24
    endloop
  endfacet
  facet normal 0.0523679 0.998628 0
    outer loop
      vertex -3.85056 -55.0655 24
      vertex -1.92645 -55.1664 21
      vertex -3.85056 -55.0655 21
    endloop
  endfacet
  facet normal 0.0523137 0.998631 -0
    outer loop
      vertex -1.74497 -49.9695 19
      vertex -3.48782 -49.8782 21
      vertex -1.74497 -49.9695 21
    endloop
  endfacet
  facet normal 0.0523137 0.998631 0
    outer loop
      vertex -3.48782 -49.8782 21
      vertex -1.74497 -49.9695 19
      vertex -3.48782 -49.8782 19
    endloop
  endfacet
  facet normal 0.0383522 0.731316 -0.680959
    outer loop
      vertex -1.74497 -49.9695 19
      vertex -2.06954 -59.2639 9
      vertex -4.13656 -59.1555 9
    endloop
  endfacet
  facet normal 0.0383107 0.731322 -0.680955
    outer loop
      vertex -3.48782 -49.8782 19
      vertex -1.74497 -49.9695 19
      vertex -4.13656 -59.1555 9
    endloop
  endfacet
  facet normal 0.051639 0.985045 -0.164376
    outer loop
      vertex -2.06954 -59.2639 9
      vertex -2.12189 -60.763 0
      vertex -4.24119 -60.6519 0
    endloop
  endfacet
  facet normal 0.0516583 0.985043 -0.16438
    outer loop
      vertex -4.13656 -59.1555 9
      vertex -2.06954 -59.2639 9
      vertex -4.24119 -60.6519 0
    endloop
  endfacet
  facet normal -0.051647 -0.985045 0.164372
    outer loop
      vertex -2.16377 -61.9622 0
      vertex -2.02417 -57.9647 24
      vertex -4.04587 -57.8587 24
    endloop
  endfacet
  facet normal -0.0515968 -0.985047 0.164376
    outer loop
      vertex -2.16377 -61.9622 0
      vertex -4.04587 -57.8587 24
      vertex -4.3249 -61.849 0
    endloop
  endfacet
  facet normal 0.087142 0.996196 -0
    outer loop
      vertex -3.85056 -55.0655 21
      vertex -5.76997 -54.8976 24
      vertex -3.85056 -55.0655 24
    endloop
  endfacet
  facet normal 0.087142 0.996196 0
    outer loop
      vertex -5.76997 -54.8976 24
      vertex -3.85056 -55.0655 21
      vertex -5.76997 -54.8976 21
    endloop
  endfacet
  facet normal 0.0871513 0.996195 -0
    outer loop
      vertex -3.48782 -49.8782 19
      vertex -5.22642 -49.7261 21
      vertex -3.48782 -49.8782 21
    endloop
  endfacet
  facet normal 0.0871513 0.996195 0
    outer loop
      vertex -5.22642 -49.7261 21
      vertex -3.48782 -49.8782 19
      vertex -5.22642 -49.7261 19
    endloop
  endfacet
  facet normal 0.0638264 0.729538 -0.680955
    outer loop
      vertex -3.48782 -49.8782 19
      vertex -4.13656 -59.1555 9
      vertex -6.19854 -58.9751 9
    endloop
  endfacet
  facet normal 0.0638231 0.729539 -0.680955
    outer loop
      vertex -5.22642 -49.7261 19
      vertex -3.48782 -49.8782 19
      vertex -6.19854 -58.9751 9
    endloop
  endfacet
  facet normal 0.0859871 0.982642 -0.16438
    outer loop
      vertex -4.13656 -59.1555 9
      vertex -4.24119 -60.6519 0
      vertex -6.35533 -60.4669 0
    endloop
  endfacet
  facet normal 0.0859703 0.982644 -0.164376
    outer loop
      vertex -6.19854 -58.9751 9
      vertex -4.13656 -59.1555 9
      vertex -6.35533 -60.4669 0
    endloop
  endfacet
  facet normal -0.0859483 -0.982646 0.164376
    outer loop
      vertex -4.3249 -61.849 0
      vertex -4.04587 -57.8587 24
      vertex -6.06265 -57.6823 24
    endloop
  endfacet
  facet normal -0.0859642 -0.982645 0.164375
    outer loop
      vertex -4.3249 -61.849 0
      vertex -6.06265 -57.6823 24
      vertex -6.48076 -61.6604 0
    endloop
  endfacet
  facet normal 0.121864 0.992547 -0
    outer loop
      vertex -5.76997 -54.8976 21
      vertex -7.68235 -54.6628 24
      vertex -5.76997 -54.8976 24
    endloop
  endfacet
  facet normal 0.121864 0.992547 0
    outer loop
      vertex -7.68235 -54.6628 24
      vertex -5.76997 -54.8976 21
      vertex -7.68235 -54.6628 21
    endloop
  endfacet
  facet normal 0.121874 0.992546 -0
    outer loop
      vertex -5.22642 -49.7261 19
      vertex -6.95865 -49.5134 21
      vertex -5.22642 -49.7261 21
    endloop
  endfacet
  facet normal 0.121874 0.992546 0
    outer loop
      vertex -6.95865 -49.5134 21
      vertex -5.22642 -49.7261 19
      vertex -6.95865 -49.5134 19
    endloop
  endfacet
  facet normal 0.0892302 0.726869 -0.680955
    outer loop
      vertex -5.22642 -49.7261 19
      vertex -6.19854 -58.9751 9
      vertex -8.25296 -58.7229 9
    endloop
  endfacet
  facet normal 0.0892514 0.726864 -0.680957
    outer loop
      vertex -6.95865 -49.5134 19
      vertex -5.22642 -49.7261 19
      vertex -8.25296 -58.7229 9
    endloop
  endfacet
  facet normal 0.120197 0.979047 -0.164376
    outer loop
      vertex -6.19854 -58.9751 9
      vertex -6.35533 -60.4669 0
      vertex -8.46172 -60.2083 0
    endloop
  endfacet
  facet normal 0.120188 0.979049 -0.164374
    outer loop
      vertex -8.25296 -58.7229 9
      vertex -6.19854 -58.9751 9
      vertex -8.46172 -60.2083 0
    endloop
  endfacet
  facet normal -0.120249 -0.979041 0.164375
    outer loop
      vertex -6.48076 -61.6604 0
      vertex -6.06265 -57.6823 24
      vertex -8.07204 -57.4355 24
    endloop
  endfacet
  facet normal -0.12024 -0.979042 0.164376
    outer loop
      vertex -6.48076 -61.6604 0
      vertex -8.07204 -57.4355 24
      vertex -8.62873 -61.3966 0
    endloop
  endfacet
  facet normal 0.156429 0.987689 -0
    outer loop
      vertex -7.68235 -54.6628 21
      vertex -9.58538 -54.3614 24
      vertex -7.68235 -54.6628 24
    endloop
  endfacet
  facet normal 0.156429 0.987689 0
    outer loop
      vertex -9.58538 -54.3614 24
      vertex -7.68235 -54.6628 21
      vertex -9.58538 -54.3614 21
    endloop
  endfacet
  facet normal 0.156425 0.98769 -0
    outer loop
      vertex -6.95865 -49.5134 19
      vertex -8.68241 -49.2404 21
      vertex -6.95865 -49.5134 21
    endloop
  endfacet
  facet normal 0.156425 0.98769 0
    outer loop
      vertex -8.68241 -49.2404 21
      vertex -6.95865 -49.5134 19
      vertex -8.68241 -49.2404 19
    endloop
  endfacet
  facet normal 0.114563 0.723307 -0.680957
    outer loop
      vertex -6.95865 -49.5134 19
      vertex -8.25296 -58.7229 9
      vertex -10.2973 -58.3991 9
    endloop
  endfacet
  facet normal 0.114554 0.723309 -0.680956
    outer loop
      vertex -8.68241 -49.2404 19
      vertex -6.95865 -49.5134 19
      vertex -10.2973 -58.3991 9
    endloop
  endfacet
  facet normal 0.154313 0.974253 -0.164374
    outer loop
      vertex -8.25296 -58.7229 9
      vertex -8.46172 -60.2083 0
      vertex -10.5578 -59.8763 0
    endloop
  endfacet
  facet normal 0.154311 0.974253 -0.164374
    outer loop
      vertex -10.2973 -58.3991 9
      vertex -8.25296 -58.7229 9
      vertex -10.5578 -59.8763 0
    endloop
  endfacet
  facet normal -0.154259 -0.974261 0.164376
    outer loop
      vertex -8.62873 -61.3966 0
      vertex -8.07204 -57.4355 24
      vertex -10.0716 -57.1189 24
    endloop
  endfacet
  facet normal -0.154288 -0.974257 0.164373
    outer loop
      vertex -8.62873 -61.3966 0
      vertex -10.0716 -57.1189 24
      vertex -10.7662 -61.0581 0
    endloop
  endfacet
  facet normal 0.190841 0.981621 -0
    outer loop
      vertex -9.58538 -54.3614 21
      vertex -11.4767 -53.9937 24
      vertex -9.58538 -54.3614 24
    endloop
  endfacet
  facet normal 0.190841 0.981621 0
    outer loop
      vertex -11.4767 -53.9937 24
      vertex -9.58538 -54.3614 21
      vertex -11.4767 -53.9937 21
    endloop
  endfacet
  facet normal 0.190803 0.981628 -0
    outer loop
      vertex -8.68241 -49.2404 19
      vertex -10.3956 -48.9074 21
      vertex -8.68241 -49.2404 21
    endloop
  endfacet
  facet normal 0.190803 0.981628 0
    outer loop
      vertex -10.3956 -48.9074 21
      vertex -8.68241 -49.2404 19
      vertex -10.3956 -48.9074 19
    endloop
  endfacet
  facet normal 0.139747 0.718867 -0.680956
    outer loop
      vertex -8.68241 -49.2404 19
      vertex -10.2973 -58.3991 9
      vertex -12.3292 -58.0041 9
    endloop
  endfacet
  facet normal 0.13973 0.718872 -0.680954
    outer loop
      vertex -10.3956 -48.9074 19
      vertex -8.68241 -49.2404 19
      vertex -12.3292 -58.0041 9
    endloop
  endfacet
  facet normal 0.188199 0.968278 -0.164374
    outer loop
      vertex -10.2973 -58.3991 9
      vertex -10.5578 -59.8763 0
      vertex -12.641 -59.4714 0
    endloop
  endfacet
  facet normal 0.188231 0.96827 -0.164382
    outer loop
      vertex -12.3292 -58.0041 9
      vertex -10.2973 -58.3991 9
      vertex -12.641 -59.4714 0
    endloop
  endfacet
  facet normal -0.188217 -0.968275 0.164373
    outer loop
      vertex -10.7662 -61.0581 0
      vertex -10.0716 -57.1189 24
      vertex -12.0589 -56.7326 24
    endloop
  endfacet
  facet normal -0.188248 -0.968269 0.164371
    outer loop
      vertex -10.7662 -61.0581 0
      vertex -12.0589 -56.7326 24
      vertex -12.8905 -60.6451 0
    endloop
  endfacet
  facet normal 0.224935 0.974374 -0
    outer loop
      vertex -11.4767 -53.9937 21
      vertex -13.3541 -53.5603 24
      vertex -11.4767 -53.9937 24
    endloop
  endfacet
  facet normal 0.224935 0.974374 0
    outer loop
      vertex -13.3541 -53.5603 24
      vertex -11.4767 -53.9937 21
      vertex -13.3541 -53.5603 21
    endloop
  endfacet
  facet normal 0.224956 0.974369 -0
    outer loop
      vertex -10.3956 -48.9074 19
      vertex -12.0961 -48.5148 21
      vertex -10.3956 -48.9074 21
    endloop
  endfacet
  facet normal 0.224956 0.974369 0
    outer loop
      vertex -12.0961 -48.5148 21
      vertex -10.3956 -48.9074 19
      vertex -12.0961 -48.5148 19
    endloop
  endfacet
  facet normal 0.164732 0.713557 -0.680954
    outer loop
      vertex -10.3956 -48.9074 19
      vertex -12.3292 -58.0041 9
      vertex -14.346 -57.5385 9
    endloop
  endfacet
  facet normal 0.164741 0.713555 -0.680955
    outer loop
      vertex -12.0961 -48.5148 19
      vertex -10.3956 -48.9074 19
      vertex -14.346 -57.5385 9
    endloop
  endfacet
  facet normal 0.221896 0.961115 -0.164381
    outer loop
      vertex -12.3292 -58.0041 9
      vertex -12.641 -59.4714 0
      vertex -14.7088 -58.994 0
    endloop
  endfacet
  facet normal 0.221884 0.961118 -0.164378
    outer loop
      vertex -14.346 -57.5385 9
      vertex -12.3292 -58.0041 9
      vertex -14.7088 -58.994 0
    endloop
  endfacet
  facet normal -0.221887 -0.961118 0.164371
    outer loop
      vertex -12.8905 -60.6451 0
      vertex -12.0589 -56.7326 24
      vertex -14.0315 -56.2772 24
    endloop
  endfacet
  facet normal -0.221878 -0.96112 0.164371
    outer loop
      vertex -12.8905 -60.6451 0
      vertex -14.0315 -56.2772 24
      vertex -14.9992 -60.1583 0
    endloop
  endfacet
  facet normal 0.258829 0.965923 -0
    outer loop
      vertex -13.3541 -53.5603 21
      vertex -15.2152 -53.0616 24
      vertex -13.3541 -53.5603 24
    endloop
  endfacet
  facet normal 0.258829 0.965923 0
    outer loop
      vertex -15.2152 -53.0616 24
      vertex -13.3541 -53.5603 21
      vertex -15.2152 -53.0616 21
    endloop
  endfacet
  facet normal 0.258814 0.965927 -0
    outer loop
      vertex -12.0961 -48.5148 19
      vertex -13.7819 -48.0631 21
      vertex -12.0961 -48.5148 21
    endloop
  endfacet
  facet normal 0.258814 0.965927 0
    outer loop
      vertex -13.7819 -48.0631 21
      vertex -12.0961 -48.5148 19
      vertex -13.7819 -48.0631 19
    endloop
  endfacet
  facet normal 0.189536 0.707372 -0.680955
    outer loop
      vertex -12.0961 -48.5148 19
      vertex -14.346 -57.5385 9
      vertex -16.3453 -57.0028 9
    endloop
  endfacet
  facet normal 0.189536 0.707372 -0.680955
    outer loop
      vertex -13.7819 -48.0631 19
      vertex -12.0961 -48.5148 19
      vertex -16.3453 -57.0028 9
    endloop
  endfacet
  facet normal 0.255312 0.952783 -0.164378
    outer loop
      vertex -14.346 -57.5385 9
      vertex -14.7088 -58.994 0
      vertex -16.7587 -58.4447 0
    endloop
  endfacet
  facet normal 0.255294 0.952789 -0.164374
    outer loop
      vertex -16.3453 -57.0028 9
      vertex -14.346 -57.5385 9
      vertex -16.7587 -58.4447 0
    endloop
  endfacet
  facet normal -0.25531 -0.952785 0.164372
    outer loop
      vertex -14.9992 -60.1583 0
      vertex -14.0315 -56.2772 24
      vertex -15.987 -55.7532 24
    endloop
  endfacet
  facet normal -0.255301 -0.952787 0.164372
    outer loop
      vertex -14.9992 -60.1583 0
      vertex -15.987 -55.7532 24
      vertex -17.0895 -59.5982 0
    endloop
  endfacet
  facet normal 0.292368 0.956306 -0
    outer loop
      vertex -15.2152 -53.0616 21
      vertex -17.0577 -52.4983 24
      vertex -15.2152 -53.0616 24
    endloop
  endfacet
  facet normal 0.292368 0.956306 0
    outer loop
      vertex -17.0577 -52.4983 24
      vertex -15.2152 -53.0616 21
      vertex -17.0577 -52.4983 21
    endloop
  endfacet
  facet normal 0.292406 0.956294 -0
    outer loop
      vertex -13.7819 -48.0631 19
      vertex -15.4508 -47.5528 21
      vertex -13.7819 -48.0631 21
    endloop
  endfacet
  facet normal 0.292406 0.956294 0
    outer loop
      vertex -15.4508 -47.5528 21
      vertex -13.7819 -48.0631 19
      vertex -15.4508 -47.5528 19
    endloop
  endfacet
  facet normal 0.214123 0.700322 -0.680955
    outer loop
      vertex -13.7819 -48.0631 19
      vertex -16.3453 -57.0028 9
      vertex -18.3247 -56.3976 9
    endloop
  endfacet
  facet normal 0.214136 0.700317 -0.680957
    outer loop
      vertex -15.4508 -47.5528 19
      vertex -13.7819 -48.0631 19
      vertex -18.3247 -56.3976 9
    endloop
  endfacet
  facet normal 0.288403 0.943295 -0.164374
    outer loop
      vertex -16.3453 -57.0028 9
      vertex -16.7587 -58.4447 0
      vertex -18.7882 -57.8242 0
    endloop
  endfacet
  facet normal 0.288411 0.943292 -0.164375
    outer loop
      vertex -18.3247 -56.3976 9
      vertex -16.3453 -57.0028 9
      vertex -18.7882 -57.8242 0
    endloop
  endfacet
  facet normal -0.288397 -0.943297 0.164372
    outer loop
      vertex -17.0895 -59.5982 0
      vertex -15.987 -55.7532 24
      vertex -17.923 -55.1613 24
    endloop
  endfacet
  facet normal -0.288378 -0.943302 0.164374
    outer loop
      vertex -17.0895 -59.5982 0
      vertex -17.923 -55.1613 24
      vertex -19.1591 -58.9655 0
    endloop
  endfacet
  facet normal 0.32557 0.945518 -0
    outer loop
      vertex -17.0577 -52.4983 21
      vertex -18.8795 -51.871 24
      vertex -17.0577 -52.4983 24
    endloop
  endfacet
  facet normal 0.32557 0.945518 0
    outer loop
      vertex -18.8795 -51.871 24
      vertex -17.0577 -52.4983 21
      vertex -18.8795 -51.871 21
    endloop
  endfacet
  facet normal 0.325563 0.94552 -0
    outer loop
      vertex -15.4508 -47.5528 19
      vertex -17.101 -46.9846 21
      vertex -15.4508 -47.5528 21
    endloop
  endfacet
  facet normal 0.325563 0.94552 0
    outer loop
      vertex -17.101 -46.9846 21
      vertex -15.4508 -47.5528 19
      vertex -17.101 -46.9846 19
    endloop
  endfacet
  facet normal 0.238395 0.692435 -0.680957
    outer loop
      vertex -15.4508 -47.5528 19
      vertex -18.3247 -56.3976 9
      vertex -20.2818 -55.7238 9
    endloop
  endfacet
  facet normal 0.238417 0.692425 -0.680959
    outer loop
      vertex -17.101 -46.9846 19
      vertex -15.4508 -47.5528 19
      vertex -20.2818 -55.7238 9
    endloop
  endfacet
  facet normal 0.321128 0.932661 -0.164375
    outer loop
      vertex -18.3247 -56.3976 9
      vertex -18.7882 -57.8242 0
      vertex -20.7948 -57.1333 0
    endloop
  endfacet
  facet normal 0.321104 0.932671 -0.16437
    outer loop
      vertex -20.2818 -55.7238 9
      vertex -18.3247 -56.3976 9
      vertex -20.7948 -57.1333 0
    endloop
  endfacet
  facet normal -0.321135 -0.932659 0.164374
    outer loop
      vertex -19.1591 -58.9655 0
      vertex -17.923 -55.1613 24
      vertex -19.8372 -54.5022 24
    endloop
  endfacet
  facet normal -0.321169 -0.932648 0.164371
    outer loop
      vertex -19.1591 -58.9655 0
      vertex -19.8372 -54.5022 24
      vertex -21.2052 -58.2609 0
    endloop
  endfacet
  facet normal 0.35837 0.933579 -0
    outer loop
      vertex -18.8795 -51.871 21
      vertex -20.6783 -51.1805 24
      vertex -18.8795 -51.871 24
    endloop
  endfacet
  facet normal 0.35837 0.933579 0
    outer loop
      vertex -20.6783 -51.1805 24
      vertex -18.8795 -51.871 21
      vertex -20.6783 -51.1805 21
    endloop
  endfacet
  facet normal 0.358353 0.933586 -0
    outer loop
      vertex -17.101 -46.9846 19
      vertex -18.7303 -46.3592 21
      vertex -17.101 -46.9846 21
    endloop
  endfacet
  facet normal 0.358353 0.933586 0
    outer loop
      vertex -18.7303 -46.3592 21
      vertex -17.101 -46.9846 19
      vertex -18.7303 -46.3592 19
    endloop
  endfacet
  facet normal 0.262447 0.683678 -0.680959
    outer loop
      vertex -17.101 -46.9846 19
      vertex -20.2818 -55.7238 9
      vertex -22.2142 -54.982 9
    endloop
  endfacet
  facet normal 0.26243 0.683687 -0.680957
    outer loop
      vertex -18.7303 -46.3592 19
      vertex -17.101 -46.9846 19
      vertex -22.2142 -54.982 9
    endloop
  endfacet
  facet normal 0.353474 0.92089 -0.16437
    outer loop
      vertex -20.2818 -55.7238 9
      vertex -20.7948 -57.1333 0
      vertex -22.7761 -56.3728 0
    endloop
  endfacet
  facet normal 0.353502 0.920878 -0.164377
    outer loop
      vertex -22.2142 -54.982 9
      vertex -20.2818 -55.7238 9
      vertex -22.7761 -56.3728 0
    endloop
  endfacet
  facet normal -0.353492 -0.920883 0.164371
    outer loop
      vertex -21.2052 -58.2609 0
      vertex -19.8372 -54.5022 24
      vertex -21.7272 -53.7767 24
    endloop
  endfacet
  facet normal -0.35347 -0.920891 0.164373
    outer loop
      vertex -21.2052 -58.2609 0
      vertex -21.7272 -53.7767 24
      vertex -23.2256 -57.4854 0
    endloop
  endfacet
  facet normal 0.39071 0.920514 -0
    outer loop
      vertex -20.6783 -51.1805 21
      vertex -22.4519 -50.4277 24
      vertex -20.6783 -51.1805 24
    endloop
  endfacet
  facet normal 0.39071 0.920514 0
    outer loop
      vertex -22.4519 -50.4277 24
      vertex -20.6783 -51.1805 21
      vertex -22.4519 -50.4277 21
    endloop
  endfacet
  facet normal 0.390722 0.920509 -0
    outer loop
      vertex -18.7303 -46.3592 19
      vertex -20.3368 -45.6773 21
      vertex -18.7303 -46.3592 21
    endloop
  endfacet
  facet normal 0.390722 0.920509 0
    outer loop
      vertex -20.3368 -45.6773 21
      vertex -18.7303 -46.3592 19
      vertex -20.3368 -45.6773 19
    endloop
  endfacet
  facet normal 0.286156 0.674101 -0.680957
    outer loop
      vertex -18.7303 -46.3592 19
      vertex -22.2142 -54.982 9
      vertex -24.1195 -54.1732 9
    endloop
  endfacet
  facet normal 0.286136 0.674112 -0.680955
    outer loop
      vertex -20.3368 -45.6773 19
      vertex -18.7303 -46.3592 19
      vertex -24.1195 -54.1732 9
    endloop
  endfacet
  facet normal 0.385412 0.907986 -0.164377
    outer loop
      vertex -22.2142 -54.982 9
      vertex -22.7761 -56.3728 0
      vertex -24.7296 -55.5436 0
    endloop
  endfacet
  facet normal 0.385435 0.907975 -0.164383
    outer loop
      vertex -24.1195 -54.1732 9
      vertex -22.2142 -54.982 9
      vertex -24.7296 -55.5436 0
    endloop
  endfacet
  facet normal -0.385454 -0.907968 0.164373
    outer loop
      vertex -23.2256 -57.4854 0
      vertex -21.7272 -53.7767 24
      vertex -23.5907 -52.9856 24
    endloop
  endfacet
  facet normal -0.385418 -0.907983 0.164376
    outer loop
      vertex -23.2256 -57.4854 0
      vertex -23.5907 -52.9856 24
      vertex -25.2177 -56.6398 0
    endloop
  endfacet
  facet normal 0.422633 0.906301 -0
    outer loop
      vertex -22.4519 -50.4277 21
      vertex -24.1981 -49.6134 24
      vertex -22.4519 -50.4277 24
    endloop
  endfacet
  facet normal 0.422633 0.906301 0
    outer loop
      vertex -24.1981 -49.6134 24
      vertex -22.4519 -50.4277 21
      vertex -24.1981 -49.6134 21
    endloop
  endfacet
  facet normal 0.422616 0.906309 -0
    outer loop
      vertex -20.3368 -45.6773 19
      vertex -21.9186 -44.9397 21
      vertex -20.3368 -45.6773 21
    endloop
  endfacet
  facet normal 0.422616 0.906309 0
    outer loop
      vertex -21.9186 -44.9397 21
      vertex -20.3368 -45.6773 19
      vertex -21.9186 -44.9397 19
    endloop
  endfacet
  facet normal 0.30948 0.663718 -0.680955
    outer loop
      vertex -20.3368 -45.6773 19
      vertex -24.1195 -54.1732 9
      vertex -25.9954 -53.2985 9
    endloop
  endfacet
  facet normal 0.309491 0.663712 -0.680957
    outer loop
      vertex -21.9186 -44.9397 19
      vertex -20.3368 -45.6773 19
      vertex -25.9954 -53.2985 9
    endloop
  endfacet
  facet normal 0.416871 0.893978 -0.164382
    outer loop
      vertex -24.1195 -54.1732 9
      vertex -24.7296 -55.5436 0
      vertex -26.653 -54.6467 0
    endloop
  endfacet
  facet normal 0.416851 0.893988 -0.164377
    outer loop
      vertex -25.9954 -53.2985 9
      vertex -24.1195 -54.1732 9
      vertex -26.653 -54.6467 0
    endloop
  endfacet
  facet normal -0.416837 -0.893995 0.164376
    outer loop
      vertex -25.2177 -56.6398 0
      vertex -23.5907 -52.9856 24
      vertex -25.4255 -52.1301 24
    endloop
  endfacet
  facet normal -0.416882 -0.893975 0.164372
    outer loop
      vertex -25.2177 -56.6398 0
      vertex -25.4255 -52.1301 24
      vertex -27.179 -55.7252 0
    endloop
  endfacet
  facet normal 0.45399 0.891007 -0
    outer loop
      vertex -24.1981 -49.6134 21
      vertex -25.9148 -48.7387 24
      vertex -24.1981 -49.6134 24
    endloop
  endfacet
  facet normal 0.45399 0.891007 0
    outer loop
      vertex -25.9148 -48.7387 24
      vertex -24.1981 -49.6134 21
      vertex -25.9148 -48.7387 21
    endloop
  endfacet
  facet normal 0.453985 0.891009 -0
    outer loop
      vertex -21.9186 -44.9397 19
      vertex -23.4736 -44.1474 21
      vertex -21.9186 -44.9397 21
    endloop
  endfacet
  facet normal 0.453985 0.891009 0
    outer loop
      vertex -23.4736 -44.1474 21
      vertex -21.9186 -44.9397 19
      vertex -23.4736 -44.1474 19
    endloop
  endfacet
  facet normal 0.332463 0.652508 -0.680957
    outer loop
      vertex -21.9186 -44.9397 19
      vertex -25.9954 -53.2985 9
      vertex -27.8397 -52.3588 9
    endloop
  endfacet
  facet normal 0.332464 0.652507 -0.680957
    outer loop
      vertex -23.4736 -44.1474 19
      vertex -21.9186 -44.9397 19
      vertex -27.8397 -52.3588 9
    endloop
  endfacet
  facet normal 0.447829 0.878879 -0.164378
    outer loop
      vertex -25.9954 -53.2985 9
      vertex -26.653 -54.6467 0
      vertex -28.5439 -53.6832 0
    endloop
  endfacet
  facet normal 0.447809 0.878891 -0.164372
    outer loop
      vertex -27.8397 -52.3588 9
      vertex -25.9954 -53.2985 9
      vertex -28.5439 -53.6832 0
    endloop
  endfacet
  facet normal -0.447803 -0.878894 0.164372
    outer loop
      vertex -27.179 -55.7252 0
      vertex -25.4255 -52.1301 24
      vertex -27.2294 -51.211 24
    endloop
  endfacet
  facet normal -0.447791 -0.8789 0.164373
    outer loop
      vertex -27.179 -55.7252 0
      vertex -27.2294 -51.211 24
      vertex -29.1072 -54.7428 0
    endloop
  endfacet
  facet normal 0.484801 0.874624 -0
    outer loop
      vertex -25.9148 -48.7387 21
      vertex -27.6 -47.8046 24
      vertex -25.9148 -48.7387 24
    endloop
  endfacet
  facet normal 0.484801 0.874624 0
    outer loop
      vertex -27.6 -47.8046 24
      vertex -25.9148 -48.7387 21
      vertex -27.6 -47.8046 21
    endloop
  endfacet
  facet normal 0.484811 0.874619 -0
    outer loop
      vertex -23.4736 -44.1474 19
      vertex -25 -43.3013 21
      vertex -23.4736 -44.1474 21
    endloop
  endfacet
  facet normal 0.484811 0.874619 0
    outer loop
      vertex -25 -43.3013 21
      vertex -23.4736 -44.1474 19
      vertex -25 -43.3013 19
    endloop
  endfacet
  facet normal 0.355047 0.6405 -0.680957
    outer loop
      vertex -23.4736 -44.1474 19
      vertex -27.8397 -52.3588 9
      vertex -29.65 -51.3553 9
    endloop
  endfacet
  facet normal 0.355039 0.640505 -0.680956
    outer loop
      vertex -25 -43.3013 19
      vertex -23.4736 -44.1474 19
      vertex -29.65 -51.3553 9
    endloop
  endfacet
  facet normal 0.478232 0.862714 -0.164372
    outer loop
      vertex -27.8397 -52.3588 9
      vertex -28.5439 -53.6832 0
      vertex -30.4 -52.6543 0
    endloop
  endfacet
  facet normal 0.478228 0.862717 -0.164371
    outer loop
      vertex -29.65 -51.3553 9
      vertex -27.8397 -52.3588 9
      vertex -30.4 -52.6543 0
    endloop
  endfacet
  facet normal -0.47823 -0.862715 0.164373
    outer loop
      vertex -27.2294 -51.211 24
      vertex -29 -50.2295 24
      vertex -29.1072 -54.7428 0
    endloop
  endfacet
  facet normal -0.478217 -0.862722 0.164375
    outer loop
      vertex -29.1072 -54.7428 0
      vertex -29 -50.2295 24
      vertex -31 -53.6936 0
    endloop
  endfacet
  facet normal 0.51503 0.857172 -0
    outer loop
      vertex -27.6 -47.8046 21
      vertex -29.2515 -46.8123 24
      vertex -27.6 -47.8046 24
    endloop
  endfacet
  facet normal 0.51503 0.857172 0
    outer loop
      vertex -29.2515 -46.8123 24
      vertex -27.6 -47.8046 21
      vertex -29.2515 -46.8123 21
    endloop
  endfacet
  facet normal 0.515043 0.857164 -0
    outer loop
      vertex -25 -43.3013 19
      vertex -26.496 -42.4024 21
      vertex -25 -43.3013 21
    endloop
  endfacet
  facet normal 0.515043 0.857164 0
    outer loop
      vertex -26.496 -42.4024 21
      vertex -25 -43.3013 19
      vertex -26.496 -42.4024 19
    endloop
  endfacet
  facet normal 0.377189 0.627716 -0.680956
    outer loop
      vertex -25 -43.3013 19
      vertex -29.65 -51.3553 9
      vertex -31.4242 -50.2892 9
    endloop
  endfacet
  facet normal 0.37718 0.627723 -0.680954
    outer loop
      vertex -26.496 -42.4024 19
      vertex -25 -43.3013 19
      vertex -31.4242 -50.2892 9
    endloop
  endfacet
  facet normal 0.508024 0.845514 -0.164371
    outer loop
      vertex -29.65 -51.3553 9
      vertex -30.4 -52.6543 0
      vertex -32.2191 -51.5613 0
    endloop
  endfacet
  facet normal 0.508051 0.845496 -0.164378
    outer loop
      vertex -31.4242 -50.2892 9
      vertex -29.65 -51.3553 9
      vertex -32.2191 -51.5613 0
    endloop
  endfacet
  facet normal -0.508042 -0.845502 0.164375
    outer loop
      vertex -29 -50.2295 24
      vertex -30.7353 -49.1868 24
      vertex -31 -53.6936 0
    endloop
  endfacet
  facet normal -0.508034 -0.845507 0.164375
    outer loop
      vertex -31 -53.6936 0
      vertex -30.7353 -49.1868 24
      vertex -32.855 -52.579 0
    endloop
  endfacet
  facet normal 0.544647 0.838665 -0
    outer loop
      vertex -29.2515 -46.8123 21
      vertex -30.8674 -45.7629 24
      vertex -29.2515 -46.8123 24
    endloop
  endfacet
  facet normal 0.544647 0.838665 0
    outer loop
      vertex -30.8674 -45.7629 24
      vertex -29.2515 -46.8123 21
      vertex -30.8674 -45.7629 21
    endloop
  endfacet
  facet normal 0.54465 0.838663 -0
    outer loop
      vertex -26.496 -42.4024 19
      vertex -27.9596 -41.4519 21
      vertex -26.496 -42.4024 21
    endloop
  endfacet
  facet normal 0.54465 0.838663 0
    outer loop
      vertex -27.9596 -41.4519 21
      vertex -26.496 -42.4024 19
      vertex -27.9596 -41.4519 19
    endloop
  endfacet
  facet normal 0.398852 0.614181 -0.680954
    outer loop
      vertex -26.496 -42.4024 19
      vertex -31.4242 -50.2892 9
      vertex -33.1601 -49.1619 9
    endloop
  endfacet
  facet normal 0.398861 0.614174 -0.680956
    outer loop
      vertex -27.9596 -41.4519 19
      vertex -26.496 -42.4024 19
      vertex -33.1601 -49.1619 9
    endloop
  endfacet
  facet normal 0.537225 0.827266 -0.164378
    outer loop
      vertex -31.4242 -50.2892 9
      vertex -32.2191 -51.5613 0
      vertex -33.9989 -50.4055 0
    endloop
  endfacet
  facet normal 0.537228 0.827264 -0.164379
    outer loop
      vertex -33.1601 -49.1619 9
      vertex -31.4242 -50.2892 9
      vertex -33.9989 -50.4055 0
    endloop
  endfacet
  facet normal -0.537221 -0.827269 0.164375
    outer loop
      vertex -30.7353 -49.1868 24
      vertex -32.4332 -48.0842 24
      vertex -32.855 -52.579 0
    endloop
  endfacet
  facet normal -0.537239 -0.827258 0.164374
    outer loop
      vertex -32.855 -52.579 0
      vertex -32.4332 -48.0842 24
      vertex -34.67 -51.4003 0
    endloop
  endfacet
  facet normal 0.573598 0.819137 -0
    outer loop
      vertex -30.8674 -45.7629 21
      vertex -32.4457 -44.6577 24
      vertex -30.8674 -45.7629 24
    endloop
  endfacet
  facet normal 0.573598 0.819137 0
    outer loop
      vertex -32.4457 -44.6577 24
      vertex -30.8674 -45.7629 21
      vertex -32.4457 -44.6577 21
    endloop
  endfacet
  facet normal 0.573543 0.819175 -0
    outer loop
      vertex -27.9596 -41.4519 19
      vertex -29.3893 -40.4509 21
      vertex -27.9596 -41.4519 21
    endloop
  endfacet
  facet normal 0.573543 0.819175 0
    outer loop
      vertex -29.3893 -40.4509 21
      vertex -27.9596 -41.4519 19
      vertex -29.3893 -40.4509 19
    endloop
  endfacet
  facet normal 0.420027 0.599897 -0.680956
    outer loop
      vertex -27.9596 -41.4519 19
      vertex -33.1601 -49.1619 9
      vertex -34.8557 -47.9747 9
    endloop
  endfacet
  facet normal 0.42002 0.599903 -0.680955
    outer loop
      vertex -29.3893 -40.4509 19
      vertex -27.9596 -41.4519 19
      vertex -34.8557 -47.9747 9
    endloop
  endfacet
  facet normal 0.565793 0.807996 -0.164379
    outer loop
      vertex -33.1601 -49.1619 9
      vertex -33.9989 -50.4055 0
      vertex -35.7373 -49.1882 0
    endloop
  endfacet
  facet normal 0.565752 0.808027 -0.164368
    outer loop
      vertex -34.8557 -47.9747 9
      vertex -33.1601 -49.1619 9
      vertex -35.7373 -49.1882 0
    endloop
  endfacet
  facet normal -0.56579 -0.808 0.164374
    outer loop
      vertex -32.4332 -48.0842 24
      vertex -34.0915 -46.923 24
      vertex -34.67 -51.4003 0
    endloop
  endfacet
  facet normal -0.565757 -0.808022 0.164377
    outer loop
      vertex -34.67 -51.4003 0
      vertex -34.0915 -46.923 24
      vertex -36.4427 -50.1591 0
    endloop
  endfacet
  facet normal 0.601792 0.798653 -0
    outer loop
      vertex -32.4457 -44.6577 21
      vertex -33.9845 -43.4982 24
      vertex -32.4457 -44.6577 24
    endloop
  endfacet
  facet normal 0.601792 0.798653 0
    outer loop
      vertex -33.9845 -43.4982 24
      vertex -32.4457 -44.6577 21
      vertex -33.9845 -43.4982 21
    endloop
  endfacet
  facet normal 0.60185 0.798609 -0
    outer loop
      vertex -29.3893 -40.4509 19
      vertex -30.7831 -39.4005 21
      vertex -29.3893 -40.4509 21
    endloop
  endfacet
  facet normal 0.60185 0.798609 0
    outer loop
      vertex -30.7831 -39.4005 21
      vertex -29.3893 -40.4509 19
      vertex -30.7831 -39.4005 19
    endloop
  endfacet
  facet normal 0.440741 0.584848 -0.680955
    outer loop
      vertex -29.3893 -40.4509 19
      vertex -34.8557 -47.9747 9
      vertex -36.5087 -46.729 9
    endloop
  endfacet
  facet normal 0.44075 0.584841 -0.680956
    outer loop
      vertex -30.7831 -39.4005 19
      vertex -29.3893 -40.4509 19
      vertex -36.5087 -46.729 9
    endloop
  endfacet
  facet normal 0.59363 0.787773 -0.164367
    outer loop
      vertex -34.8557 -47.9747 9
      vertex -35.7373 -49.1882 0
      vertex -37.4322 -47.911 0
    endloop
  endfacet
  facet normal 0.593652 0.787755 -0.164374
    outer loop
      vertex -36.5087 -46.729 9
      vertex -34.8557 -47.9747 9
      vertex -37.4322 -47.911 0
    endloop
  endfacet
  facet normal -0.593622 -0.787777 0.164377
    outer loop
      vertex -34.0915 -46.923 24
      vertex -35.7084 -45.7046 24
      vertex -36.4427 -50.1591 0
    endloop
  endfacet
  facet normal -0.593639 -0.787765 0.164375
    outer loop
      vertex -36.4427 -50.1591 0
      vertex -35.7084 -45.7046 24
      vertex -38.171 -48.8567 0
    endloop
  endfacet
  facet normal 0.629298 0.777164 -0
    outer loop
      vertex -33.9845 -43.4982 21
      vertex -35.4819 -42.2857 24
      vertex -33.9845 -43.4982 24
    endloop
  endfacet
  facet normal 0.629298 0.777164 0
    outer loop
      vertex -35.4819 -42.2857 24
      vertex -33.9845 -43.4982 21
      vertex -35.4819 -42.2857 21
    endloop
  endfacet
  facet normal 0.629317 0.777149 -0
    outer loop
      vertex -30.7831 -39.4005 19
      vertex -32.1394 -38.3022 21
      vertex -30.7831 -39.4005 21
    endloop
  endfacet
  facet normal 0.629317 0.777149 0
    outer loop
      vertex -32.1394 -38.3022 21
      vertex -30.7831 -39.4005 19
      vertex -32.1394 -38.3022 19
    endloop
  endfacet
  facet normal 0.460863 0.569126 -0.680956
    outer loop
      vertex -30.7831 -39.4005 19
      vertex -36.5087 -46.729 9
      vertex -38.1173 -45.4264 9
    endloop
  endfacet
  facet normal 0.460864 0.569125 -0.680956
    outer loop
      vertex -32.1394 -38.3022 19
      vertex -30.7831 -39.4005 19
      vertex -38.1173 -45.4264 9
    endloop
  endfacet
  facet normal 0.620739 0.766593 -0.164374
    outer loop
      vertex -36.5087 -46.729 9
      vertex -37.4322 -47.911 0
      vertex -39.0815 -46.5755 0
    endloop
  endfacet
  facet normal 0.620755 0.766579 -0.164379
    outer loop
      vertex -38.1173 -45.4264 9
      vertex -36.5087 -46.729 9
      vertex -39.0815 -46.5755 0
    endloop
  endfacet
  facet normal -0.620751 -0.766583 0.164375
    outer loop
      vertex -35.7084 -45.7046 24
      vertex -37.2817 -44.4306 24
      vertex -38.171 -48.8567 0
    endloop
  endfacet
  facet normal -0.620762 -0.766574 0.164374
    outer loop
      vertex -38.171 -48.8567 0
      vertex -37.2817 -44.4306 24
      vertex -39.8528 -47.4948 0
    endloop
  endfacet
  facet normal 0.65608 0.754692 -0
    outer loop
      vertex -35.4819 -42.2857 21
      vertex -36.936 -41.0216 24
      vertex -35.4819 -42.2857 24
    endloop
  endfacet
  facet normal 0.65608 0.754692 0
    outer loop
      vertex -36.936 -41.0216 24
      vertex -35.4819 -42.2857 21
      vertex -36.936 -41.0216 21
    endloop
  endfacet
  facet normal 0.656079 0.754692 -0
    outer loop
      vertex -32.1394 -38.3022 19
      vertex -33.4565 -37.1572 21
      vertex -32.1394 -38.3022 21
    endloop
  endfacet
  facet normal 0.656079 0.754692 0
    outer loop
      vertex -33.4565 -37.1572 21
      vertex -32.1394 -38.3022 19
      vertex -33.4565 -37.1572 19
    endloop
  endfacet
  facet normal 0.480445 0.552694 -0.680956
    outer loop
      vertex -32.1394 -38.3022 19
      vertex -38.1173 -45.4264 9
      vertex -39.6794 -44.0685 9
    endloop
  endfacet
  facet normal 0.480461 0.552678 -0.680958
    outer loop
      vertex -33.4565 -37.1572 19
      vertex -32.1394 -38.3022 19
      vertex -39.6794 -44.0685 9
    endloop
  endfacet
  facet normal 0.647148 0.744432 -0.164379
    outer loop
      vertex -38.1173 -45.4264 9
      vertex -39.0815 -46.5755 0
      vertex -40.6831 -45.1832 0
    endloop
  endfacet
  facet normal 0.647132 0.744447 -0.164374
    outer loop
      vertex -39.6794 -44.0685 9
      vertex -38.1173 -45.4264 9
      vertex -40.6831 -45.1832 0
    endloop
  endfacet
  facet normal -0.64714 -0.74444 0.164374
    outer loop
      vertex -37.2817 -44.4306 24
      vertex -38.8096 -43.1024 24
      vertex -39.8528 -47.4948 0
    endloop
  endfacet
  facet normal -0.647134 -0.744445 0.164375
    outer loop
      vertex -39.8528 -47.4948 0
      vertex -38.8096 -43.1024 24
      vertex -41.4861 -46.075 0
    endloop
  endfacet
  facet normal 0.681996 0.731356 -0
    outer loop
      vertex -36.936 -41.0216 21
      vertex -38.3451 -39.7076 24
      vertex -36.936 -41.0216 24
    endloop
  endfacet
  facet normal 0.681996 0.731356 0
    outer loop
      vertex -38.3451 -39.7076 24
      vertex -36.936 -41.0216 21
      vertex -38.3451 -39.7076 21
    endloop
  endfacet
  facet normal 0.681979 0.731371 -0
    outer loop
      vertex -33.4565 -37.1572 19
      vertex -34.7329 -35.967 21
      vertex -33.4565 -37.1572 21
    endloop
  endfacet
  facet normal 0.681979 0.731371 0
    outer loop
      vertex -34.7329 -35.967 21
      vertex -33.4565 -37.1572 19
      vertex -34.7329 -35.967 19
    endloop
  endfacet
  facet normal 0.499454 0.535576 -0.680958
    outer loop
      vertex -33.4565 -37.1572 19
      vertex -39.6794 -44.0685 9
      vertex -41.1932 -42.6568 9
    endloop
  endfacet
  facet normal 0.499431 0.535602 -0.680955
    outer loop
      vertex -34.7329 -35.967 19
      vertex -33.4565 -37.1572 19
      vertex -41.1932 -42.6568 9
    endloop
  endfacet
  facet normal 0.672708 0.721419 -0.164374
    outer loop
      vertex -39.6794 -44.0685 9
      vertex -40.6831 -45.1832 0
      vertex -42.2352 -43.7359 0
    endloop
  endfacet
  facet normal 0.672736 0.721391 -0.164383
    outer loop
      vertex -41.1932 -42.6568 9
      vertex -39.6794 -44.0685 9
      vertex -42.2352 -43.7359 0
    endloop
  endfacet
  facet normal -0.672727 -0.721401 0.164375
    outer loop
      vertex -38.8096 -43.1024 24
      vertex -40.2902 -41.7217 24
      vertex -41.4861 -46.075 0
    endloop
  endfacet
  facet normal -0.672724 -0.721404 0.164375
    outer loop
      vertex -41.4861 -46.075 0
      vertex -40.2902 -41.7217 24
      vertex -43.0688 -44.5991 0
    endloop
  endfacet
  facet normal 0.707107 0.707107 0
    outer loop
      vertex -38.3451 -39.7076 24
      vertex -39.7076 -38.3451 21
      vertex -39.7076 -38.3451 24
    endloop
  endfacet
  facet normal 0.707107 0.707107 0
    outer loop
      vertex -39.7076 -38.3451 21
      vertex -38.3451 -39.7076 24
      vertex -38.3451 -39.7076 21
    endloop
  endfacet
  facet normal 0.707107 0.707107 0
    outer loop
      vertex -34.7329 -35.967 21
      vertex -35.967 -34.7329 19
      vertex -35.967 -34.7329 21
    endloop
  endfacet
  facet normal 0.707107 0.707107 0
    outer loop
      vertex -35.967 -34.7329 19
      vertex -34.7329 -35.967 21
      vertex -34.7329 -35.967 19
    endloop
  endfacet
  facet normal 0.517832 0.517832 -0.680955
    outer loop
      vertex -41.1932 -42.6568 9
      vertex -35.967 -34.7329 19
      vertex -34.7329 -35.967 19
    endloop
  endfacet
  facet normal 0.517832 0.517832 -0.680955
    outer loop
      vertex -35.967 -34.7329 19
      vertex -41.1932 -42.6568 9
      vertex -42.6568 -41.1932 9
    endloop
  endfacet
  facet normal 0.697488 0.697488 -0.164382
    outer loop
      vertex -41.1932 -42.6568 9
      vertex -43.7359 -42.2352 0
      vertex -42.6568 -41.1932 9
    endloop
  endfacet
  facet normal 0.697488 0.697488 -0.164382
    outer loop
      vertex -43.7359 -42.2352 0
      vertex -41.1932 -42.6568 9
      vertex -42.2352 -43.7359 0
    endloop
  endfacet
  facet normal -0.697489 -0.697489 0.164375
    outer loop
      vertex -44.5991 -43.0688 0
      vertex -40.2902 -41.7217 24
      vertex -41.7217 -40.2902 24
    endloop
  endfacet
  facet normal -0.697489 -0.697489 0.164375
    outer loop
      vertex -40.2902 -41.7217 24
      vertex -44.5991 -43.0688 0
      vertex -43.0688 -44.5991 0
    endloop
  endfacet
  facet normal 0.731356 0.681996 0
    outer loop
      vertex -39.7076 -38.3451 24
      vertex -41.0216 -36.936 21
      vertex -41.0216 -36.936 24
    endloop
  endfacet
  facet normal 0.731356 0.681996 0
    outer loop
      vertex -41.0216 -36.936 21
      vertex -39.7076 -38.3451 24
      vertex -39.7076 -38.3451 21
    endloop
  endfacet
  facet normal 0.731371 0.681979 0
    outer loop
      vertex -35.967 -34.7329 21
      vertex -37.1572 -33.4565 19
      vertex -37.1572 -33.4565 21
    endloop
  endfacet
  facet normal 0.731371 0.681979 0
    outer loop
      vertex -37.1572 -33.4565 19
      vertex -35.967 -34.7329 21
      vertex -35.967 -34.7329 19
    endloop
  endfacet
  facet normal 0.535579 0.499456 -0.680955
    outer loop
      vertex -35.967 -34.7329 19
      vertex -42.6568 -41.1932 9
      vertex -44.0685 -39.6794 9
    endloop
  endfacet
  facet normal 0.5356 0.499429 -0.680958
    outer loop
      vertex -37.1572 -33.4565 19
      vertex -35.967 -34.7329 19
      vertex -44.0685 -39.6794 9
    endloop
  endfacet
  facet normal 0.721418 0.672707 -0.164383
    outer loop
      vertex -42.6568 -41.1932 9
      vertex -43.7359 -42.2352 0
      vertex -45.1832 -40.6831 0
    endloop
  endfacet
  facet normal 0.721392 0.672737 -0.164374
    outer loop
      vertex -44.0685 -39.6794 9
      vertex -42.6568 -41.1932 9
      vertex -45.1832 -40.6831 0
    endloop
  endfacet
  facet normal -0.721401 -0.672727 0.164375
    outer loop
      vertex -41.7217 -40.2902 24
      vertex -43.1024 -38.8096 24
      vertex -44.5991 -43.0688 0
    endloop
  endfacet
  facet normal -0.721404 -0.672724 0.164375
    outer loop
      vertex -44.5991 -43.0688 0
      vertex -43.1024 -38.8096 24
      vertex -46.075 -41.4861 0
    endloop
  endfacet
  facet normal 0.754692 0.65608 0
    outer loop
      vertex -41.0216 -36.936 24
      vertex -42.2857 -35.4819 21
      vertex -42.2857 -35.4819 24
    endloop
  endfacet
  facet normal 0.754692 0.65608 0
    outer loop
      vertex -42.2857 -35.4819 21
      vertex -41.0216 -36.936 24
      vertex -41.0216 -36.936 21
    endloop
  endfacet
  facet normal 0.754692 0.656079 0
    outer loop
      vertex -37.1572 -33.4565 21
      vertex -38.3022 -32.1394 19
      vertex -38.3022 -32.1394 21
    endloop
  endfacet
  facet normal 0.754692 0.656079 0
    outer loop
      vertex -38.3022 -32.1394 19
      vertex -37.1572 -33.4565 21
      vertex -37.1572 -33.4565 19
    endloop
  endfacet
  facet normal 0.552693 0.480444 -0.680958
    outer loop
      vertex -37.1572 -33.4565 19
      vertex -44.0685 -39.6794 9
      vertex -45.4264 -38.1173 9
    endloop
  endfacet
  facet normal 0.552679 0.480463 -0.680956
    outer loop
      vertex -38.3022 -32.1394 19
      vertex -37.1572 -33.4565 19
      vertex -45.4264 -38.1173 9
    endloop
  endfacet
  facet normal 0.744433 0.647149 -0.164374
    outer loop
      vertex -44.0685 -39.6794 9
      vertex -45.1832 -40.6831 0
      vertex -46.5755 -39.0815 0
    endloop
  endfacet
  facet normal 0.744447 0.647131 -0.164379
    outer loop
      vertex -45.4264 -38.1173 9
      vertex -44.0685 -39.6794 9
      vertex -46.5755 -39.0815 0
    endloop
  endfacet
  facet normal -0.74444 -0.64714 0.164375
    outer loop
      vertex -43.1024 -38.8096 24
      vertex -44.4306 -37.2817 24
      vertex -46.075 -41.4861 0
    endloop
  endfacet
  facet normal -0.744445 -0.647134 0.164374
    outer loop
      vertex -46.075 -41.4861 0
      vertex -44.4306 -37.2817 24
      vertex -47.4948 -39.8528 0
    endloop
  endfacet
  facet normal 0.777164 0.629298 0
    outer loop
      vertex -42.2857 -35.4819 24
      vertex -43.4982 -33.9845 21
      vertex -43.4982 -33.9845 24
    endloop
  endfacet
  facet normal 0.777164 0.629298 0
    outer loop
      vertex -43.4982 -33.9845 21
      vertex -42.2857 -35.4819 24
      vertex -42.2857 -35.4819 21
    endloop
  endfacet
  facet normal 0.777149 0.629317 0
    outer loop
      vertex -38.3022 -32.1394 21
      vertex -39.4005 -30.7831 19
      vertex -39.4005 -30.7831 21
    endloop
  endfacet
  facet normal 0.777149 0.629317 0
    outer loop
      vertex -39.4005 -30.7831 19
      vertex -38.3022 -32.1394 21
      vertex -38.3022 -32.1394 19
    endloop
  endfacet
  facet normal 0.569126 0.460863 -0.680956
    outer loop
      vertex -38.3022 -32.1394 19
      vertex -45.4264 -38.1173 9
      vertex -46.729 -36.5087 9
    endloop
  endfacet
  facet normal 0.569125 0.460864 -0.680956
    outer loop
      vertex -39.4005 -30.7831 19
      vertex -38.3022 -32.1394 19
      vertex -46.729 -36.5087 9
    endloop
  endfacet
  facet normal 0.766592 0.620738 -0.164379
    outer loop
      vertex -45.4264 -38.1173 9
      vertex -46.5755 -39.0815 0
      vertex -47.911 -37.4322 0
    endloop
  endfacet
  facet normal 0.76658 0.620755 -0.164374
    outer loop
      vertex -46.729 -36.5087 9
      vertex -45.4264 -38.1173 9
      vertex -47.911 -37.4322 0
    endloop
  endfacet
  facet normal -0.766583 -0.620751 0.164374
    outer loop
      vertex -44.4306 -37.2817 24
      vertex -45.7046 -35.7084 24
      vertex -47.4948 -39.8528 0
    endloop
  endfacet
  facet normal -0.766574 -0.620762 0.164375
    outer loop
      vertex -47.4948 -39.8528 0
      vertex -45.7046 -35.7084 24
      vertex -48.8567 -38.171 0
    endloop
  endfacet
  facet normal 0.798653 0.601792 0
    outer loop
      vertex -43.4982 -33.9845 24
      vertex -44.6577 -32.4457 21
      vertex -44.6577 -32.4457 24
    endloop
  endfacet
  facet normal 0.798653 0.601792 0
    outer loop
      vertex -44.6577 -32.4457 21
      vertex -43.4982 -33.9845 24
      vertex -43.4982 -33.9845 21
    endloop
  endfacet
  facet normal 0.798609 0.60185 0
    outer loop
      vertex -39.4005 -30.7831 21
      vertex -40.4509 -29.3893 19
      vertex -40.4509 -29.3893 21
    endloop
  endfacet
  facet normal 0.798609 0.60185 0
    outer loop
      vertex -40.4509 -29.3893 19
      vertex -39.4005 -30.7831 21
      vertex -39.4005 -30.7831 19
    endloop
  endfacet
  facet normal 0.584847 0.440741 -0.680956
    outer loop
      vertex -39.4005 -30.7831 19
      vertex -46.729 -36.5087 9
      vertex -47.9747 -34.8557 9
    endloop
  endfacet
  facet normal 0.584842 0.44075 -0.680955
    outer loop
      vertex -40.4509 -29.3893 19
      vertex -39.4005 -30.7831 19
      vertex -47.9747 -34.8557 9
    endloop
  endfacet
  facet normal 0.787772 0.59363 -0.164374
    outer loop
      vertex -46.729 -36.5087 9
      vertex -47.911 -37.4322 0
      vertex -49.1882 -35.7373 0
    endloop
  endfacet
  facet normal 0.787756 0.593653 -0.164367
    outer loop
      vertex -47.9747 -34.8557 9
      vertex -46.729 -36.5087 9
      vertex -49.1882 -35.7373 0
    endloop
  endfacet
  facet normal -0.787777 -0.593622 0.164375
    outer loop
      vertex -45.7046 -35.7084 24
      vertex -46.923 -34.0915 24
      vertex -48.8567 -38.171 0
    endloop
  endfacet
  facet normal -0.787765 -0.593638 0.164377
    outer loop
      vertex -48.8567 -38.171 0
      vertex -46.923 -34.0915 24
      vertex -50.1591 -36.4427 0
    endloop
  endfacet
  facet normal 0.819137 0.573598 0
    outer loop
      vertex -44.6577 -32.4457 24
      vertex -45.7629 -30.8674 21
      vertex -45.7629 -30.8674 24
    endloop
  endfacet
  facet normal 0.819137 0.573598 0
    outer loop
      vertex -45.7629 -30.8674 21
      vertex -44.6577 -32.4457 24
      vertex -44.6577 -32.4457 21
    endloop
  endfacet
  facet normal 0.819175 0.573543 0
    outer loop
      vertex -40.4509 -29.3893 21
      vertex -41.4519 -27.9596 19
      vertex -41.4519 -27.9596 21
    endloop
  endfacet
  facet normal 0.819175 0.573543 0
    outer loop
      vertex -41.4519 -27.9596 19
      vertex -40.4509 -29.3893 21
      vertex -40.4509 -29.3893 19
    endloop
  endfacet
  facet normal 0.599898 0.420027 -0.680955
    outer loop
      vertex -40.4509 -29.3893 19
      vertex -47.9747 -34.8557 9
      vertex -49.1619 -33.1601 9
    endloop
  endfacet
  facet normal 0.599902 0.42002 -0.680956
    outer loop
      vertex -41.4519 -27.9596 19
      vertex -40.4509 -29.3893 19
      vertex -49.1619 -33.1601 9
    endloop
  endfacet
  facet normal 0.807998 0.565794 -0.164368
    outer loop
      vertex -47.9747 -34.8557 9
      vertex -49.1882 -35.7373 0
      vertex -50.4055 -33.9989 0
    endloop
  endfacet
  facet normal 0.808025 0.565751 -0.164379
    outer loop
      vertex -49.1619 -33.1601 9
      vertex -47.9747 -34.8557 9
      vertex -50.4055 -33.9989 0
    endloop
  endfacet
  facet normal -0.807999 -0.565789 0.164377
    outer loop
      vertex -46.923 -34.0915 24
      vertex -48.0842 -32.4332 24
      vertex -50.1591 -36.4427 0
    endloop
  endfacet
  facet normal -0.808022 -0.565757 0.164374
    outer loop
      vertex -50.1591 -36.4427 0
      vertex -48.0842 -32.4332 24
      vertex -51.4003 -34.67 0
    endloop
  endfacet
  facet normal 0.838665 0.544647 0
    outer loop
      vertex -45.7629 -30.8674 24
      vertex -46.8123 -29.2515 21
      vertex -46.8123 -29.2515 24
    endloop
  endfacet
  facet normal 0.838665 0.544647 0
    outer loop
      vertex -46.8123 -29.2515 21
      vertex -45.7629 -30.8674 24
      vertex -45.7629 -30.8674 21
    endloop
  endfacet
  facet normal 0.838663 0.54465 0
    outer loop
      vertex -41.4519 -27.9596 21
      vertex -42.4024 -26.496 19
      vertex -42.4024 -26.496 21
    endloop
  endfacet
  facet normal 0.838663 0.54465 0
    outer loop
      vertex -42.4024 -26.496 19
      vertex -41.4519 -27.9596 21
      vertex -41.4519 -27.9596 19
    endloop
  endfacet
  facet normal 0.61418 0.398851 -0.680956
    outer loop
      vertex -41.4519 -27.9596 19
      vertex -49.1619 -33.1601 9
      vertex -50.2892 -31.4242 9
    endloop
  endfacet
  facet normal 0.614175 0.398861 -0.680954
    outer loop
      vertex -42.4024 -26.496 19
      vertex -41.4519 -27.9596 19
      vertex -50.2892 -31.4242 9
    endloop
  endfacet
  facet normal 0.827266 0.537225 -0.164379
    outer loop
      vertex -49.1619 -33.1601 9
      vertex -50.4055 -33.9989 0
      vertex -51.5613 -32.2191 0
    endloop
  endfacet
  facet normal 0.827264 0.537228 -0.164378
    outer loop
      vertex -50.2892 -31.4242 9
      vertex -49.1619 -33.1601 9
      vertex -51.5613 -32.2191 0
    endloop
  endfacet
  facet normal -0.82727 -0.537221 0.164374
    outer loop
      vertex -48.0842 -32.4332 24
      vertex -49.1868 -30.7353 24
      vertex -51.4003 -34.67 0
    endloop
  endfacet
  facet normal -0.827258 -0.537239 0.164375
    outer loop
      vertex -51.4003 -34.67 0
      vertex -49.1868 -30.7353 24
      vertex -52.579 -32.855 0
    endloop
  endfacet
  facet normal 0.857172 0.51503 0
    outer loop
      vertex -46.8123 -29.2515 24
      vertex -47.8046 -27.6 21
      vertex -47.8046 -27.6 24
    endloop
  endfacet
  facet normal 0.857172 0.51503 0
    outer loop
      vertex -47.8046 -27.6 21
      vertex -46.8123 -29.2515 24
      vertex -46.8123 -29.2515 21
    endloop
  endfacet
  facet normal 0.857164 0.515043 0
    outer loop
      vertex -42.4024 -26.496 21
      vertex -43.3013 -25 19
      vertex -43.3013 -25 21
    endloop
  endfacet
  facet normal 0.857164 0.515043 0
    outer loop
      vertex -43.3013 -25 19
      vertex -42.4024 -26.496 21
      vertex -42.4024 -26.496 19
    endloop
  endfacet
  facet normal 0.627717 0.377189 -0.680955
    outer loop
      vertex -42.4024 -26.496 19
      vertex -50.2892 -31.4242 9
      vertex -51.3553 -29.65 9
    endloop
  endfacet
  facet normal 0.627722 0.377179 -0.680956
    outer loop
      vertex -43.3013 -25 19
      vertex -42.4024 -26.496 19
      vertex -51.3553 -29.65 9
    endloop
  endfacet
  facet normal 0.845513 0.508023 -0.164378
    outer loop
      vertex -50.2892 -31.4242 9
      vertex -51.5613 -32.2191 0
      vertex -52.6543 -30.4 0
    endloop
  endfacet
  facet normal 0.845497 0.508051 -0.164371
    outer loop
      vertex -51.3553 -29.65 9
      vertex -50.2892 -31.4242 9
      vertex -52.6543 -30.4 0
    endloop
  endfacet
  facet normal -0.845502 -0.508042 0.164375
    outer loop
      vertex -49.1868 -30.7353 24
      vertex -50.2295 -29 24
      vertex -52.579 -32.855 0
    endloop
  endfacet
  facet normal -0.845507 -0.508034 0.164375
    outer loop
      vertex -52.579 -32.855 0
      vertex -50.2295 -29 24
      vertex -53.6936 -31 0
    endloop
  endfacet
  facet normal 0.874624 0.484801 0
    outer loop
      vertex -47.8046 -27.6 24
      vertex -48.7387 -25.9148 21
      vertex -48.7387 -25.9148 24
    endloop
  endfacet
  facet normal 0.874624 0.484801 0
    outer loop
      vertex -48.7387 -25.9148 21
      vertex -47.8046 -27.6 24
      vertex -47.8046 -27.6 21
    endloop
  endfacet
  facet normal 0.874619 0.484811 0
    outer loop
      vertex -43.3013 -25 21
      vertex -44.1474 -23.4736 19
      vertex -44.1474 -23.4736 21
    endloop
  endfacet
  facet normal 0.874619 0.484811 0
    outer loop
      vertex -44.1474 -23.4736 19
      vertex -43.3013 -25 21
      vertex -43.3013 -25 19
    endloop
  endfacet
  facet normal 0.6405 0.355047 -0.680956
    outer loop
      vertex -43.3013 -25 19
      vertex -51.3553 -29.65 9
      vertex -52.3588 -27.8397 9
    endloop
  endfacet
  facet normal 0.640504 0.355038 -0.680957
    outer loop
      vertex -44.1474 -23.4736 19
      vertex -43.3013 -25 19
      vertex -52.3588 -27.8397 9
    endloop
  endfacet
  facet normal 0.862714 0.478232 -0.164371
    outer loop
      vertex -51.3553 -29.65 9
      vertex -52.6543 -30.4 0
      vertex -53.6832 -28.5439 0
    endloop
  endfacet
  facet normal 0.862717 0.478228 -0.164372
    outer loop
      vertex -52.3588 -27.8397 9
      vertex -51.3553 -29.65 9
      vertex -53.6832 -28.5439 0
    endloop
  endfacet
  facet normal -0.862715 -0.47823 0.164375
    outer loop
      vertex -50.2295 -29 24
      vertex -51.211 -27.2294 24
      vertex -53.6936 -31 0
    endloop
  endfacet
  facet normal -0.862723 -0.478217 0.164373
    outer loop
      vertex -53.6936 -31 0
      vertex -51.211 -27.2294 24
      vertex -54.7428 -29.1072 0
    endloop
  endfacet
  facet normal 0.891007 0.45399 0
    outer loop
      vertex -48.7387 -25.9148 24
      vertex -49.6134 -24.1981 21
      vertex -49.6134 -24.1981 24
    endloop
  endfacet
  facet normal 0.891007 0.45399 0
    outer loop
      vertex -49.6134 -24.1981 21
      vertex -48.7387 -25.9148 24
      vertex -48.7387 -25.9148 21
    endloop
  endfacet
  facet normal 0.891009 0.453985 0
    outer loop
      vertex -44.1474 -23.4736 21
      vertex -44.9397 -21.9186 19
      vertex -44.9397 -21.9186 21
    endloop
  endfacet
  facet normal 0.891009 0.453985 0
    outer loop
      vertex -44.9397 -21.9186 19
      vertex -44.1474 -23.4736 21
      vertex -44.1474 -23.4736 19
    endloop
  endfacet
  facet normal 0.652508 0.332463 -0.680957
    outer loop
      vertex -44.1474 -23.4736 19
      vertex -52.3588 -27.8397 9
      vertex -53.2985 -25.9954 9
    endloop
  endfacet
  facet normal 0.652507 0.332464 -0.680957
    outer loop
      vertex -44.9397 -21.9186 19
      vertex -44.1474 -23.4736 19
      vertex -53.2985 -25.9954 9
    endloop
  endfacet
  facet normal 0.87888 0.44783 -0.164372
    outer loop
      vertex -52.3588 -27.8397 9
      vertex -53.6832 -28.5439 0
      vertex -54.6467 -26.653 0
    endloop
  endfacet
  facet normal 0.87889 0.447808 -0.164378
    outer loop
      vertex -53.2985 -25.9954 9
      vertex -52.3588 -27.8397 9
      vertex -54.6467 -26.653 0
    endloop
  endfacet
  facet normal -0.878894 -0.447803 0.164373
    outer loop
      vertex -51.211 -27.2294 24
      vertex -52.1301 -25.4255 24
      vertex -54.7428 -29.1072 0
    endloop
  endfacet
  facet normal -0.8789 -0.447791 0.164372
    outer loop
      vertex -54.7428 -29.1072 0
      vertex -52.1301 -25.4255 24
      vertex -55.7252 -27.179 0
    endloop
  endfacet
  facet normal 0.906301 0.422633 0
    outer loop
      vertex -49.6134 -24.1981 24
      vertex -50.4277 -22.4519 21
      vertex -50.4277 -22.4519 24
    endloop
  endfacet
  facet normal 0.906301 0.422633 0
    outer loop
      vertex -50.4277 -22.4519 21
      vertex -49.6134 -24.1981 24
      vertex -49.6134 -24.1981 21
    endloop
  endfacet
  facet normal 0.906309 0.422616 0
    outer loop
      vertex -44.9397 -21.9186 21
      vertex -45.6773 -20.3368 19
      vertex -45.6773 -20.3368 21
    endloop
  endfacet
  facet normal 0.906309 0.422616 0
    outer loop
      vertex -45.6773 -20.3368 19
      vertex -44.9397 -21.9186 21
      vertex -44.9397 -21.9186 19
    endloop
  endfacet
  facet normal 0.663717 0.30948 -0.680957
    outer loop
      vertex -44.9397 -21.9186 19
      vertex -53.2985 -25.9954 9
      vertex -54.1732 -24.1195 9
    endloop
  endfacet
  facet normal 0.663713 0.309492 -0.680955
    outer loop
      vertex -45.6773 -20.3368 19
      vertex -44.9397 -21.9186 19
      vertex -54.1732 -24.1195 9
    endloop
  endfacet
  facet normal 0.893979 0.416871 -0.164377
    outer loop
      vertex -53.2985 -25.9954 9
      vertex -54.6467 -26.653 0
      vertex -55.5436 -24.7296 0
    endloop
  endfacet
  facet normal 0.893987 0.416851 -0.164382
    outer loop
      vertex -54.1732 -24.1195 9
      vertex -53.2985 -25.9954 9
      vertex -55.5436 -24.7296 0
    endloop
  endfacet
  facet normal -0.893996 -0.416837 0.164372
    outer loop
      vertex -52.1301 -25.4255 24
      vertex -52.9856 -23.5907 24
      vertex -55.7252 -27.179 0
    endloop
  endfacet
  facet normal -0.893975 -0.416881 0.164376
    outer loop
      vertex -55.7252 -27.179 0
      vertex -52.9856 -23.5907 24
      vertex -56.6398 -25.2177 0
    endloop
  endfacet
  facet normal 0.920514 0.39071 0
    outer loop
      vertex -50.4277 -22.4519 24
      vertex -51.1805 -20.6783 21
      vertex -51.1805 -20.6783 24
    endloop
  endfacet
  facet normal 0.920514 0.39071 0
    outer loop
      vertex -51.1805 -20.6783 21
      vertex -50.4277 -22.4519 24
      vertex -50.4277 -22.4519 21
    endloop
  endfacet
  facet normal 0.920509 0.390722 0
    outer loop
      vertex -45.6773 -20.3368 21
      vertex -46.3592 -18.7303 19
      vertex -46.3592 -18.7303 21
    endloop
  endfacet
  facet normal 0.920509 0.390722 0
    outer loop
      vertex -46.3592 -18.7303 19
      vertex -45.6773 -20.3368 21
      vertex -45.6773 -20.3368 19
    endloop
  endfacet
  facet normal 0.674103 0.286157 -0.680955
    outer loop
      vertex -45.6773 -20.3368 19
      vertex -54.1732 -24.1195 9
      vertex -54.982 -22.2142 9
    endloop
  endfacet
  facet normal 0.67411 0.286135 -0.680958
    outer loop
      vertex -46.3592 -18.7303 19
      vertex -45.6773 -20.3368 19
      vertex -54.982 -22.2142 9
    endloop
  endfacet
  facet normal 0.907985 0.385411 -0.164382
    outer loop
      vertex -54.1732 -24.1195 9
      vertex -55.5436 -24.7296 0
      vertex -56.3728 -22.7761 0
    endloop
  endfacet
  facet normal 0.907976 0.385436 -0.164377
    outer loop
      vertex -54.982 -22.2142 9
      vertex -54.1732 -24.1195 9
      vertex -56.3728 -22.7761 0
    endloop
  endfacet
  facet normal -0.907968 -0.385454 0.164376
    outer loop
      vertex -52.9856 -23.5907 24
      vertex -53.7767 -21.7272 24
      vertex -56.6398 -25.2177 0
    endloop
  endfacet
  facet normal -0.907984 -0.385418 0.164373
    outer loop
      vertex -56.6398 -25.2177 0
      vertex -53.7767 -21.7272 24
      vertex -57.4854 -23.2256 0
    endloop
  endfacet
  facet normal 0.933579 0.35837 0
    outer loop
      vertex -51.1805 -20.6783 24
      vertex -51.871 -18.8795 21
      vertex -51.871 -18.8795 24
    endloop
  endfacet
  facet normal 0.933579 0.35837 0
    outer loop
      vertex -51.871 -18.8795 21
      vertex -51.1805 -20.6783 24
      vertex -51.1805 -20.6783 21
    endloop
  endfacet
  facet normal 0.933586 0.358353 0
    outer loop
      vertex -46.3592 -18.7303 21
      vertex -46.9846 -17.101 19
      vertex -46.9846 -17.101 21
    endloop
  endfacet
  facet normal 0.933586 0.358353 0
    outer loop
      vertex -46.9846 -17.101 19
      vertex -46.3592 -18.7303 21
      vertex -46.3592 -18.7303 19
    endloop
  endfacet
  facet normal 0.68368 0.262448 -0.680958
    outer loop
      vertex -46.3592 -18.7303 19
      vertex -54.982 -22.2142 9
      vertex -55.7238 -20.2818 9
    endloop
  endfacet
  facet normal 0.683685 0.26243 -0.680959
    outer loop
      vertex -46.9846 -17.101 19
      vertex -46.3592 -18.7303 19
      vertex -55.7238 -20.2818 9
    endloop
  endfacet
  facet normal 0.920889 0.353473 -0.164377
    outer loop
      vertex -54.982 -22.2142 9
      vertex -56.3728 -22.7761 0
      vertex -57.1333 -20.7948 0
    endloop
  endfacet
  facet normal 0.920879 0.353503 -0.16437
    outer loop
      vertex -55.7238 -20.2818 9
      vertex -54.982 -22.2142 9
      vertex -57.1333 -20.7948 0
    endloop
  endfacet
  facet normal -0.920883 -0.353492 0.164373
    outer loop
      vertex -53.7767 -21.7272 24
      vertex -54.5022 -19.8372 24
      vertex -57.4854 -23.2256 0
    endloop
  endfacet
  facet normal -0.920891 -0.35347 0.164371
    outer loop
      vertex -57.4854 -23.2256 0
      vertex -54.5022 -19.8372 24
      vertex -58.2609 -21.2052 0
    endloop
  endfacet
  facet normal 0.945518 0.32557 0
    outer loop
      vertex -51.871 -18.8795 24
      vertex -52.4983 -17.0577 21
      vertex -52.4983 -17.0577 24
    endloop
  endfacet
  facet normal 0.945518 0.32557 0
    outer loop
      vertex -52.4983 -17.0577 21
      vertex -51.871 -18.8795 24
      vertex -51.871 -18.8795 21
    endloop
  endfacet
  facet normal 0.94552 0.325563 0
    outer loop
      vertex -46.9846 -17.101 21
      vertex -47.5528 -15.4508 19
      vertex -47.5528 -15.4508 21
    endloop
  endfacet
  facet normal 0.94552 0.325563 0
    outer loop
      vertex -47.5528 -15.4508 19
      vertex -46.9846 -17.101 21
      vertex -46.9846 -17.101 19
    endloop
  endfacet
  facet normal 0.692433 0.238394 -0.680959
    outer loop
      vertex -46.9846 -17.101 19
      vertex -55.7238 -20.2818 9
      vertex -56.3976 -18.3247 9
    endloop
  endfacet
  facet normal 0.692427 0.238418 -0.680957
    outer loop
      vertex -47.5528 -15.4508 19
      vertex -46.9846 -17.101 19
      vertex -56.3976 -18.3247 9
    endloop
  endfacet
  facet normal 0.932662 0.321128 -0.16437
    outer loop
      vertex -55.7238 -20.2818 9
      vertex -57.1333 -20.7948 0
      vertex -57.8242 -18.7882 0
    endloop
  endfacet
  facet normal 0.93267 0.321104 -0.164375
    outer loop
      vertex -56.3976 -18.3247 9
      vertex -55.7238 -20.2818 9
      vertex -57.8242 -18.7882 0
    endloop
  endfacet
  facet normal -0.93266 -0.321135 0.164371
    outer loop
      vertex -54.5022 -19.8372 24
      vertex -55.1613 -17.923 24
      vertex -58.2609 -21.2052 0
    endloop
  endfacet
  facet normal -0.932648 -0.321169 0.164374
    outer loop
      vertex -58.2609 -21.2052 0
      vertex -55.1613 -17.923 24
      vertex -58.9655 -19.1591 0
    endloop
  endfacet
  facet normal 0.956306 0.292368 0
    outer loop
      vertex -52.4983 -17.0577 24
      vertex -53.0616 -15.2152 21
      vertex -53.0616 -15.2152 24
    endloop
  endfacet
  facet normal 0.956306 0.292368 0
    outer loop
      vertex -53.0616 -15.2152 21
      vertex -52.4983 -17.0577 24
      vertex -52.4983 -17.0577 21
    endloop
  endfacet
  facet normal 0.956294 0.292406 0
    outer loop
      vertex -47.5528 -15.4508 21
      vertex -48.0631 -13.7819 19
      vertex -48.0631 -13.7819 21
    endloop
  endfacet
  facet normal 0.956294 0.292406 0
    outer loop
      vertex -48.0631 -13.7819 19
      vertex -47.5528 -15.4508 21
      vertex -47.5528 -15.4508 19
    endloop
  endfacet
  facet normal 0.700321 0.214123 -0.680957
    outer loop
      vertex -47.5528 -15.4508 19
      vertex -56.3976 -18.3247 9
      vertex -57.0028 -16.3453 9
    endloop
  endfacet
  facet normal 0.700318 0.214136 -0.680955
    outer loop
      vertex -48.0631 -13.7819 19
      vertex -47.5528 -15.4508 19
      vertex -57.0028 -16.3453 9
    endloop
  endfacet
  facet normal 0.943294 0.288403 -0.164375
    outer loop
      vertex -56.3976 -18.3247 9
      vertex -57.8242 -18.7882 0
      vertex -58.4447 -16.7587 0
    endloop
  endfacet
  facet normal 0.943292 0.288411 -0.164374
    outer loop
      vertex -57.0028 -16.3453 9
      vertex -56.3976 -18.3247 9
      vertex -58.4447 -16.7587 0
    endloop
  endfacet
  facet normal -0.943296 -0.288397 0.164374
    outer loop
      vertex -55.1613 -17.923 24
      vertex -55.7532 -15.987 24
      vertex -58.9655 -19.1591 0
    endloop
  endfacet
  facet normal -0.943303 -0.288378 0.164372
    outer loop
      vertex -58.9655 -19.1591 0
      vertex -55.7532 -15.987 24
      vertex -59.5982 -17.0895 0
    endloop
  endfacet
  facet normal 0.965923 0.258829 0
    outer loop
      vertex -53.0616 -15.2152 24
      vertex -53.5603 -13.3541 21
      vertex -53.5603 -13.3541 24
    endloop
  endfacet
  facet normal 0.965923 0.258829 0
    outer loop
      vertex -53.5603 -13.3541 21
      vertex -53.0616 -15.2152 24
      vertex -53.0616 -15.2152 21
    endloop
  endfacet
  facet normal 0.965927 0.258814 0
    outer loop
      vertex -48.0631 -13.7819 21
      vertex -48.5148 -12.0961 19
      vertex -48.5148 -12.0961 21
    endloop
  endfacet
  facet normal 0.965927 0.258814 0
    outer loop
      vertex -48.5148 -12.0961 19
      vertex -48.0631 -13.7819 21
      vertex -48.0631 -13.7819 19
    endloop
  endfacet
  facet normal 0.707372 0.189536 -0.680955
    outer loop
      vertex -48.0631 -13.7819 19
      vertex -57.0028 -16.3453 9
      vertex -57.5385 -14.346 9
    endloop
  endfacet
  facet normal 0.707372 0.189536 -0.680955
    outer loop
      vertex -48.5148 -12.0961 19
      vertex -48.0631 -13.7819 19
      vertex -57.5385 -14.346 9
    endloop
  endfacet
  facet normal 0.952784 0.255312 -0.164374
    outer loop
      vertex -57.0028 -16.3453 9
      vertex -58.4447 -16.7587 0
      vertex -58.994 -14.7088 0
    endloop
  endfacet
  facet normal 0.952788 0.255294 -0.164378
    outer loop
      vertex -57.5385 -14.346 9
      vertex -57.0028 -16.3453 9
      vertex -58.994 -14.7088 0
    endloop
  endfacet
  facet normal -0.952785 -0.25531 0.164372
    outer loop
      vertex -55.7532 -15.987 24
      vertex -56.2772 -14.0315 24
      vertex -59.5982 -17.0895 0
    endloop
  endfacet
  facet normal -0.952787 -0.255301 0.164372
    outer loop
      vertex -59.5982 -17.0895 0
      vertex -56.2772 -14.0315 24
      vertex -60.1583 -14.9992 0
    endloop
  endfacet
  facet normal 0.974374 0.224935 0
    outer loop
      vertex -53.5603 -13.3541 24
      vertex -53.9937 -11.4767 21
      vertex -53.9937 -11.4767 24
    endloop
  endfacet
  facet normal 0.974374 0.224935 0
    outer loop
      vertex -53.9937 -11.4767 21
      vertex -53.5603 -13.3541 24
      vertex -53.5603 -13.3541 21
    endloop
  endfacet
  facet normal 0.974369 0.224956 0
    outer loop
      vertex -48.5148 -12.0961 21
      vertex -48.9074 -10.3956 19
      vertex -48.9074 -10.3956 21
    endloop
  endfacet
  facet normal 0.974369 0.224956 0
    outer loop
      vertex -48.9074 -10.3956 19
      vertex -48.5148 -12.0961 21
      vertex -48.5148 -12.0961 19
    endloop
  endfacet
  facet normal 0.713557 0.164732 -0.680955
    outer loop
      vertex -48.5148 -12.0961 19
      vertex -57.5385 -14.346 9
      vertex -58.0041 -12.3292 9
    endloop
  endfacet
  facet normal 0.713556 0.164741 -0.680954
    outer loop
      vertex -48.9074 -10.3956 19
      vertex -48.5148 -12.0961 19
      vertex -58.0041 -12.3292 9
    endloop
  endfacet
  facet normal 0.961115 0.221896 -0.164379
    outer loop
      vertex -57.5385 -14.346 9
      vertex -58.994 -14.7088 0
      vertex -59.4714 -12.641 0
    endloop
  endfacet
  facet normal 0.961117 0.221884 -0.164381
    outer loop
      vertex -58.0041 -12.3292 9
      vertex -57.5385 -14.346 9
      vertex -59.4714 -12.641 0
    endloop
  endfacet
  facet normal -0.961118 -0.221886 0.164371
    outer loop
      vertex -56.2772 -14.0315 24
      vertex -56.7326 -12.0589 24
      vertex -60.1583 -14.9992 0
    endloop
  endfacet
  facet normal -0.96112 -0.221878 0.164371
    outer loop
      vertex -60.1583 -14.9992 0
      vertex -56.7326 -12.0589 24
      vertex -60.6451 -12.8905 0
    endloop
  endfacet
  facet normal 0.981621 0.190841 0
    outer loop
      vertex -53.9937 -11.4767 24
      vertex -54.3614 -9.58538 21
      vertex -54.3614 -9.58538 24
    endloop
  endfacet
  facet normal 0.981621 0.190841 0
    outer loop
      vertex -54.3614 -9.58538 21
      vertex -53.9937 -11.4767 24
      vertex -53.9937 -11.4767 21
    endloop
  endfacet
  facet normal 0.981628 0.190803 0
    outer loop
      vertex -48.9074 -10.3956 21
      vertex -49.2404 -8.68241 19
      vertex -49.2404 -8.68241 21
    endloop
  endfacet
  facet normal 0.981628 0.190803 0
    outer loop
      vertex -49.2404 -8.68241 19
      vertex -48.9074 -10.3956 21
      vertex -48.9074 -10.3956 19
    endloop
  endfacet
  facet normal 0.718868 0.139748 -0.680954
    outer loop
      vertex -48.9074 -10.3956 19
      vertex -58.0041 -12.3292 9
      vertex -58.3991 -10.2973 9
    endloop
  endfacet
  facet normal 0.71887 0.13973 -0.680956
    outer loop
      vertex -49.2404 -8.68241 19
      vertex -48.9074 -10.3956 19
      vertex -58.3991 -10.2973 9
    endloop
  endfacet
  facet normal 0.968277 0.188199 -0.164381
    outer loop
      vertex -58.0041 -12.3292 9
      vertex -59.4714 -12.641 0
      vertex -59.8763 -10.5578 0
    endloop
  endfacet
  facet normal 0.968272 0.188231 -0.164374
    outer loop
      vertex -58.3991 -10.2973 9
      vertex -58.0041 -12.3292 9
      vertex -59.8763 -10.5578 0
    endloop
  endfacet
  facet normal -0.968275 -0.188217 0.164371
    outer loop
      vertex -56.7326 -12.0589 24
      vertex -57.1189 -10.0716 24
      vertex -60.6451 -12.8905 0
    endloop
  endfacet
  facet normal -0.968269 -0.188248 0.164373
    outer loop
      vertex -60.6451 -12.8905 0
      vertex -57.1189 -10.0716 24
      vertex -61.0581 -10.7662 0
    endloop
  endfacet
  facet normal 0.987689 0.156429 0
    outer loop
      vertex -54.3614 -9.58538 24
      vertex -54.6628 -7.68235 21
      vertex -54.6628 -7.68235 24
    endloop
  endfacet
  facet normal 0.987689 0.156429 0
    outer loop
      vertex -54.6628 -7.68235 21
      vertex -54.3614 -9.58538 24
      vertex -54.3614 -9.58538 21
    endloop
  endfacet
  facet normal 0.98769 0.156425 0
    outer loop
      vertex -49.2404 -8.68241 21
      vertex -49.5134 -6.95865 19
      vertex -49.5134 -6.95865 21
    endloop
  endfacet
  facet normal 0.98769 0.156425 0
    outer loop
      vertex -49.5134 -6.95865 19
      vertex -49.2404 -8.68241 21
      vertex -49.2404 -8.68241 19
    endloop
  endfacet
  facet normal 0.723307 0.114564 -0.680956
    outer loop
      vertex -49.2404 -8.68241 19
      vertex -58.3991 -10.2973 9
      vertex -58.7229 -8.25296 9
    endloop
  endfacet
  facet normal 0.723308 0.114554 -0.680957
    outer loop
      vertex -49.5134 -6.95865 19
      vertex -49.2404 -8.68241 19
      vertex -58.7229 -8.25296 9
    endloop
  endfacet
  facet normal 0.974253 0.154313 -0.164374
    outer loop
      vertex -58.3991 -10.2973 9
      vertex -59.8763 -10.5578 0
      vertex -60.2083 -8.46172 0
    endloop
  endfacet
  facet normal 0.974253 0.154311 -0.164374
    outer loop
      vertex -58.7229 -8.25296 9
      vertex -58.3991 -10.2973 9
      vertex -60.2083 -8.46172 0
    endloop
  endfacet
  facet normal -0.974261 -0.15426 0.164373
    outer loop
      vertex -57.1189 -10.0716 24
      vertex -57.4355 -8.07204 24
      vertex -61.0581 -10.7662 0
    endloop
  endfacet
  facet normal -0.974257 -0.154288 0.164376
    outer loop
      vertex -61.0581 -10.7662 0
      vertex -57.4355 -8.07204 24
      vertex -61.3966 -8.62873 0
    endloop
  endfacet
  facet normal 0.992547 0.121864 0
    outer loop
      vertex -54.6628 -7.68235 24
      vertex -54.8976 -5.76997 21
      vertex -54.8976 -5.76997 24
    endloop
  endfacet
  facet normal 0.992547 0.121864 0
    outer loop
      vertex -54.8976 -5.76997 21
      vertex -54.6628 -7.68235 24
      vertex -54.6628 -7.68235 21
    endloop
  endfacet
  facet normal 0.992546 0.121874 0
    outer loop
      vertex -49.5134 -6.95865 21
      vertex -49.7261 -5.22642 19
      vertex -49.7261 -5.22642 21
    endloop
  endfacet
  facet normal 0.992546 0.121874 0
    outer loop
      vertex -49.7261 -5.22642 19
      vertex -49.5134 -6.95865 21
      vertex -49.5134 -6.95865 19
    endloop
  endfacet
  facet normal 0.726857 0.0891849 -0.680973
    outer loop
      vertex -49.5134 -6.95865 19
      vertex -50.4452 -7 18
      vertex -50.4596 -6.88264 18
    endloop
  endfacet
  facet normal 0.726869 0.0892227 -0.680955
    outer loop
      vertex -50.4452 -7 18
      vertex -58.7229 -8.25296 9
      vertex -58.8767 -7 9
    endloop
  endfacet
  facet normal 0.726827 0.0895321 -0.68096
    outer loop
      vertex -58.7229 -8.25296 9
      vertex -50.4452 -7 18
      vertex -49.5134 -6.95865 19
    endloop
  endfacet
  facet normal 0.726866 0.0892517 -0.680955
    outer loop
      vertex -49.5134 -6.95865 19
      vertex -50.651 -5.32363 18
      vertex -49.7261 -5.22642 19
    endloop
  endfacet
  facet normal 0.726856 0.0892362 -0.680968
    outer loop
      vertex -50.651 -5.32363 18
      vertex -49.5134 -6.95865 19
      vertex -50.4596 -6.88264 18
    endloop
  endfacet
  facet normal 0.979047 0.120197 -0.164374
    outer loop
      vertex -58.7229 -8.25296 9
      vertex -60.2083 -8.46172 0
      vertex -60.4669 -6.35533 0
    endloop
  endfacet
  facet normal 0.979048 0.120178 -0.164382
    outer loop
      vertex -58.8767 -7 9
      vertex -58.7229 -8.25296 9
      vertex -59.0446 -7 8
    endloop
  endfacet
  facet normal 0.979041 0.120251 -0.164371
    outer loop
      vertex -59.0446 -7 8
      vertex -60.4669 -6.35533 0
      vertex -59.1409 -6.21596 8
    endloop
  endfacet
  facet normal 0.979049 0.120181 -0.164378
    outer loop
      vertex -60.4669 -6.35533 0
      vertex -59.0446 -7 8
      vertex -58.7229 -8.25296 9
    endloop
  endfacet
  facet normal -0.979057 -0.120078 0.164403
    outer loop
      vertex -59.0391 -7 15.2332
      vertex -57.4355 -8.07204 24
      vertex -58.5745 -7 18
    endloop
  endfacet
  facet normal -0.979038 -0.120271 0.164376
    outer loop
      vertex -57.4355 -8.07204 24
      vertex -59.0391 -7 15.2332
      vertex -61.3966 -8.62873 0
    endloop
  endfacet
  facet normal -0.979011 -0.120461 0.164398
    outer loop
      vertex -58.5745 -7 18
      vertex -57.6823 -6.06265 24
      vertex -58.6109 -6.70417 18
    endloop
  endfacet
  facet normal -0.979042 -0.120249 0.164369
    outer loop
      vertex -57.6823 -6.06265 24
      vertex -58.5745 -7 18
      vertex -57.4355 -8.07204 24
    endloop
  endfacet
  facet normal -0.979056 -0.120113 0.164383
    outer loop
      vertex -61.6604 -6.48076 0
      vertex -60.2535 -7 8
      vertex -60.3343 -6.34139 8
    endloop
  endfacet
  facet normal -0.979042 -0.120245 0.164374
    outer loop
      vertex -60.2535 -7 8
      vertex -61.3966 -8.62873 0
      vertex -59.0391 -7 15.2332
    endloop
  endfacet
  facet normal -0.979042 -0.12024 0.164373
    outer loop
      vertex -61.3966 -8.62873 0
      vertex -60.2535 -7 8
      vertex -61.6604 -6.48076 0
    endloop
  endfacet
  facet normal -0.979054 -0.120151 0.164371
    outer loop
      vertex -58.6109 -6.70417 18
      vertex -57.6823 -6.06265 24
      vertex -58.6768 -6.16718 18
    endloop
  endfacet
  facet normal 0.996196 0.087142 0
    outer loop
      vertex -54.8976 -5.76997 24
      vertex -55.0655 -3.85056 21
      vertex -55.0655 -3.85056 24
    endloop
  endfacet
  facet normal 0.996196 0.087142 0
    outer loop
      vertex -55.0655 -3.85056 21
      vertex -54.8976 -5.76997 24
      vertex -54.8976 -5.76997 21
    endloop
  endfacet
  facet normal 0.996195 0.0871513 0
    outer loop
      vertex -49.7261 -5.22642 21
      vertex -49.8782 -3.48782 19
      vertex -49.8782 -3.48782 21
    endloop
  endfacet
  facet normal 0.996195 0.0871513 0
    outer loop
      vertex -49.8782 -3.48782 19
      vertex -49.7261 -5.22642 21
      vertex -49.7261 -5.22642 19
    endloop
  endfacet
  facet normal 0.729552 0.0636885 -0.680954
    outer loop
      vertex -49.7261 -5.22642 19
      vertex -50.651 -5.32363 18
      vertex -50.669 -5.11744 18
    endloop
  endfacet
  facet normal 0.729549 0.0638287 -0.680944
    outer loop
      vertex -49.8782 -3.48782 19
      vertex -50.669 -5.11744 18
      vertex -50.8059 -3.5527 18
    endloop
  endfacet
  facet normal 0.729553 0.0638243 -0.68094
    outer loop
      vertex -50.669 -5.11744 18
      vertex -49.8782 -3.48782 19
      vertex -49.7261 -5.22642 19
    endloop
  endfacet
  facet normal 0.982664 0.0857546 -0.164371
    outer loop
      vertex -60.4669 -6.35533 0
      vertex -59.1614 -5.98105 8
      vertex -59.1409 -6.21596 8
    endloop
  endfacet
  facet normal 0.982642 0.0859871 -0.164378
    outer loop
      vertex -59.1614 -5.98105 8
      vertex -60.4669 -6.35533 0
      vertex -60.6519 -4.24119 0
    endloop
  endfacet
  facet normal 0.982642 0.085994 -0.164376
    outer loop
      vertex -59.3218 -4.14818 8
      vertex -59.1614 -5.98105 8
      vertex -60.6519 -4.24119 0
    endloop
  endfacet
  facet normal -0.982647 -0.0859484 0.164371
    outer loop
      vertex -58.8091 -4.6546 18
      vertex -57.6823 -6.06265 24
      vertex -57.8587 -4.04587 24
    endloop
  endfacet
  facet normal -0.982647 -0.0859486 0.164371
    outer loop
      vertex -57.6823 -6.06265 24
      vertex -58.8091 -4.6546 18
      vertex -58.6768 -6.16718 18
    endloop
  endfacet
  facet normal -0.982645 -0.0859482 0.164383
    outer loop
      vertex -60.3343 -6.34139 8
      vertex -60.3931 -5.66913 8
      vertex -61.6604 -6.48076 0
    endloop
  endfacet
  facet normal -0.982641 -0.0860094 0.164376
    outer loop
      vertex -61.849 -4.3249 0
      vertex -60.3931 -5.66913 8
      vertex -60.5189 -4.23189 8
    endloop
  endfacet
  facet normal -0.982643 -0.0859641 0.164384
    outer loop
      vertex -60.3931 -5.66913 8
      vertex -61.849 -4.3249 0
      vertex -61.6604 -6.48076 0
    endloop
  endfacet
  facet normal -0.982636 -0.0860538 0.16438
    outer loop
      vertex -58.8091 -4.6546 18
      vertex -57.8587 -4.04587 24
      vertex -58.8563 -4.11563 18
    endloop
  endfacet
  facet normal 0.998628 0.0523679 0
    outer loop
      vertex -55.0655 -3.85056 24
      vertex -55.1664 -1.92645 21
      vertex -55.1664 -1.92645 24
    endloop
  endfacet
  facet normal 0.998628 0.0523679 0
    outer loop
      vertex -55.1664 -1.92645 21
      vertex -55.0655 -3.85056 24
      vertex -55.0655 -3.85056 21
    endloop
  endfacet
  facet normal 0.998631 0.0523137 0
    outer loop
      vertex -49.8782 -3.48782 21
      vertex -49.9695 -1.74497 19
      vertex -49.9695 -1.74497 21
    endloop
  endfacet
  facet normal 0.998631 0.0523137 0
    outer loop
      vertex -49.9695 -1.74497 19
      vertex -49.8782 -3.48782 21
      vertex -49.8782 -3.48782 19
    endloop
  endfacet
  facet normal 0.731318 0.038563 -0.680946
    outer loop
      vertex -49.8782 -3.48782 19
      vertex -50.8059 -3.5527 18
      vertex -50.8168 -3.34599 18
    endloop
  endfacet
  facet normal 0.731296 0.0383234 -0.680983
    outer loop
      vertex -49.9695 -1.74497 19
      vertex -50.8168 -3.34599 18
      vertex -50.899 -1.77743 18
    endloop
  endfacet
  facet normal 0.731307 0.0383099 -0.680971
    outer loop
      vertex -50.8168 -3.34599 18
      vertex -49.9695 -1.74497 19
      vertex -49.8782 -3.48782 19
    endloop
  endfacet
  facet normal 0.985055 0.0514553 -0.164376
    outer loop
      vertex -60.6519 -4.24119 0
      vertex -59.3341 -3.91271 8
      vertex -59.3218 -4.14818 8
    endloop
  endfacet
  facet normal 0.985044 0.0516389 -0.164382
    outer loop
      vertex -59.3341 -3.91271 8
      vertex -60.6519 -4.24119 0
      vertex -60.763 -2.12189 0
    endloop
  endfacet
  facet normal 0.985044 0.0516286 -0.164384
    outer loop
      vertex -59.4304 -2.07536 8
      vertex -59.3341 -3.91271 8
      vertex -60.763 -2.12189 0
    endloop
  endfacet
  facet normal -0.985047 -0.0516471 0.164364
    outer loop
      vertex -58.9357 -2.59935 18
      vertex -57.8587 -4.04587 24
      vertex -57.9647 -2.02417 24
    endloop
  endfacet
  facet normal -0.985047 -0.051582 0.16438
    outer loop
      vertex -57.8587 -4.04587 24
      vertex -58.9357 -2.59935 18
      vertex -58.8563 -4.11563 18
    endloop
  endfacet
  facet normal -0.985047 -0.0515984 0.164376
    outer loop
      vertex -60.5189 -4.23189 8
      vertex -60.5542 -3.55799 8
      vertex -61.849 -4.3249 0
    endloop
  endfacet
  facet normal -0.985047 -0.0516197 0.164372
    outer loop
      vertex -61.9622 -2.16377 0
      vertex -60.5542 -3.55799 8
      vertex -60.6297 -2.11724 8
    endloop
  endfacet
  facet normal -0.985047 -0.0515968 0.164376
    outer loop
      vertex -60.5542 -3.55799 8
      vertex -61.9622 -2.16377 0
      vertex -61.849 -4.3249 0
    endloop
  endfacet
  facet normal -0.985038 -0.0517788 0.164376
    outer loop
      vertex -58.9357 -2.59935 18
      vertex -57.9647 -2.02417 24
      vertex -58.9641 -2.05907 18
    endloop
  endfacet
  facet normal 0 0 1
    outer loop
      vertex 55.2 0 24
      vertex 58 0 24
      vertex 57.9647 2.02417 24
    endloop
  endfacet
  facet normal 0 0 1
    outer loop
      vertex 55.1664 1.92645 24
      vertex 57.9647 2.02417 24
      vertex 57.8587 4.04587 24
    endloop
  endfacet
  facet normal 0 0 1
    outer loop
      vertex 58 0 24
      vertex 55.2 0 24
      vertex 57.9647 -2.02417 24
    endloop
  endfacet
  facet normal 0 0 1
    outer loop
      vertex 55.0655 3.85056 24
      vertex 57.8587 4.04587 24
      vertex 57.6823 6.06265 24
    endloop
  endfacet
  facet normal -0 0 1
    outer loop
      vertex 55.1664 -1.92645 24
      vertex 57.9647 -2.02417 24
      vertex 55.2 0 24
    endloop
  endfacet
  facet normal 0 0 1
    outer loop
      vertex 54.8976 5.76997 24
      vertex 57.6823 6.06265 24
      vertex 57.4355 8.07204 24
    endloop
  endfacet
  facet normal 0 0 1
    outer loop
      vertex 57.9647 -2.02417 24
      vertex 55.1664 -1.92645 24
      vertex 57.8587 -4.04587 24
    endloop
  endfacet
  facet normal 0 0 1
    outer loop
      vertex 54.6628 7.68235 24
      vertex 57.4355 8.07204 24
      vertex 57.1189 10.0716 24
    endloop
  endfacet
  facet normal -0 0 1
    outer loop
      vertex 55.0655 -3.85056 24
      vertex 57.8587 -4.04587 24
      vertex 55.1664 -1.92645 24
    endloop
  endfacet
  facet normal 0 0 1
    outer loop
      vertex 54.3614 9.58538 24
      vertex 57.1189 10.0716 24
      vertex 56.7326 12.0589 24
    endloop
  endfacet
  facet normal 0 0 1
    outer loop
      vertex 57.8587 -4.04587 24
      vertex 55.0655 -3.85056 24
      vertex 57.6823 -6.06265 24
    endloop
  endfacet
  facet normal 0 0 1
    outer loop
      vertex 53.9937 11.4767 24
      vertex 56.7326 12.0589 24
      vertex 56.2772 14.0315 24
    endloop
  endfacet
  facet normal -0 0 1
    outer loop
      vertex 54.8976 -5.76997 24
      vertex 57.6823 -6.06265 24
      vertex 55.0655 -3.85056 24
    endloop
  endfacet
  facet normal 0 0 1
    outer loop
      vertex 53.5603 13.3541 24
      vertex 56.2772 14.0315 24
      vertex 55.7532 15.987 24
    endloop
  endfacet
  facet normal 0 0 1
    outer loop
      vertex 57.6823 -6.06265 24
      vertex 54.8976 -5.76997 24
      vertex 57.4355 -8.07204 24
    endloop
  endfacet
  facet normal -0 0 1
    outer loop
      vertex 54.6628 -7.68235 24
      vertex 57.4355 -8.07204 24
      vertex 54.8976 -5.76997 24
    endloop
  endfacet
  facet normal 0 0 1
    outer loop
      vertex 57.9647 2.02417 24
      vertex 55.1664 1.92645 24
      vertex 55.2 0 24
    endloop
  endfacet
  facet normal 0 0 1
    outer loop
      vertex 53.0616 15.2152 24
      vertex 55.7532 15.987 24
      vertex 55.1613 17.923 24
    endloop
  endfacet
  facet normal 0 0 1
    outer loop
      vertex 57.8587 4.04587 24
      vertex 55.0655 3.85056 24
      vertex 55.1664 1.92645 24
    endloop
  endfacet
  facet normal 0 0 1
    outer loop
      vertex 57.6823 6.06265 24
      vertex 54.8976 5.76997 24
      vertex 55.0655 3.85056 24
    endloop
  endfacet
  facet normal 0 0 1
    outer loop
      vertex 57.4355 8.07204 24
      vertex 54.6628 7.68235 24
      vertex 54.8976 5.76997 24
    endloop
  endfacet
  facet normal 0 0 1
    outer loop
      vertex 52.4983 17.0577 24
      vertex 55.1613 17.923 24
      vertex 54.5022 19.8372 24
    endloop
  endfacet
  facet normal 0 0 1
    outer loop
      vertex 57.1189 10.0716 24
      vertex 54.3614 9.58538 24
      vertex 54.6628 7.68235 24
    endloop
  endfacet
  facet normal 0 0 1
    outer loop
      vertex 56.7326 12.0589 24
      vertex 53.9937 11.4767 24
      vertex 54.3614 9.58538 24
    endloop
  endfacet
  facet normal 0 0 1
    outer loop
      vertex 51.871 18.8795 24
      vertex 54.5022 19.8372 24
      vertex 53.7767 21.7272 24
    endloop
  endfacet
  facet normal 0 0 1
    outer loop
      vertex 56.2772 14.0315 24
      vertex 53.5603 13.3541 24
      vertex 53.9937 11.4767 24
    endloop
  endfacet
  facet normal 0 0 1
    outer loop
      vertex 55.7532 15.987 24
      vertex 53.0616 15.2152 24
      vertex 53.5603 13.3541 24
    endloop
  endfacet
  facet normal 0 0 1
    outer loop
      vertex 51.1805 20.6783 24
      vertex 53.7767 21.7272 24
      vertex 52.9856 23.5907 24
    endloop
  endfacet
  facet normal 0 0 1
    outer loop
      vertex 55.1613 17.923 24
      vertex 52.4983 17.0577 24
      vertex 53.0616 15.2152 24
    endloop
  endfacet
  facet normal 0 0 1
    outer loop
      vertex 50.4277 22.4519 24
      vertex 52.9856 23.5907 24
      vertex 52.1301 25.4255 24
    endloop
  endfacet
  facet normal 0 0 1
    outer loop
      vertex 54.5022 19.8372 24
      vertex 51.871 18.8795 24
      vertex 52.4983 17.0577 24
    endloop
  endfacet
  facet normal 0 0 1
    outer loop
      vertex 49.6134 24.1981 24
      vertex 52.1301 25.4255 24
      vertex 51.211 27.2294 24
    endloop
  endfacet
  facet normal 0 0 1
    outer loop
      vertex 53.7767 21.7272 24
      vertex 51.1805 20.6783 24
      vertex 51.871 18.8795 24
    endloop
  endfacet
  facet normal 0 0 1
    outer loop
      vertex 52.9856 23.5907 24
      vertex 50.4277 22.4519 24
      vertex 51.1805 20.6783 24
    endloop
  endfacet
  facet normal 0 0 1
    outer loop
      vertex 48.7387 25.9148 24
      vertex 51.211 27.2294 24
      vertex 50.2295 29 24
    endloop
  endfacet
  facet normal 0 0 1
    outer loop
      vertex 52.1301 25.4255 24
      vertex 49.6134 24.1981 24
      vertex 50.4277 22.4519 24
    endloop
  endfacet
  facet normal 0 0 1
    outer loop
      vertex 47.8046 27.6 24
      vertex 50.2295 29 24
      vertex 49.1868 30.7353 24
    endloop
  endfacet
  facet normal 0 0 1
    outer loop
      vertex 51.211 27.2294 24
      vertex 48.7387 25.9148 24
      vertex 49.6134 24.1981 24
    endloop
  endfacet
  facet normal 0 0 1
    outer loop
      vertex 46.8123 29.2515 24
      vertex 49.1868 30.7353 24
      vertex 48.0842 32.4332 24
    endloop
  endfacet
  facet normal 0 0 1
    outer loop
      vertex 50.2295 29 24
      vertex 47.8046 27.6 24
      vertex 48.7387 25.9148 24
    endloop
  endfacet
  facet normal 0 0 1
    outer loop
      vertex 45.7629 30.8674 24
      vertex 48.0842 32.4332 24
      vertex 46.923 34.0915 24
    endloop
  endfacet
  facet normal 0 0 1
    outer loop
      vertex 49.1868 30.7353 24
      vertex 46.8123 29.2515 24
      vertex 47.8046 27.6 24
    endloop
  endfacet
  facet normal 0 0 1
    outer loop
      vertex 48.0842 32.4332 24
      vertex 45.7629 30.8674 24
      vertex 46.8123 29.2515 24
    endloop
  endfacet
  facet normal 0 0 1
    outer loop
      vertex 44.6577 32.4457 24
      vertex 46.923 34.0915 24
      vertex 45.7046 35.7084 24
    endloop
  endfacet
  facet normal 0 0 1
    outer loop
      vertex 46.923 34.0915 24
      vertex 44.6577 32.4457 24
      vertex 45.7629 30.8674 24
    endloop
  endfacet
  facet normal 0 0 1
    outer loop
      vertex 43.4982 33.9845 24
      vertex 45.7046 35.7084 24
      vertex 44.4306 37.2817 24
    endloop
  endfacet
  facet normal 0 0 1
    outer loop
      vertex 45.7046 35.7084 24
      vertex 43.4982 33.9845 24
      vertex 44.6577 32.4457 24
    endloop
  endfacet
  facet normal 0 0 1
    outer loop
      vertex 42.2857 35.4819 24
      vertex 44.4306 37.2817 24
      vertex 43.1024 38.8096 24
    endloop
  endfacet
  facet normal 0 0 1
    outer loop
      vertex 44.4306 37.2817 24
      vertex 42.2857 35.4819 24
      vertex 43.4982 33.9845 24
    endloop
  endfacet
  facet normal 0 0 1
    outer loop
      vertex 41.0216 36.936 24
      vertex 43.1024 38.8096 24
      vertex 41.7217 40.2902 24
    endloop
  endfacet
  facet normal 0 0 1
    outer loop
      vertex 43.1024 38.8096 24
      vertex 41.0216 36.936 24
      vertex 42.2857 35.4819 24
    endloop
  endfacet
  facet normal 0 0 1
    outer loop
      vertex 39.7076 38.3451 24
      vertex 41.7217 40.2902 24
      vertex 40.2902 41.7217 24
    endloop
  endfacet
  facet normal 0 0 1
    outer loop
      vertex 41.7217 40.2902 24
      vertex 39.7076 38.3451 24
      vertex 41.0216 36.936 24
    endloop
  endfacet
  facet normal 0 0 1
    outer loop
      vertex 38.3451 39.7076 24
      vertex 40.2902 41.7217 24
      vertex 38.8096 43.1024 24
    endloop
  endfacet
  facet normal 0 0 1
    outer loop
      vertex 40.2902 41.7217 24
      vertex 38.3451 39.7076 24
      vertex 39.7076 38.3451 24
    endloop
  endfacet
  facet normal 0 0 1
    outer loop
      vertex 36.936 41.0216 24
      vertex 38.8096 43.1024 24
      vertex 37.2817 44.4306 24
    endloop
  endfacet
  facet normal 0 0 1
    outer loop
      vertex 38.8096 43.1024 24
      vertex 36.936 41.0216 24
      vertex 38.3451 39.7076 24
    endloop
  endfacet
  facet normal 0 0 1
    outer loop
      vertex 35.4819 42.2857 24
      vertex 37.2817 44.4306 24
      vertex 35.7084 45.7046 24
    endloop
  endfacet
  facet normal 0 0 1
    outer loop
      vertex 37.2817 44.4306 24
      vertex 35.4819 42.2857 24
      vertex 36.936 41.0216 24
    endloop
  endfacet
  facet normal 0 0 1
    outer loop
      vertex 33.9845 43.4982 24
      vertex 35.7084 45.7046 24
      vertex 34.0915 46.923 24
    endloop
  endfacet
  facet normal 0 0 1
    outer loop
      vertex 35.7084 45.7046 24
      vertex 33.9845 43.4982 24
      vertex 35.4819 42.2857 24
    endloop
  endfacet
  facet normal 0 0 1
    outer loop
      vertex 34.0915 46.923 24
      vertex 32.4457 44.6577 24
      vertex 33.9845 43.4982 24
    endloop
  endfacet
  facet normal 0 0 1
    outer loop
      vertex 32.4332 48.0842 24
      vertex 32.4457 44.6577 24
      vertex 34.0915 46.923 24
    endloop
  endfacet
  facet normal 0 0 1
    outer loop
      vertex 32.4332 48.0842 24
      vertex 30.8674 45.7629 24
      vertex 32.4457 44.6577 24
    endloop
  endfacet
  facet normal 0 0 1
    outer loop
      vertex 30.7353 49.1868 24
      vertex 30.8674 45.7629 24
      vertex 32.4332 48.0842 24
    endloop
  endfacet
  facet normal 0 0 1
    outer loop
      vertex 30.7353 49.1868 24
      vertex 29.2515 46.8123 24
      vertex 30.8674 45.7629 24
    endloop
  endfacet
  facet normal 0 0 1
    outer loop
      vertex 29 50.2295 24
      vertex 29.2515 46.8123 24
      vertex 30.7353 49.1868 24
    endloop
  endfacet
  facet normal 0 0 1
    outer loop
      vertex 29 50.2295 24
      vertex 27.6 47.8046 24
      vertex 29.2515 46.8123 24
    endloop
  endfacet
  facet normal 0 0 1
    outer loop
      vertex 27.2294 51.211 24
      vertex 27.6 47.8046 24
      vertex 29 50.2295 24
    endloop
  endfacet
  facet normal 0 0 1
    outer loop
      vertex 27.2294 51.211 24
      vertex 25.9148 48.7387 24
      vertex 27.6 47.8046 24
    endloop
  endfacet
  facet normal 0 0 1
    outer loop
      vertex 25.4255 52.1301 24
      vertex 25.9148 48.7387 24
      vertex 27.2294 51.211 24
    endloop
  endfacet
  facet normal 0 0 1
    outer loop
      vertex 25.4255 52.1301 24
      vertex 24.1981 49.6134 24
      vertex 25.9148 48.7387 24
    endloop
  endfacet
  facet normal 0 0 1
    outer loop
      vertex 23.5907 52.9856 24
      vertex 24.1981 49.6134 24
      vertex 25.4255 52.1301 24
    endloop
  endfacet
  facet normal 0 0 1
    outer loop
      vertex 23.5907 52.9856 24
      vertex 22.4519 50.4277 24
      vertex 24.1981 49.6134 24
    endloop
  endfacet
  facet normal 0 0 1
    outer loop
      vertex 21.7272 53.7767 24
      vertex 22.4519 50.4277 24
      vertex 23.5907 52.9856 24
    endloop
  endfacet
  facet normal 0 0 1
    outer loop
      vertex 21.7272 53.7767 24
      vertex 20.6783 51.1805 24
      vertex 22.4519 50.4277 24
    endloop
  endfacet
  facet normal 0 0 1
    outer loop
      vertex 19.8372 54.5022 24
      vertex 20.6783 51.1805 24
      vertex 21.7272 53.7767 24
    endloop
  endfacet
  facet normal 0 0 1
    outer loop
      vertex 19.8372 54.5022 24
      vertex 18.8795 51.871 24
      vertex 20.6783 51.1805 24
    endloop
  endfacet
  facet normal 0 0 1
    outer loop
      vertex 17.923 55.1613 24
      vertex 18.8795 51.871 24
      vertex 19.8372 54.5022 24
    endloop
  endfacet
  facet normal 0 0 1
    outer loop
      vertex 17.923 55.1613 24
      vertex 17.0577 52.4983 24
      vertex 18.8795 51.871 24
    endloop
  endfacet
  facet normal 0 0 1
    outer loop
      vertex 15.987 55.7532 24
      vertex 17.0577 52.4983 24
      vertex 17.923 55.1613 24
    endloop
  endfacet
  facet normal 0 0 1
    outer loop
      vertex 15.987 55.7532 24
      vertex 15.2152 53.0616 24
      vertex 17.0577 52.4983 24
    endloop
  endfacet
  facet normal 0 0 1
    outer loop
      vertex 14.0315 56.2772 24
      vertex 15.2152 53.0616 24
      vertex 15.987 55.7532 24
    endloop
  endfacet
  facet normal 0 0 1
    outer loop
      vertex 14.0315 56.2772 24
      vertex 13.3541 53.5603 24
      vertex 15.2152 53.0616 24
    endloop
  endfacet
  facet normal 0 0 1
    outer loop
      vertex 12.0589 56.7326 24
      vertex 13.3541 53.5603 24
      vertex 14.0315 56.2772 24
    endloop
  endfacet
  facet normal 0 0 1
    outer loop
      vertex 12.0589 56.7326 24
      vertex 11.4767 53.9937 24
      vertex 13.3541 53.5603 24
    endloop
  endfacet
  facet normal 0 0 1
    outer loop
      vertex 10.0716 57.1189 24
      vertex 11.4767 53.9937 24
      vertex 12.0589 56.7326 24
    endloop
  endfacet
  facet normal 0 0 1
    outer loop
      vertex 10.0716 57.1189 24
      vertex 9.58538 54.3614 24
      vertex 11.4767 53.9937 24
    endloop
  endfacet
  facet normal 0 0 1
    outer loop
      vertex 8.07204 57.4355 24
      vertex 9.58538 54.3614 24
      vertex 10.0716 57.1189 24
    endloop
  endfacet
  facet normal 0 0 1
    outer loop
      vertex 8.07204 57.4355 24
      vertex 7.68235 54.6628 24
      vertex 9.58538 54.3614 24
    endloop
  endfacet
  facet normal 0 0 1
    outer loop
      vertex 6.06265 57.6823 24
      vertex 7.68235 54.6628 24
      vertex 8.07204 57.4355 24
    endloop
  endfacet
  facet normal 0 0 1
    outer loop
      vertex 6.06265 57.6823 24
      vertex 5.76997 54.8976 24
      vertex 7.68235 54.6628 24
    endloop
  endfacet
  facet normal 0 0 1
    outer loop
      vertex 4.04587 57.8587 24
      vertex 5.76997 54.8976 24
      vertex 6.06265 57.6823 24
    endloop
  endfacet
  facet normal 0 0 1
    outer loop
      vertex 4.04587 57.8587 24
      vertex 3.85056 55.0655 24
      vertex 5.76997 54.8976 24
    endloop
  endfacet
  facet normal 0 0 1
    outer loop
      vertex 2.02417 57.9647 24
      vertex 3.85056 55.0655 24
      vertex 4.04587 57.8587 24
    endloop
  endfacet
  facet normal 0 0 1
    outer loop
      vertex 2.02417 57.9647 24
      vertex 1.92645 55.1664 24
      vertex 3.85056 55.0655 24
    endloop
  endfacet
  facet normal 0 0 1
    outer loop
      vertex 0 58 24
      vertex 1.92645 55.1664 24
      vertex 2.02417 57.9647 24
    endloop
  endfacet
  facet normal 0 0 1
    outer loop
      vertex 0 58 24
      vertex 0 55.2 24
      vertex 1.92645 55.1664 24
    endloop
  endfacet
  facet normal 0 0 1
    outer loop
      vertex 0 58 24
      vertex -1.92645 55.1664 24
      vertex 0 55.2 24
    endloop
  endfacet
  facet normal -0 0 1
    outer loop
      vertex -2.02417 57.9647 24
      vertex -1.92645 55.1664 24
      vertex 0 58 24
    endloop
  endfacet
  facet normal 0 0 1
    outer loop
      vertex -2.02417 57.9647 24
      vertex -3.85056 55.0655 24
      vertex -1.92645 55.1664 24
    endloop
  endfacet
  facet normal -0 0 1
    outer loop
      vertex -4.04587 57.8587 24
      vertex -3.85056 55.0655 24
      vertex -2.02417 57.9647 24
    endloop
  endfacet
  facet normal 0 0 1
    outer loop
      vertex -4.04587 57.8587 24
      vertex -5.76997 54.8976 24
      vertex -3.85056 55.0655 24
    endloop
  endfacet
  facet normal -0 0 1
    outer loop
      vertex -6.06265 57.6823 24
      vertex -5.76997 54.8976 24
      vertex -4.04587 57.8587 24
    endloop
  endfacet
  facet normal 0 0 1
    outer loop
      vertex -6.06265 57.6823 24
      vertex -7.68235 54.6628 24
      vertex -5.76997 54.8976 24
    endloop
  endfacet
  facet normal -0 0 1
    outer loop
      vertex -8.07204 57.4355 24
      vertex -7.68235 54.6628 24
      vertex -6.06265 57.6823 24
    endloop
  endfacet
  facet normal 0 0 1
    outer loop
      vertex -8.07204 57.4355 24
      vertex -9.58538 54.3614 24
      vertex -7.68235 54.6628 24
    endloop
  endfacet
  facet normal -0 0 1
    outer loop
      vertex -10.0716 57.1189 24
      vertex -9.58538 54.3614 24
      vertex -8.07204 57.4355 24
    endloop
  endfacet
  facet normal 0 0 1
    outer loop
      vertex -10.0716 57.1189 24
      vertex -11.4767 53.9937 24
      vertex -9.58538 54.3614 24
    endloop
  endfacet
  facet normal -0 0 1
    outer loop
      vertex -12.0589 56.7326 24
      vertex -11.4767 53.9937 24
      vertex -10.0716 57.1189 24
    endloop
  endfacet
  facet normal 0 0 1
    outer loop
      vertex -12.0589 56.7326 24
      vertex -13.3541 53.5603 24
      vertex -11.4767 53.9937 24
    endloop
  endfacet
  facet normal -0 0 1
    outer loop
      vertex -14.0315 56.2772 24
      vertex -13.3541 53.5603 24
      vertex -12.0589 56.7326 24
    endloop
  endfacet
  facet normal 0 0 1
    outer loop
      vertex -14.0315 56.2772 24
      vertex -15.2152 53.0616 24
      vertex -13.3541 53.5603 24
    endloop
  endfacet
  facet normal -0 0 1
    outer loop
      vertex -15.987 55.7532 24
      vertex -15.2152 53.0616 24
      vertex -14.0315 56.2772 24
    endloop
  endfacet
  facet normal 0 0 1
    outer loop
      vertex -15.987 55.7532 24
      vertex -17.0577 52.4983 24
      vertex -15.2152 53.0616 24
    endloop
  endfacet
  facet normal -0 0 1
    outer loop
      vertex -17.923 55.1613 24
      vertex -17.0577 52.4983 24
      vertex -15.987 55.7532 24
    endloop
  endfacet
  facet normal 0 0 1
    outer loop
      vertex -17.923 55.1613 24
      vertex -18.8795 51.871 24
      vertex -17.0577 52.4983 24
    endloop
  endfacet
  facet normal -0 0 1
    outer loop
      vertex -19.8372 54.5022 24
      vertex -18.8795 51.871 24
      vertex -17.923 55.1613 24
    endloop
  endfacet
  facet normal 0 0 1
    outer loop
      vertex -19.8372 54.5022 24
      vertex -20.6783 51.1805 24
      vertex -18.8795 51.871 24
    endloop
  endfacet
  facet normal -0 0 1
    outer loop
      vertex -21.7272 53.7767 24
      vertex -20.6783 51.1805 24
      vertex -19.8372 54.5022 24
    endloop
  endfacet
  facet normal 0 0 1
    outer loop
      vertex -21.7272 53.7767 24
      vertex -22.4519 50.4277 24
      vertex -20.6783 51.1805 24
    endloop
  endfacet
  facet normal -0 0 1
    outer loop
      vertex -23.5907 52.9856 24
      vertex -22.4519 50.4277 24
      vertex -21.7272 53.7767 24
    endloop
  endfacet
  facet normal 0 0 1
    outer loop
      vertex -23.5907 52.9856 24
      vertex -24.1981 49.6134 24
      vertex -22.4519 50.4277 24
    endloop
  endfacet
  facet normal -0 0 1
    outer loop
      vertex -25.4255 52.1301 24
      vertex -24.1981 49.6134 24
      vertex -23.5907 52.9856 24
    endloop
  endfacet
  facet normal 0 0 1
    outer loop
      vertex -25.4255 52.1301 24
      vertex -25.9148 48.7387 24
      vertex -24.1981 49.6134 24
    endloop
  endfacet
  facet normal -0 0 1
    outer loop
      vertex -27.2294 51.211 24
      vertex -25.9148 48.7387 24
      vertex -25.4255 52.1301 24
    endloop
  endfacet
  facet normal 0 0 1
    outer loop
      vertex -27.2294 51.211 24
      vertex -27.6 47.8046 24
      vertex -25.9148 48.7387 24
    endloop
  endfacet
  facet normal -0 0 1
    outer loop
      vertex -29 50.2295 24
      vertex -27.6 47.8046 24
      vertex -27.2294 51.211 24
    endloop
  endfacet
  facet normal 0 0 1
    outer loop
      vertex -29 50.2295 24
      vertex -29.2515 46.8123 24
      vertex -27.6 47.8046 24
    endloop
  endfacet
  facet normal -0 0 1
    outer loop
      vertex -30.7353 49.1868 24
      vertex -29.2515 46.8123 24
      vertex -29 50.2295 24
    endloop
  endfacet
  facet normal 0 0 1
    outer loop
      vertex -30.7353 49.1868 24
      vertex -30.8674 45.7629 24
      vertex -29.2515 46.8123 24
    endloop
  endfacet
  facet normal -0 0 1
    outer loop
      vertex -32.4332 48.0842 24
      vertex -30.8674 45.7629 24
      vertex -30.7353 49.1868 24
    endloop
  endfacet
  facet normal 0 0 1
    outer loop
      vertex -32.4332 48.0842 24
      vertex -32.4457 44.6577 24
      vertex -30.8674 45.7629 24
    endloop
  endfacet
  facet normal -0 0 1
    outer loop
      vertex -34.0915 46.923 24
      vertex -32.4457 44.6577 24
      vertex -32.4332 48.0842 24
    endloop
  endfacet
  facet normal 0 0 1
    outer loop
      vertex -32.4457 44.6577 24
      vertex -34.0915 46.923 24
      vertex -33.9845 43.4982 24
    endloop
  endfacet
  facet normal -0 0 1
    outer loop
      vertex -35.7084 45.7046 24
      vertex -33.9845 43.4982 24
      vertex -34.0915 46.923 24
    endloop
  endfacet
  facet normal 0 0 1
    outer loop
      vertex -33.9845 43.4982 24
      vertex -35.7084 45.7046 24
      vertex -35.4819 42.2857 24
    endloop
  endfacet
  facet normal -0 0 1
    outer loop
      vertex -37.2817 44.4306 24
      vertex -35.4819 42.2857 24
      vertex -35.7084 45.7046 24
    endloop
  endfacet
  facet normal 0 0 1
    outer loop
      vertex -35.4819 42.2857 24
      vertex -37.2817 44.4306 24
      vertex -36.936 41.0216 24
    endloop
  endfacet
  facet normal -0 0 1
    outer loop
      vertex -38.8096 43.1024 24
      vertex -36.936 41.0216 24
      vertex -37.2817 44.4306 24
    endloop
  endfacet
  facet normal 0 0 1
    outer loop
      vertex -36.936 41.0216 24
      vertex -38.8096 43.1024 24
      vertex -38.3451 39.7076 24
    endloop
  endfacet
  facet normal -0 0 1
    outer loop
      vertex -40.2902 41.7217 24
      vertex -38.3451 39.7076 24
      vertex -38.8096 43.1024 24
    endloop
  endfacet
  facet normal 0 0 1
    outer loop
      vertex -38.3451 39.7076 24
      vertex -40.2902 41.7217 24
      vertex -39.7076 38.3451 24
    endloop
  endfacet
  facet normal -0 0 1
    outer loop
      vertex -41.7217 40.2902 24
      vertex -39.7076 38.3451 24
      vertex -40.2902 41.7217 24
    endloop
  endfacet
  facet normal 0 0 1
    outer loop
      vertex -39.7076 38.3451 24
      vertex -41.7217 40.2902 24
      vertex -41.0216 36.936 24
    endloop
  endfacet
  facet normal -0 0 1
    outer loop
      vertex -43.1024 38.8096 24
      vertex -41.0216 36.936 24
      vertex -41.7217 40.2902 24
    endloop
  endfacet
  facet normal 0 0 1
    outer loop
      vertex -41.0216 36.936 24
      vertex -43.1024 38.8096 24
      vertex -42.2857 35.4819 24
    endloop
  endfacet
  facet normal -0 0 1
    outer loop
      vertex -44.4306 37.2817 24
      vertex -42.2857 35.4819 24
      vertex -43.1024 38.8096 24
    endloop
  endfacet
  facet normal 0 0 1
    outer loop
      vertex -42.2857 35.4819 24
      vertex -44.4306 37.2817 24
      vertex -43.4982 33.9845 24
    endloop
  endfacet
  facet normal -0 0 1
    outer loop
      vertex -45.7046 35.7084 24
      vertex -43.4982 33.9845 24
      vertex -44.4306 37.2817 24
    endloop
  endfacet
  facet normal 0 0 1
    outer loop
      vertex -43.4982 33.9845 24
      vertex -45.7046 35.7084 24
      vertex -44.6577 32.4457 24
    endloop
  endfacet
  facet normal -0 0 1
    outer loop
      vertex -46.923 34.0915 24
      vertex -44.6577 32.4457 24
      vertex -45.7046 35.7084 24
    endloop
  endfacet
  facet normal 0 0 1
    outer loop
      vertex -44.6577 32.4457 24
      vertex -46.923 34.0915 24
      vertex -45.7629 30.8674 24
    endloop
  endfacet
  facet normal -0 0 1
    outer loop
      vertex -48.0842 32.4332 24
      vertex -45.7629 30.8674 24
      vertex -46.923 34.0915 24
    endloop
  endfacet
  facet normal 0 0 1
    outer loop
      vertex -45.7629 30.8674 24
      vertex -48.0842 32.4332 24
      vertex -46.8123 29.2515 24
    endloop
  endfacet
  facet normal -0 0 1
    outer loop
      vertex -49.1868 30.7353 24
      vertex -46.8123 29.2515 24
      vertex -48.0842 32.4332 24
    endloop
  endfacet
  facet normal 0 0 1
    outer loop
      vertex -46.8123 29.2515 24
      vertex -49.1868 30.7353 24
      vertex -47.8046 27.6 24
    endloop
  endfacet
  facet normal -0 0 1
    outer loop
      vertex -50.2295 29 24
      vertex -47.8046 27.6 24
      vertex -49.1868 30.7353 24
    endloop
  endfacet
  facet normal 0 0 1
    outer loop
      vertex -47.8046 27.6 24
      vertex -50.2295 29 24
      vertex -48.7387 25.9148 24
    endloop
  endfacet
  facet normal -0 0 1
    outer loop
      vertex -51.211 27.2294 24
      vertex -48.7387 25.9148 24
      vertex -50.2295 29 24
    endloop
  endfacet
  facet normal 0 0 1
    outer loop
      vertex -48.7387 25.9148 24
      vertex -51.211 27.2294 24
      vertex -49.6134 24.1981 24
    endloop
  endfacet
  facet normal -0 0 1
    outer loop
      vertex -52.1301 25.4255 24
      vertex -49.6134 24.1981 24
      vertex -51.211 27.2294 24
    endloop
  endfacet
  facet normal 0 0 1
    outer loop
      vertex -49.6134 24.1981 24
      vertex -52.1301 25.4255 24
      vertex -50.4277 22.4519 24
    endloop
  endfacet
  facet normal -0 0 1
    outer loop
      vertex -52.9856 23.5907 24
      vertex -50.4277 22.4519 24
      vertex -52.1301 25.4255 24
    endloop
  endfacet
  facet normal 0 0 1
    outer loop
      vertex -50.4277 22.4519 24
      vertex -52.9856 23.5907 24
      vertex -51.1805 20.6783 24
    endloop
  endfacet
  facet normal -0 0 1
    outer loop
      vertex -53.7767 21.7272 24
      vertex -51.1805 20.6783 24
      vertex -52.9856 23.5907 24
    endloop
  endfacet
  facet normal 0 0 1
    outer loop
      vertex -51.1805 20.6783 24
      vertex -53.7767 21.7272 24
      vertex -51.871 18.8795 24
    endloop
  endfacet
  facet normal -0 0 1
    outer loop
      vertex -54.5022 19.8372 24
      vertex -51.871 18.8795 24
      vertex -53.7767 21.7272 24
    endloop
  endfacet
  facet normal 0 0 1
    outer loop
      vertex -51.871 18.8795 24
      vertex -54.5022 19.8372 24
      vertex -52.4983 17.0577 24
    endloop
  endfacet
  facet normal -0 0 1
    outer loop
      vertex -55.1613 17.923 24
      vertex -52.4983 17.0577 24
      vertex -54.5022 19.8372 24
    endloop
  endfacet
  facet normal 0 0 1
    outer loop
      vertex -52.4983 17.0577 24
      vertex -55.1613 17.923 24
      vertex -53.0616 15.2152 24
    endloop
  endfacet
  facet normal -0 0 1
    outer loop
      vertex -55.7532 15.987 24
      vertex -53.0616 15.2152 24
      vertex -55.1613 17.923 24
    endloop
  endfacet
  facet normal 0 0 1
    outer loop
      vertex -53.0616 15.2152 24
      vertex -55.7532 15.987 24
      vertex -53.5603 13.3541 24
    endloop
  endfacet
  facet normal -0 0 1
    outer loop
      vertex -56.2772 14.0315 24
      vertex -53.5603 13.3541 24
      vertex -55.7532 15.987 24
    endloop
  endfacet
  facet normal 0 0 1
    outer loop
      vertex -53.5603 13.3541 24
      vertex -56.2772 14.0315 24
      vertex -53.9937 11.4767 24
    endloop
  endfacet
  facet normal -0 0 1
    outer loop
      vertex -56.7326 12.0589 24
      vertex -53.9937 11.4767 24
      vertex -56.2772 14.0315 24
    endloop
  endfacet
  facet normal 0 0 1
    outer loop
      vertex -53.9937 11.4767 24
      vertex -56.7326 12.0589 24
      vertex -54.3614 9.58538 24
    endloop
  endfacet
  facet normal -0 0 1
    outer loop
      vertex -57.1189 10.0716 24
      vertex -54.3614 9.58538 24
      vertex -56.7326 12.0589 24
    endloop
  endfacet
  facet normal 0 0 1
    outer loop
      vertex -54.3614 9.58538 24
      vertex -57.1189 10.0716 24
      vertex -54.6628 7.68235 24
    endloop
  endfacet
  facet normal -0 0 1
    outer loop
      vertex -57.4355 8.07204 24
      vertex -54.6628 7.68235 24
      vertex -57.1189 10.0716 24
    endloop
  endfacet
  facet normal 0 0 1
    outer loop
      vertex 57.4355 -8.07204 24
      vertex 54.6628 -7.68235 24
      vertex 57.1189 -10.0716 24
    endloop
  endfacet
  facet normal -0 0 1
    outer loop
      vertex 54.3614 -9.58538 24
      vertex 57.1189 -10.0716 24
      vertex 54.6628 -7.68235 24
    endloop
  endfacet
  facet normal 0 0 1
    outer loop
      vertex 57.1189 -10.0716 24
      vertex 54.3614 -9.58538 24
      vertex 56.7326 -12.0589 24
    endloop
  endfacet
  facet normal -0 0 1
    outer loop
      vertex 53.9937 -11.4767 24
      vertex 56.7326 -12.0589 24
      vertex 54.3614 -9.58538 24
    endloop
  endfacet
  facet normal 0 0 1
    outer loop
      vertex 56.7326 -12.0589 24
      vertex 53.9937 -11.4767 24
      vertex 56.2772 -14.0315 24
    endloop
  endfacet
  facet normal -0 0 1
    outer loop
      vertex 53.5603 -13.3541 24
      vertex 56.2772 -14.0315 24
      vertex 53.9937 -11.4767 24
    endloop
  endfacet
  facet normal 0 0 1
    outer loop
      vertex 56.2772 -14.0315 24
      vertex 53.5603 -13.3541 24
      vertex 55.7532 -15.987 24
    endloop
  endfacet
  facet normal -0 0 1
    outer loop
      vertex 53.0616 -15.2152 24
      vertex 55.7532 -15.987 24
      vertex 53.5603 -13.3541 24
    endloop
  endfacet
  facet normal 0 0 1
    outer loop
      vertex 55.7532 -15.987 24
      vertex 53.0616 -15.2152 24
      vertex 55.1613 -17.923 24
    endloop
  endfacet
  facet normal -0 0 1
    outer loop
      vertex 52.4983 -17.0577 24
      vertex 55.1613 -17.923 24
      vertex 53.0616 -15.2152 24
    endloop
  endfacet
  facet normal 0 0 1
    outer loop
      vertex 55.1613 -17.923 24
      vertex 52.4983 -17.0577 24
      vertex 54.5022 -19.8372 24
    endloop
  endfacet
  facet normal -0 0 1
    outer loop
      vertex 51.871 -18.8795 24
      vertex 54.5022 -19.8372 24
      vertex 52.4983 -17.0577 24
    endloop
  endfacet
  facet normal 0 0 1
    outer loop
      vertex 54.5022 -19.8372 24
      vertex 51.871 -18.8795 24
      vertex 53.7767 -21.7272 24
    endloop
  endfacet
  facet normal -0 0 1
    outer loop
      vertex 51.1805 -20.6783 24
      vertex 53.7767 -21.7272 24
      vertex 51.871 -18.8795 24
    endloop
  endfacet
  facet normal 0 0 1
    outer loop
      vertex 53.7767 -21.7272 24
      vertex 51.1805 -20.6783 24
      vertex 52.9856 -23.5907 24
    endloop
  endfacet
  facet normal -0 0 1
    outer loop
      vertex 50.4277 -22.4519 24
      vertex 52.9856 -23.5907 24
      vertex 51.1805 -20.6783 24
    endloop
  endfacet
  facet normal 0 0 1
    outer loop
      vertex 52.9856 -23.5907 24
      vertex 50.4277 -22.4519 24
      vertex 52.1301 -25.4255 24
    endloop
  endfacet
  facet normal -0 0 1
    outer loop
      vertex 49.6134 -24.1981 24
      vertex 52.1301 -25.4255 24
      vertex 50.4277 -22.4519 24
    endloop
  endfacet
  facet normal 0 0 1
    outer loop
      vertex 52.1301 -25.4255 24
      vertex 49.6134 -24.1981 24
      vertex 51.211 -27.2294 24
    endloop
  endfacet
  facet normal -0 0 1
    outer loop
      vertex 48.7387 -25.9148 24
      vertex 51.211 -27.2294 24
      vertex 49.6134 -24.1981 24
    endloop
  endfacet
  facet normal 0 0 1
    outer loop
      vertex 51.211 -27.2294 24
      vertex 48.7387 -25.9148 24
      vertex 50.2295 -29 24
    endloop
  endfacet
  facet normal -0 0 1
    outer loop
      vertex 47.8046 -27.6 24
      vertex 50.2295 -29 24
      vertex 48.7387 -25.9148 24
    endloop
  endfacet
  facet normal 0 0 1
    outer loop
      vertex 50.2295 -29 24
      vertex 47.8046 -27.6 24
      vertex 49.1868 -30.7353 24
    endloop
  endfacet
  facet normal -0 0 1
    outer loop
      vertex 46.8123 -29.2515 24
      vertex 49.1868 -30.7353 24
      vertex 47.8046 -27.6 24
    endloop
  endfacet
  facet normal 0 0 1
    outer loop
      vertex 49.1868 -30.7353 24
      vertex 46.8123 -29.2515 24
      vertex 48.0842 -32.4332 24
    endloop
  endfacet
  facet normal -0 0 1
    outer loop
      vertex 45.7629 -30.8674 24
      vertex 48.0842 -32.4332 24
      vertex 46.8123 -29.2515 24
    endloop
  endfacet
  facet normal 0 0 1
    outer loop
      vertex 48.0842 -32.4332 24
      vertex 45.7629 -30.8674 24
      vertex 46.923 -34.0915 24
    endloop
  endfacet
  facet normal -0 0 1
    outer loop
      vertex 44.6577 -32.4457 24
      vertex 46.923 -34.0915 24
      vertex 45.7629 -30.8674 24
    endloop
  endfacet
  facet normal 0 0 1
    outer loop
      vertex 46.923 -34.0915 24
      vertex 44.6577 -32.4457 24
      vertex 45.7046 -35.7084 24
    endloop
  endfacet
  facet normal -0 0 1
    outer loop
      vertex 43.4982 -33.9845 24
      vertex 45.7046 -35.7084 24
      vertex 44.6577 -32.4457 24
    endloop
  endfacet
  facet normal 0 0 1
    outer loop
      vertex 45.7046 -35.7084 24
      vertex 43.4982 -33.9845 24
      vertex 44.4306 -37.2817 24
    endloop
  endfacet
  facet normal -0 0 1
    outer loop
      vertex 42.2857 -35.4819 24
      vertex 44.4306 -37.2817 24
      vertex 43.4982 -33.9845 24
    endloop
  endfacet
  facet normal 0 0 1
    outer loop
      vertex 44.4306 -37.2817 24
      vertex 42.2857 -35.4819 24
      vertex 43.1024 -38.8096 24
    endloop
  endfacet
  facet normal -0 0 1
    outer loop
      vertex 41.0216 -36.936 24
      vertex 43.1024 -38.8096 24
      vertex 42.2857 -35.4819 24
    endloop
  endfacet
  facet normal 0 0 1
    outer loop
      vertex 43.1024 -38.8096 24
      vertex 41.0216 -36.936 24
      vertex 41.7217 -40.2902 24
    endloop
  endfacet
  facet normal -0 0 1
    outer loop
      vertex 39.7076 -38.3451 24
      vertex 41.7217 -40.2902 24
      vertex 41.0216 -36.936 24
    endloop
  endfacet
  facet normal 0 0 1
    outer loop
      vertex 41.7217 -40.2902 24
      vertex 39.7076 -38.3451 24
      vertex 40.2902 -41.7217 24
    endloop
  endfacet
  facet normal -0 0 1
    outer loop
      vertex 38.3451 -39.7076 24
      vertex 40.2902 -41.7217 24
      vertex 39.7076 -38.3451 24
    endloop
  endfacet
  facet normal 0 0 1
    outer loop
      vertex 40.2902 -41.7217 24
      vertex 38.3451 -39.7076 24
      vertex 38.8096 -43.1024 24
    endloop
  endfacet
  facet normal -0 0 1
    outer loop
      vertex 36.936 -41.0216 24
      vertex 38.8096 -43.1024 24
      vertex 38.3451 -39.7076 24
    endloop
  endfacet
  facet normal 0 0 1
    outer loop
      vertex 38.8096 -43.1024 24
      vertex 36.936 -41.0216 24
      vertex 37.2817 -44.4306 24
    endloop
  endfacet
  facet normal -0 0 1
    outer loop
      vertex 35.4819 -42.2857 24
      vertex 37.2817 -44.4306 24
      vertex 36.936 -41.0216 24
    endloop
  endfacet
  facet normal 0 0 1
    outer loop
      vertex 37.2817 -44.4306 24
      vertex 35.4819 -42.2857 24
      vertex 35.7084 -45.7046 24
    endloop
  endfacet
  facet normal -0 0 1
    outer loop
      vertex 33.9845 -43.4982 24
      vertex 35.7084 -45.7046 24
      vertex 35.4819 -42.2857 24
    endloop
  endfacet
  facet normal 0 0 1
    outer loop
      vertex 35.7084 -45.7046 24
      vertex 33.9845 -43.4982 24
      vertex 34.0915 -46.923 24
    endloop
  endfacet
  facet normal -0 0 1
    outer loop
      vertex 32.4457 -44.6577 24
      vertex 34.0915 -46.923 24
      vertex 33.9845 -43.4982 24
    endloop
  endfacet
  facet normal 0 0 1
    outer loop
      vertex 32.4457 -44.6577 24
      vertex 32.4332 -48.0842 24
      vertex 34.0915 -46.923 24
    endloop
  endfacet
  facet normal -0 0 1
    outer loop
      vertex 30.8674 -45.7629 24
      vertex 32.4332 -48.0842 24
      vertex 32.4457 -44.6577 24
    endloop
  endfacet
  facet normal 0 0 1
    outer loop
      vertex 30.8674 -45.7629 24
      vertex 30.7353 -49.1868 24
      vertex 32.4332 -48.0842 24
    endloop
  endfacet
  facet normal -0 0 1
    outer loop
      vertex 29.2515 -46.8123 24
      vertex 30.7353 -49.1868 24
      vertex 30.8674 -45.7629 24
    endloop
  endfacet
  facet normal 0 0 1
    outer loop
      vertex 29.2515 -46.8123 24
      vertex 29 -50.2295 24
      vertex 30.7353 -49.1868 24
    endloop
  endfacet
  facet normal -0 0 1
    outer loop
      vertex 27.6 -47.8046 24
      vertex 29 -50.2295 24
      vertex 29.2515 -46.8123 24
    endloop
  endfacet
  facet normal 0 0 1
    outer loop
      vertex 27.6 -47.8046 24
      vertex 27.2294 -51.211 24
      vertex 29 -50.2295 24
    endloop
  endfacet
  facet normal -0 0 1
    outer loop
      vertex 25.9148 -48.7387 24
      vertex 27.2294 -51.211 24
      vertex 27.6 -47.8046 24
    endloop
  endfacet
  facet normal 0 0 1
    outer loop
      vertex 25.9148 -48.7387 24
      vertex 25.4255 -52.1301 24
      vertex 27.2294 -51.211 24
    endloop
  endfacet
  facet normal -0 0 1
    outer loop
      vertex 24.1981 -49.6134 24
      vertex 25.4255 -52.1301 24
      vertex 25.9148 -48.7387 24
    endloop
  endfacet
  facet normal 0 0 1
    outer loop
      vertex 24.1981 -49.6134 24
      vertex 23.5907 -52.9856 24
      vertex 25.4255 -52.1301 24
    endloop
  endfacet
  facet normal -0 0 1
    outer loop
      vertex 22.4519 -50.4277 24
      vertex 23.5907 -52.9856 24
      vertex 24.1981 -49.6134 24
    endloop
  endfacet
  facet normal 0 0 1
    outer loop
      vertex 22.4519 -50.4277 24
      vertex 21.7272 -53.7767 24
      vertex 23.5907 -52.9856 24
    endloop
  endfacet
  facet normal -0 0 1
    outer loop
      vertex 20.6783 -51.1805 24
      vertex 21.7272 -53.7767 24
      vertex 22.4519 -50.4277 24
    endloop
  endfacet
  facet normal 0 0 1
    outer loop
      vertex 20.6783 -51.1805 24
      vertex 19.8372 -54.5022 24
      vertex 21.7272 -53.7767 24
    endloop
  endfacet
  facet normal -0 0 1
    outer loop
      vertex 18.8795 -51.871 24
      vertex 19.8372 -54.5022 24
      vertex 20.6783 -51.1805 24
    endloop
  endfacet
  facet normal 0 0 1
    outer loop
      vertex 18.8795 -51.871 24
      vertex 17.923 -55.1613 24
      vertex 19.8372 -54.5022 24
    endloop
  endfacet
  facet normal -0 0 1
    outer loop
      vertex 17.0577 -52.4983 24
      vertex 17.923 -55.1613 24
      vertex 18.8795 -51.871 24
    endloop
  endfacet
  facet normal 0 0 1
    outer loop
      vertex 17.0577 -52.4983 24
      vertex 15.987 -55.7532 24
      vertex 17.923 -55.1613 24
    endloop
  endfacet
  facet normal -0 0 1
    outer loop
      vertex 15.2152 -53.0616 24
      vertex 15.987 -55.7532 24
      vertex 17.0577 -52.4983 24
    endloop
  endfacet
  facet normal 0 0 1
    outer loop
      vertex 15.2152 -53.0616 24
      vertex 14.0315 -56.2772 24
      vertex 15.987 -55.7532 24
    endloop
  endfacet
  facet normal -0 0 1
    outer loop
      vertex 13.3541 -53.5603 24
      vertex 14.0315 -56.2772 24
      vertex 15.2152 -53.0616 24
    endloop
  endfacet
  facet normal 0 0 1
    outer loop
      vertex 13.3541 -53.5603 24
      vertex 12.0589 -56.7326 24
      vertex 14.0315 -56.2772 24
    endloop
  endfacet
  facet normal -0 0 1
    outer loop
      vertex 11.4767 -53.9937 24
      vertex 12.0589 -56.7326 24
      vertex 13.3541 -53.5603 24
    endloop
  endfacet
  facet normal 0 0 1
    outer loop
      vertex 11.4767 -53.9937 24
      vertex 10.0716 -57.1189 24
      vertex 12.0589 -56.7326 24
    endloop
  endfacet
  facet normal -0 0 1
    outer loop
      vertex 9.58538 -54.3614 24
      vertex 10.0716 -57.1189 24
      vertex 11.4767 -53.9937 24
    endloop
  endfacet
  facet normal 0 0 1
    outer loop
      vertex 9.58538 -54.3614 24
      vertex 8.07204 -57.4355 24
      vertex 10.0716 -57.1189 24
    endloop
  endfacet
  facet normal -0 0 1
    outer loop
      vertex 7.68235 -54.6628 24
      vertex 8.07204 -57.4355 24
      vertex 9.58538 -54.3614 24
    endloop
  endfacet
  facet normal 0 0 1
    outer loop
      vertex 7.68235 -54.6628 24
      vertex 6.06265 -57.6823 24
      vertex 8.07204 -57.4355 24
    endloop
  endfacet
  facet normal -0 0 1
    outer loop
      vertex 5.76997 -54.8976 24
      vertex 6.06265 -57.6823 24
      vertex 7.68235 -54.6628 24
    endloop
  endfacet
  facet normal 0 0 1
    outer loop
      vertex 5.76997 -54.8976 24
      vertex 4.04587 -57.8587 24
      vertex 6.06265 -57.6823 24
    endloop
  endfacet
  facet normal -0 0 1
    outer loop
      vertex 3.85056 -55.0655 24
      vertex 4.04587 -57.8587 24
      vertex 5.76997 -54.8976 24
    endloop
  endfacet
  facet normal 0 0 1
    outer loop
      vertex 3.85056 -55.0655 24
      vertex 2.02417 -57.9647 24
      vertex 4.04587 -57.8587 24
    endloop
  endfacet
  facet normal -0 0 1
    outer loop
      vertex 1.92645 -55.1664 24
      vertex 2.02417 -57.9647 24
      vertex 3.85056 -55.0655 24
    endloop
  endfacet
  facet normal -0 0 1
    outer loop
      vertex 0 -55.2 24
      vertex 2.02417 -57.9647 24
      vertex 1.92645 -55.1664 24
    endloop
  endfacet
  facet normal 0 0 1
    outer loop
      vertex 0 -55.2 24
      vertex 0 -58 24
      vertex 2.02417 -57.9647 24
    endloop
  endfacet
  facet normal 0 0 1
    outer loop
      vertex -1.92645 -55.1664 24
      vertex 0 -58 24
      vertex 0 -55.2 24
    endloop
  endfacet
  facet normal 0 0 1
    outer loop
      vertex -1.92645 -55.1664 24
      vertex -2.02417 -57.9647 24
      vertex 0 -58 24
    endloop
  endfacet
  facet normal 0 0 1
    outer loop
      vertex -3.85056 -55.0655 24
      vertex -2.02417 -57.9647 24
      vertex -1.92645 -55.1664 24
    endloop
  endfacet
  facet normal 0 0 1
    outer loop
      vertex -3.85056 -55.0655 24
      vertex -4.04587 -57.8587 24
      vertex -2.02417 -57.9647 24
    endloop
  endfacet
  facet normal 0 0 1
    outer loop
      vertex -5.76997 -54.8976 24
      vertex -4.04587 -57.8587 24
      vertex -3.85056 -55.0655 24
    endloop
  endfacet
  facet normal 0 0 1
    outer loop
      vertex -5.76997 -54.8976 24
      vertex -6.06265 -57.6823 24
      vertex -4.04587 -57.8587 24
    endloop
  endfacet
  facet normal 0 0 1
    outer loop
      vertex -7.68235 -54.6628 24
      vertex -6.06265 -57.6823 24
      vertex -5.76997 -54.8976 24
    endloop
  endfacet
  facet normal 0 0 1
    outer loop
      vertex -7.68235 -54.6628 24
      vertex -8.07204 -57.4355 24
      vertex -6.06265 -57.6823 24
    endloop
  endfacet
  facet normal 0 0 1
    outer loop
      vertex -9.58538 -54.3614 24
      vertex -8.07204 -57.4355 24
      vertex -7.68235 -54.6628 24
    endloop
  endfacet
  facet normal 0 0 1
    outer loop
      vertex -9.58538 -54.3614 24
      vertex -10.0716 -57.1189 24
      vertex -8.07204 -57.4355 24
    endloop
  endfacet
  facet normal 0 0 1
    outer loop
      vertex -11.4767 -53.9937 24
      vertex -10.0716 -57.1189 24
      vertex -9.58538 -54.3614 24
    endloop
  endfacet
  facet normal 0 0 1
    outer loop
      vertex -11.4767 -53.9937 24
      vertex -12.0589 -56.7326 24
      vertex -10.0716 -57.1189 24
    endloop
  endfacet
  facet normal 0 0 1
    outer loop
      vertex -13.3541 -53.5603 24
      vertex -12.0589 -56.7326 24
      vertex -11.4767 -53.9937 24
    endloop
  endfacet
  facet normal 0 0 1
    outer loop
      vertex -13.3541 -53.5603 24
      vertex -14.0315 -56.2772 24
      vertex -12.0589 -56.7326 24
    endloop
  endfacet
  facet normal 0 0 1
    outer loop
      vertex -15.2152 -53.0616 24
      vertex -14.0315 -56.2772 24
      vertex -13.3541 -53.5603 24
    endloop
  endfacet
  facet normal 0 0 1
    outer loop
      vertex -15.2152 -53.0616 24
      vertex -15.987 -55.7532 24
      vertex -14.0315 -56.2772 24
    endloop
  endfacet
  facet normal 0 0 1
    outer loop
      vertex -17.0577 -52.4983 24
      vertex -15.987 -55.7532 24
      vertex -15.2152 -53.0616 24
    endloop
  endfacet
  facet normal 0 0 1
    outer loop
      vertex -17.0577 -52.4983 24
      vertex -17.923 -55.1613 24
      vertex -15.987 -55.7532 24
    endloop
  endfacet
  facet normal 0 0 1
    outer loop
      vertex -18.8795 -51.871 24
      vertex -17.923 -55.1613 24
      vertex -17.0577 -52.4983 24
    endloop
  endfacet
  facet normal 0 0 1
    outer loop
      vertex -18.8795 -51.871 24
      vertex -19.8372 -54.5022 24
      vertex -17.923 -55.1613 24
    endloop
  endfacet
  facet normal 0 0 1
    outer loop
      vertex -20.6783 -51.1805 24
      vertex -19.8372 -54.5022 24
      vertex -18.8795 -51.871 24
    endloop
  endfacet
  facet normal 0 0 1
    outer loop
      vertex -20.6783 -51.1805 24
      vertex -21.7272 -53.7767 24
      vertex -19.8372 -54.5022 24
    endloop
  endfacet
  facet normal 0 0 1
    outer loop
      vertex -22.4519 -50.4277 24
      vertex -21.7272 -53.7767 24
      vertex -20.6783 -51.1805 24
    endloop
  endfacet
  facet normal 0 0 1
    outer loop
      vertex -22.4519 -50.4277 24
      vertex -23.5907 -52.9856 24
      vertex -21.7272 -53.7767 24
    endloop
  endfacet
  facet normal 0 0 1
    outer loop
      vertex -24.1981 -49.6134 24
      vertex -23.5907 -52.9856 24
      vertex -22.4519 -50.4277 24
    endloop
  endfacet
  facet normal 0 0 1
    outer loop
      vertex -24.1981 -49.6134 24
      vertex -25.4255 -52.1301 24
      vertex -23.5907 -52.9856 24
    endloop
  endfacet
  facet normal 0 0 1
    outer loop
      vertex -25.9148 -48.7387 24
      vertex -25.4255 -52.1301 24
      vertex -24.1981 -49.6134 24
    endloop
  endfacet
  facet normal 0 0 1
    outer loop
      vertex -25.9148 -48.7387 24
      vertex -27.2294 -51.211 24
      vertex -25.4255 -52.1301 24
    endloop
  endfacet
  facet normal 0 0 1
    outer loop
      vertex -27.6 -47.8046 24
      vertex -27.2294 -51.211 24
      vertex -25.9148 -48.7387 24
    endloop
  endfacet
  facet normal 0 0 1
    outer loop
      vertex -27.6 -47.8046 24
      vertex -29 -50.2295 24
      vertex -27.2294 -51.211 24
    endloop
  endfacet
  facet normal 0 0 1
    outer loop
      vertex -29.2515 -46.8123 24
      vertex -29 -50.2295 24
      vertex -27.6 -47.8046 24
    endloop
  endfacet
  facet normal 0 0 1
    outer loop
      vertex -29.2515 -46.8123 24
      vertex -30.7353 -49.1868 24
      vertex -29 -50.2295 24
    endloop
  endfacet
  facet normal 0 0 1
    outer loop
      vertex -30.8674 -45.7629 24
      vertex -30.7353 -49.1868 24
      vertex -29.2515 -46.8123 24
    endloop
  endfacet
  facet normal 0 0 1
    outer loop
      vertex -30.8674 -45.7629 24
      vertex -32.4332 -48.0842 24
      vertex -30.7353 -49.1868 24
    endloop
  endfacet
  facet normal 0 0 1
    outer loop
      vertex -32.4457 -44.6577 24
      vertex -32.4332 -48.0842 24
      vertex -30.8674 -45.7629 24
    endloop
  endfacet
  facet normal 0 0 1
    outer loop
      vertex -34.0915 -46.923 24
      vertex -32.4457 -44.6577 24
      vertex -33.9845 -43.4982 24
    endloop
  endfacet
  facet normal 0 0 1
    outer loop
      vertex -32.4457 -44.6577 24
      vertex -34.0915 -46.923 24
      vertex -32.4332 -48.0842 24
    endloop
  endfacet
  facet normal 0 0 1
    outer loop
      vertex -35.7084 -45.7046 24
      vertex -33.9845 -43.4982 24
      vertex -35.4819 -42.2857 24
    endloop
  endfacet
  facet normal 0 0 1
    outer loop
      vertex -33.9845 -43.4982 24
      vertex -35.7084 -45.7046 24
      vertex -34.0915 -46.923 24
    endloop
  endfacet
  facet normal 0 0 1
    outer loop
      vertex -37.2817 -44.4306 24
      vertex -35.4819 -42.2857 24
      vertex -36.936 -41.0216 24
    endloop
  endfacet
  facet normal 0 0 1
    outer loop
      vertex -35.4819 -42.2857 24
      vertex -37.2817 -44.4306 24
      vertex -35.7084 -45.7046 24
    endloop
  endfacet
  facet normal 0 0 1
    outer loop
      vertex -38.8096 -43.1024 24
      vertex -36.936 -41.0216 24
      vertex -38.3451 -39.7076 24
    endloop
  endfacet
  facet normal 0 0 1
    outer loop
      vertex -36.936 -41.0216 24
      vertex -38.8096 -43.1024 24
      vertex -37.2817 -44.4306 24
    endloop
  endfacet
  facet normal 0 0 1
    outer loop
      vertex -40.2902 -41.7217 24
      vertex -38.3451 -39.7076 24
      vertex -39.7076 -38.3451 24
    endloop
  endfacet
  facet normal 0 0 1
    outer loop
      vertex -38.3451 -39.7076 24
      vertex -40.2902 -41.7217 24
      vertex -38.8096 -43.1024 24
    endloop
  endfacet
  facet normal 0 0 1
    outer loop
      vertex -41.7217 -40.2902 24
      vertex -39.7076 -38.3451 24
      vertex -41.0216 -36.936 24
    endloop
  endfacet
  facet normal 0 0 1
    outer loop
      vertex -39.7076 -38.3451 24
      vertex -41.7217 -40.2902 24
      vertex -40.2902 -41.7217 24
    endloop
  endfacet
  facet normal 0 0 1
    outer loop
      vertex -43.1024 -38.8096 24
      vertex -41.0216 -36.936 24
      vertex -42.2857 -35.4819 24
    endloop
  endfacet
  facet normal 0 0 1
    outer loop
      vertex -41.0216 -36.936 24
      vertex -43.1024 -38.8096 24
      vertex -41.7217 -40.2902 24
    endloop
  endfacet
  facet normal 0 0 1
    outer loop
      vertex -44.4306 -37.2817 24
      vertex -42.2857 -35.4819 24
      vertex -43.4982 -33.9845 24
    endloop
  endfacet
  facet normal 0 0 1
    outer loop
      vertex -42.2857 -35.4819 24
      vertex -44.4306 -37.2817 24
      vertex -43.1024 -38.8096 24
    endloop
  endfacet
  facet normal 0 0 1
    outer loop
      vertex -45.7046 -35.7084 24
      vertex -43.4982 -33.9845 24
      vertex -44.6577 -32.4457 24
    endloop
  endfacet
  facet normal 0 0 1
    outer loop
      vertex -43.4982 -33.9845 24
      vertex -45.7046 -35.7084 24
      vertex -44.4306 -37.2817 24
    endloop
  endfacet
  facet normal 0 0 1
    outer loop
      vertex -46.923 -34.0915 24
      vertex -44.6577 -32.4457 24
      vertex -45.7629 -30.8674 24
    endloop
  endfacet
  facet normal 0 0 1
    outer loop
      vertex -48.0842 -32.4332 24
      vertex -45.7629 -30.8674 24
      vertex -46.8123 -29.2515 24
    endloop
  endfacet
  facet normal 0 0 1
    outer loop
      vertex -44.6577 -32.4457 24
      vertex -46.923 -34.0915 24
      vertex -45.7046 -35.7084 24
    endloop
  endfacet
  facet normal 0 0 1
    outer loop
      vertex -49.1868 -30.7353 24
      vertex -46.8123 -29.2515 24
      vertex -47.8046 -27.6 24
    endloop
  endfacet
  facet normal 0 0 1
    outer loop
      vertex -45.7629 -30.8674 24
      vertex -48.0842 -32.4332 24
      vertex -46.923 -34.0915 24
    endloop
  endfacet
  facet normal 0 0 1
    outer loop
      vertex -50.2295 -29 24
      vertex -47.8046 -27.6 24
      vertex -48.7387 -25.9148 24
    endloop
  endfacet
  facet normal 0 0 1
    outer loop
      vertex -46.8123 -29.2515 24
      vertex -49.1868 -30.7353 24
      vertex -48.0842 -32.4332 24
    endloop
  endfacet
  facet normal 0 0 1
    outer loop
      vertex -51.211 -27.2294 24
      vertex -48.7387 -25.9148 24
      vertex -49.6134 -24.1981 24
    endloop
  endfacet
  facet normal 0 0 1
    outer loop
      vertex -47.8046 -27.6 24
      vertex -50.2295 -29 24
      vertex -49.1868 -30.7353 24
    endloop
  endfacet
  facet normal 0 0 1
    outer loop
      vertex -52.1301 -25.4255 24
      vertex -49.6134 -24.1981 24
      vertex -50.4277 -22.4519 24
    endloop
  endfacet
  facet normal 0 0 1
    outer loop
      vertex -52.9856 -23.5907 24
      vertex -50.4277 -22.4519 24
      vertex -51.1805 -20.6783 24
    endloop
  endfacet
  facet normal 0 0 1
    outer loop
      vertex -48.7387 -25.9148 24
      vertex -51.211 -27.2294 24
      vertex -50.2295 -29 24
    endloop
  endfacet
  facet normal 0 0 1
    outer loop
      vertex -53.7767 -21.7272 24
      vertex -51.1805 -20.6783 24
      vertex -51.871 -18.8795 24
    endloop
  endfacet
  facet normal 0 0 1
    outer loop
      vertex -49.6134 -24.1981 24
      vertex -52.1301 -25.4255 24
      vertex -51.211 -27.2294 24
    endloop
  endfacet
  facet normal 0 0 1
    outer loop
      vertex -54.5022 -19.8372 24
      vertex -51.871 -18.8795 24
      vertex -52.4983 -17.0577 24
    endloop
  endfacet
  facet normal 0 0 1
    outer loop
      vertex -50.4277 -22.4519 24
      vertex -52.9856 -23.5907 24
      vertex -52.1301 -25.4255 24
    endloop
  endfacet
  facet normal 0 0 1
    outer loop
      vertex -55.1613 -17.923 24
      vertex -52.4983 -17.0577 24
      vertex -53.0616 -15.2152 24
    endloop
  endfacet
  facet normal 0 0 1
    outer loop
      vertex -55.7532 -15.987 24
      vertex -53.0616 -15.2152 24
      vertex -53.5603 -13.3541 24
    endloop
  endfacet
  facet normal 0 0 1
    outer loop
      vertex -51.1805 -20.6783 24
      vertex -53.7767 -21.7272 24
      vertex -52.9856 -23.5907 24
    endloop
  endfacet
  facet normal 0 0 1
    outer loop
      vertex -56.2772 -14.0315 24
      vertex -53.5603 -13.3541 24
      vertex -53.9937 -11.4767 24
    endloop
  endfacet
  facet normal 0 0 1
    outer loop
      vertex -56.7326 -12.0589 24
      vertex -53.9937 -11.4767 24
      vertex -54.3614 -9.58538 24
    endloop
  endfacet
  facet normal 0 0 1
    outer loop
      vertex -51.871 -18.8795 24
      vertex -54.5022 -19.8372 24
      vertex -53.7767 -21.7272 24
    endloop
  endfacet
  facet normal 0 0 1
    outer loop
      vertex -57.1189 -10.0716 24
      vertex -54.3614 -9.58538 24
      vertex -54.6628 -7.68235 24
    endloop
  endfacet
  facet normal 0 0 1
    outer loop
      vertex -57.4355 -8.07204 24
      vertex -54.6628 -7.68235 24
      vertex -54.8976 -5.76997 24
    endloop
  endfacet
  facet normal 0 0 1
    outer loop
      vertex -57.6823 -6.06265 24
      vertex -54.8976 -5.76997 24
      vertex -55.0655 -3.85056 24
    endloop
  endfacet
  facet normal 0 0 1
    outer loop
      vertex -52.4983 -17.0577 24
      vertex -55.1613 -17.923 24
      vertex -54.5022 -19.8372 24
    endloop
  endfacet
  facet normal 0 0 1
    outer loop
      vertex -57.8587 -4.04587 24
      vertex -55.0655 -3.85056 24
      vertex -55.1664 -1.92645 24
    endloop
  endfacet
  facet normal 0 0 1
    outer loop
      vertex -57.9647 -2.02417 24
      vertex -55.1664 -1.92645 24
      vertex -55.2 0 24
    endloop
  endfacet
  facet normal 0 0 1
    outer loop
      vertex -54.6628 7.68235 24
      vertex -57.4355 8.07204 24
      vertex -54.8976 5.76997 24
    endloop
  endfacet
  facet normal 0 0 1
    outer loop
      vertex -53.0616 -15.2152 24
      vertex -55.7532 -15.987 24
      vertex -55.1613 -17.923 24
    endloop
  endfacet
  facet normal -0 0 1
    outer loop
      vertex -57.6823 6.06265 24
      vertex -54.8976 5.76997 24
      vertex -57.4355 8.07204 24
    endloop
  endfacet
  facet normal 0 0 1
    outer loop
      vertex -53.5603 -13.3541 24
      vertex -56.2772 -14.0315 24
      vertex -55.7532 -15.987 24
    endloop
  endfacet
  facet normal 0 0 1
    outer loop
      vertex -54.8976 5.76997 24
      vertex -57.6823 6.06265 24
      vertex -55.0655 3.85056 24
    endloop
  endfacet
  facet normal 0 0 1
    outer loop
      vertex -53.9937 -11.4767 24
      vertex -56.7326 -12.0589 24
      vertex -56.2772 -14.0315 24
    endloop
  endfacet
  facet normal -0 0 1
    outer loop
      vertex -57.8587 4.04587 24
      vertex -55.0655 3.85056 24
      vertex -57.6823 6.06265 24
    endloop
  endfacet
  facet normal 0 0 1
    outer loop
      vertex -54.3614 -9.58538 24
      vertex -57.1189 -10.0716 24
      vertex -56.7326 -12.0589 24
    endloop
  endfacet
  facet normal 0 0 1
    outer loop
      vertex -55.0655 3.85056 24
      vertex -57.8587 4.04587 24
      vertex -55.1664 1.92645 24
    endloop
  endfacet
  facet normal 0 0 1
    outer loop
      vertex -54.6628 -7.68235 24
      vertex -57.4355 -8.07204 24
      vertex -57.1189 -10.0716 24
    endloop
  endfacet
  facet normal -0 0 1
    outer loop
      vertex -57.9647 2.02417 24
      vertex -55.1664 1.92645 24
      vertex -57.8587 4.04587 24
    endloop
  endfacet
  facet normal 0 0 1
    outer loop
      vertex -54.8976 -5.76997 24
      vertex -57.6823 -6.06265 24
      vertex -57.4355 -8.07204 24
    endloop
  endfacet
  facet normal 0 0 1
    outer loop
      vertex -55.1664 1.92645 24
      vertex -57.9647 2.02417 24
      vertex -55.2 0 24
    endloop
  endfacet
  facet normal 0 0 1
    outer loop
      vertex -55.0655 -3.85056 24
      vertex -57.8587 -4.04587 24
      vertex -57.6823 -6.06265 24
    endloop
  endfacet
  facet normal 0 0 1
    outer loop
      vertex -58 0 24
      vertex -55.2 0 24
      vertex -57.9647 2.02417 24
    endloop
  endfacet
  facet normal 0 0 1
    outer loop
      vertex -55.1664 -1.92645 24
      vertex -57.9647 -2.02417 24
      vertex -57.8587 -4.04587 24
    endloop
  endfacet
  facet normal 0 0 1
    outer loop
      vertex -55.2 0 24
      vertex -58 0 24
      vertex -57.9647 -2.02417 24
    endloop
  endfacet
  facet normal 0.999848 0.0174388 0
    outer loop
      vertex -55.1664 -1.92645 24
      vertex -55.2 0 21
      vertex -55.2 0 24
    endloop
  endfacet
  facet normal 0.999848 0.0174388 0
    outer loop
      vertex -55.2 0 21
      vertex -55.1664 -1.92645 24
      vertex -55.1664 -1.92645 21
    endloop
  endfacet
  facet normal 0 0 1
    outer loop
      vertex 50 0 21
      vertex 55.2 0 21
      vertex 55.1664 1.92645 21
    endloop
  endfacet
  facet normal 0 0 1
    outer loop
      vertex 49.9695 1.74497 21
      vertex 55.1664 1.92645 21
      vertex 55.0655 3.85056 21
    endloop
  endfacet
  facet normal 0 0 1
    outer loop
      vertex 55.2 0 21
      vertex 50 0 21
      vertex 55.1664 -1.92645 21
    endloop
  endfacet
  facet normal 0 0 1
    outer loop
      vertex 49.8782 3.48782 21
      vertex 55.0655 3.85056 21
      vertex 54.8976 5.76997 21
    endloop
  endfacet
  facet normal -0 0 1
    outer loop
      vertex 49.9695 -1.74497 21
      vertex 55.1664 -1.92645 21
      vertex 50 0 21
    endloop
  endfacet
  facet normal 0 0 1
    outer loop
      vertex 49.7261 5.22642 21
      vertex 54.8976 5.76997 21
      vertex 54.6628 7.68235 21
    endloop
  endfacet
  facet normal 0 0 1
    outer loop
      vertex 55.1664 -1.92645 21
      vertex 49.9695 -1.74497 21
      vertex 55.0655 -3.85056 21
    endloop
  endfacet
  facet normal 0 0 1
    outer loop
      vertex 49.5134 6.95865 21
      vertex 54.6628 7.68235 21
      vertex 54.3614 9.58538 21
    endloop
  endfacet
  facet normal -0 0 1
    outer loop
      vertex 49.8782 -3.48782 21
      vertex 55.0655 -3.85056 21
      vertex 49.9695 -1.74497 21
    endloop
  endfacet
  facet normal 0 0 1
    outer loop
      vertex 49.2404 8.68241 21
      vertex 54.3614 9.58538 21
      vertex 53.9937 11.4767 21
    endloop
  endfacet
  facet normal 0 0 1
    outer loop
      vertex 55.0655 -3.85056 21
      vertex 49.8782 -3.48782 21
      vertex 54.8976 -5.76997 21
    endloop
  endfacet
  facet normal 0 0 1
    outer loop
      vertex 48.9074 10.3956 21
      vertex 53.9937 11.4767 21
      vertex 53.5603 13.3541 21
    endloop
  endfacet
  facet normal -0 0 1
    outer loop
      vertex 49.7261 -5.22642 21
      vertex 54.8976 -5.76997 21
      vertex 49.8782 -3.48782 21
    endloop
  endfacet
  facet normal 0 0 1
    outer loop
      vertex 48.5148 12.0961 21
      vertex 53.5603 13.3541 21
      vertex 53.0616 15.2152 21
    endloop
  endfacet
  facet normal 0 0 1
    outer loop
      vertex 54.8976 -5.76997 21
      vertex 49.7261 -5.22642 21
      vertex 54.6628 -7.68235 21
    endloop
  endfacet
  facet normal 0 0 1
    outer loop
      vertex 48.0631 13.7819 21
      vertex 53.0616 15.2152 21
      vertex 52.4983 17.0577 21
    endloop
  endfacet
  facet normal -0 0 1
    outer loop
      vertex 49.5134 -6.95865 21
      vertex 54.6628 -7.68235 21
      vertex 49.7261 -5.22642 21
    endloop
  endfacet
  facet normal 0 0 1
    outer loop
      vertex 47.5528 15.4508 21
      vertex 52.4983 17.0577 21
      vertex 51.871 18.8795 21
    endloop
  endfacet
  facet normal 0 0 1
    outer loop
      vertex 54.6628 -7.68235 21
      vertex 49.5134 -6.95865 21
      vertex 54.3614 -9.58538 21
    endloop
  endfacet
  facet normal 0 0 1
    outer loop
      vertex 46.9846 17.101 21
      vertex 51.871 18.8795 21
      vertex 51.1805 20.6783 21
    endloop
  endfacet
  facet normal -0 0 1
    outer loop
      vertex 49.2404 -8.68241 21
      vertex 54.3614 -9.58538 21
      vertex 49.5134 -6.95865 21
    endloop
  endfacet
  facet normal 0 0 1
    outer loop
      vertex 46.3592 18.7303 21
      vertex 51.1805 20.6783 21
      vertex 50.4277 22.4519 21
    endloop
  endfacet
  facet normal 0 0 1
    outer loop
      vertex 54.3614 -9.58538 21
      vertex 49.2404 -8.68241 21
      vertex 53.9937 -11.4767 21
    endloop
  endfacet
  facet normal -0 0 1
    outer loop
      vertex 48.9074 -10.3956 21
      vertex 53.9937 -11.4767 21
      vertex 49.2404 -8.68241 21
    endloop
  endfacet
  facet normal 0 0 1
    outer loop
      vertex 55.1664 1.92645 21
      vertex 49.9695 1.74497 21
      vertex 50 0 21
    endloop
  endfacet
  facet normal 0 0 1
    outer loop
      vertex 55.0655 3.85056 21
      vertex 49.8782 3.48782 21
      vertex 49.9695 1.74497 21
    endloop
  endfacet
  facet normal 0 0 1
    outer loop
      vertex 54.8976 5.76997 21
      vertex 49.7261 5.22642 21
      vertex 49.8782 3.48782 21
    endloop
  endfacet
  facet normal 0 0 1
    outer loop
      vertex 45.6773 20.3368 21
      vertex 50.4277 22.4519 21
      vertex 49.6134 24.1981 21
    endloop
  endfacet
  facet normal 0 0 1
    outer loop
      vertex 54.6628 7.68235 21
      vertex 49.5134 6.95865 21
      vertex 49.7261 5.22642 21
    endloop
  endfacet
  facet normal 0 0 1
    outer loop
      vertex 54.3614 9.58538 21
      vertex 49.2404 8.68241 21
      vertex 49.5134 6.95865 21
    endloop
  endfacet
  facet normal 0 0 1
    outer loop
      vertex 53.9937 11.4767 21
      vertex 48.9074 10.3956 21
      vertex 49.2404 8.68241 21
    endloop
  endfacet
  facet normal 0 0 1
    outer loop
      vertex 44.9397 21.9186 21
      vertex 49.6134 24.1981 21
      vertex 48.7387 25.9148 21
    endloop
  endfacet
  facet normal 0 0 1
    outer loop
      vertex 53.5603 13.3541 21
      vertex 48.5148 12.0961 21
      vertex 48.9074 10.3956 21
    endloop
  endfacet
  facet normal 0 0 1
    outer loop
      vertex 53.0616 15.2152 21
      vertex 48.0631 13.7819 21
      vertex 48.5148 12.0961 21
    endloop
  endfacet
  facet normal 0 0 1
    outer loop
      vertex 44.1474 23.4736 21
      vertex 48.7387 25.9148 21
      vertex 47.8046 27.6 21
    endloop
  endfacet
  facet normal 0 0 1
    outer loop
      vertex 52.4983 17.0577 21
      vertex 47.5528 15.4508 21
      vertex 48.0631 13.7819 21
    endloop
  endfacet
  facet normal 0 0 1
    outer loop
      vertex 51.871 18.8795 21
      vertex 46.9846 17.101 21
      vertex 47.5528 15.4508 21
    endloop
  endfacet
  facet normal 0 0 1
    outer loop
      vertex 43.3013 25 21
      vertex 47.8046 27.6 21
      vertex 46.8123 29.2515 21
    endloop
  endfacet
  facet normal 0 0 1
    outer loop
      vertex 51.1805 20.6783 21
      vertex 46.3592 18.7303 21
      vertex 46.9846 17.101 21
    endloop
  endfacet
  facet normal 0 0 1
    outer loop
      vertex 42.4024 26.496 21
      vertex 46.8123 29.2515 21
      vertex 45.7629 30.8674 21
    endloop
  endfacet
  facet normal 0 0 1
    outer loop
      vertex 50.4277 22.4519 21
      vertex 45.6773 20.3368 21
      vertex 46.3592 18.7303 21
    endloop
  endfacet
  facet normal 0 0 1
    outer loop
      vertex 49.6134 24.1981 21
      vertex 44.9397 21.9186 21
      vertex 45.6773 20.3368 21
    endloop
  endfacet
  facet normal 0 0 1
    outer loop
      vertex 41.4519 27.9596 21
      vertex 45.7629 30.8674 21
      vertex 44.6577 32.4457 21
    endloop
  endfacet
  facet normal 0 0 1
    outer loop
      vertex 48.7387 25.9148 21
      vertex 44.1474 23.4736 21
      vertex 44.9397 21.9186 21
    endloop
  endfacet
  facet normal 0 0 1
    outer loop
      vertex 40.4509 29.3893 21
      vertex 44.6577 32.4457 21
      vertex 43.4982 33.9845 21
    endloop
  endfacet
  facet normal 0 0 1
    outer loop
      vertex 47.8046 27.6 21
      vertex 43.3013 25 21
      vertex 44.1474 23.4736 21
    endloop
  endfacet
  facet normal 0 0 1
    outer loop
      vertex 46.8123 29.2515 21
      vertex 42.4024 26.496 21
      vertex 43.3013 25 21
    endloop
  endfacet
  facet normal 0 0 1
    outer loop
      vertex 39.4005 30.7831 21
      vertex 43.4982 33.9845 21
      vertex 42.2857 35.4819 21
    endloop
  endfacet
  facet normal 0 0 1
    outer loop
      vertex 45.7629 30.8674 21
      vertex 41.4519 27.9596 21
      vertex 42.4024 26.496 21
    endloop
  endfacet
  facet normal 0 0 1
    outer loop
      vertex 38.3022 32.1394 21
      vertex 42.2857 35.4819 21
      vertex 41.0216 36.936 21
    endloop
  endfacet
  facet normal 0 0 1
    outer loop
      vertex 44.6577 32.4457 21
      vertex 40.4509 29.3893 21
      vertex 41.4519 27.9596 21
    endloop
  endfacet
  facet normal 0 0 1
    outer loop
      vertex 37.1572 33.4565 21
      vertex 41.0216 36.936 21
      vertex 39.7076 38.3451 21
    endloop
  endfacet
  facet normal 0 0 1
    outer loop
      vertex 43.4982 33.9845 21
      vertex 39.4005 30.7831 21
      vertex 40.4509 29.3893 21
    endloop
  endfacet
  facet normal 0 0 1
    outer loop
      vertex 35.967 34.7329 21
      vertex 39.7076 38.3451 21
      vertex 38.3451 39.7076 21
    endloop
  endfacet
  facet normal 0 0 1
    outer loop
      vertex 42.2857 35.4819 21
      vertex 38.3022 32.1394 21
      vertex 39.4005 30.7831 21
    endloop
  endfacet
  facet normal 0 0 1
    outer loop
      vertex 41.0216 36.936 21
      vertex 37.1572 33.4565 21
      vertex 38.3022 32.1394 21
    endloop
  endfacet
  facet normal 0 0 1
    outer loop
      vertex 34.7329 35.967 21
      vertex 38.3451 39.7076 21
      vertex 36.936 41.0216 21
    endloop
  endfacet
  facet normal 0 0 1
    outer loop
      vertex 39.7076 38.3451 21
      vertex 35.967 34.7329 21
      vertex 37.1572 33.4565 21
    endloop
  endfacet
  facet normal 0 0 1
    outer loop
      vertex 33.4565 37.1572 21
      vertex 36.936 41.0216 21
      vertex 35.4819 42.2857 21
    endloop
  endfacet
  facet normal 0 0 1
    outer loop
      vertex 38.3451 39.7076 21
      vertex 34.7329 35.967 21
      vertex 35.967 34.7329 21
    endloop
  endfacet
  facet normal 0 0 1
    outer loop
      vertex 32.1394 38.3022 21
      vertex 35.4819 42.2857 21
      vertex 33.9845 43.4982 21
    endloop
  endfacet
  facet normal 0 0 1
    outer loop
      vertex 36.936 41.0216 21
      vertex 33.4565 37.1572 21
      vertex 34.7329 35.967 21
    endloop
  endfacet
  facet normal 0 0 1
    outer loop
      vertex 30.7831 39.4005 21
      vertex 33.9845 43.4982 21
      vertex 32.4457 44.6577 21
    endloop
  endfacet
  facet normal 0 0 1
    outer loop
      vertex 35.4819 42.2857 21
      vertex 32.1394 38.3022 21
      vertex 33.4565 37.1572 21
    endloop
  endfacet
  facet normal 0 0 1
    outer loop
      vertex 29.3893 40.4509 21
      vertex 32.4457 44.6577 21
      vertex 30.8674 45.7629 21
    endloop
  endfacet
  facet normal 0 0 1
    outer loop
      vertex 33.9845 43.4982 21
      vertex 30.7831 39.4005 21
      vertex 32.1394 38.3022 21
    endloop
  endfacet
  facet normal 0 0 1
    outer loop
      vertex 32.4457 44.6577 21
      vertex 29.3893 40.4509 21
      vertex 30.7831 39.4005 21
    endloop
  endfacet
  facet normal 0 0 1
    outer loop
      vertex 27.9596 41.4519 21
      vertex 30.8674 45.7629 21
      vertex 29.2515 46.8123 21
    endloop
  endfacet
  facet normal 0 0 1
    outer loop
      vertex 30.8674 45.7629 21
      vertex 27.9596 41.4519 21
      vertex 29.3893 40.4509 21
    endloop
  endfacet
  facet normal 0 0 1
    outer loop
      vertex 26.496 42.4024 21
      vertex 29.2515 46.8123 21
      vertex 27.6 47.8046 21
    endloop
  endfacet
  facet normal 0 0 1
    outer loop
      vertex 29.2515 46.8123 21
      vertex 26.496 42.4024 21
      vertex 27.9596 41.4519 21
    endloop
  endfacet
  facet normal 0 0 1
    outer loop
      vertex 25 43.3013 21
      vertex 27.6 47.8046 21
      vertex 25.9148 48.7387 21
    endloop
  endfacet
  facet normal 0 0 1
    outer loop
      vertex 27.6 47.8046 21
      vertex 25 43.3013 21
      vertex 26.496 42.4024 21
    endloop
  endfacet
  facet normal 0 0 1
    outer loop
      vertex 23.4736 44.1474 21
      vertex 25.9148 48.7387 21
      vertex 24.1981 49.6134 21
    endloop
  endfacet
  facet normal 0 0 1
    outer loop
      vertex 25.9148 48.7387 21
      vertex 23.4736 44.1474 21
      vertex 25 43.3013 21
    endloop
  endfacet
  facet normal 0 0 1
    outer loop
      vertex 21.9186 44.9397 21
      vertex 24.1981 49.6134 21
      vertex 22.4519 50.4277 21
    endloop
  endfacet
  facet normal 0 0 1
    outer loop
      vertex 24.1981 49.6134 21
      vertex 21.9186 44.9397 21
      vertex 23.4736 44.1474 21
    endloop
  endfacet
  facet normal 0 0 1
    outer loop
      vertex 20.3368 45.6773 21
      vertex 22.4519 50.4277 21
      vertex 20.6783 51.1805 21
    endloop
  endfacet
  facet normal 0 0 1
    outer loop
      vertex 22.4519 50.4277 21
      vertex 20.3368 45.6773 21
      vertex 21.9186 44.9397 21
    endloop
  endfacet
  facet normal 0 0 1
    outer loop
      vertex 18.7303 46.3592 21
      vertex 20.6783 51.1805 21
      vertex 18.8795 51.871 21
    endloop
  endfacet
  facet normal 0 0 1
    outer loop
      vertex 20.6783 51.1805 21
      vertex 18.7303 46.3592 21
      vertex 20.3368 45.6773 21
    endloop
  endfacet
  facet normal 0 0 1
    outer loop
      vertex 18.8795 51.871 21
      vertex 17.101 46.9846 21
      vertex 18.7303 46.3592 21
    endloop
  endfacet
  facet normal 0 0 1
    outer loop
      vertex 17.0577 52.4983 21
      vertex 17.101 46.9846 21
      vertex 18.8795 51.871 21
    endloop
  endfacet
  facet normal 0 0 1
    outer loop
      vertex 17.0577 52.4983 21
      vertex 15.4508 47.5528 21
      vertex 17.101 46.9846 21
    endloop
  endfacet
  facet normal 0 0 1
    outer loop
      vertex 15.2152 53.0616 21
      vertex 15.4508 47.5528 21
      vertex 17.0577 52.4983 21
    endloop
  endfacet
  facet normal 0 0 1
    outer loop
      vertex 15.2152 53.0616 21
      vertex 13.7819 48.0631 21
      vertex 15.4508 47.5528 21
    endloop
  endfacet
  facet normal 0 0 1
    outer loop
      vertex 13.3541 53.5603 21
      vertex 13.7819 48.0631 21
      vertex 15.2152 53.0616 21
    endloop
  endfacet
  facet normal 0 0 1
    outer loop
      vertex 13.3541 53.5603 21
      vertex 12.0961 48.5148 21
      vertex 13.7819 48.0631 21
    endloop
  endfacet
  facet normal 0 0 1
    outer loop
      vertex 11.4767 53.9937 21
      vertex 12.0961 48.5148 21
      vertex 13.3541 53.5603 21
    endloop
  endfacet
  facet normal 0 0 1
    outer loop
      vertex 11.4767 53.9937 21
      vertex 10.3956 48.9074 21
      vertex 12.0961 48.5148 21
    endloop
  endfacet
  facet normal 0 0 1
    outer loop
      vertex 9.58538 54.3614 21
      vertex 10.3956 48.9074 21
      vertex 11.4767 53.9937 21
    endloop
  endfacet
  facet normal 0 0 1
    outer loop
      vertex 9.58538 54.3614 21
      vertex 8.68241 49.2404 21
      vertex 10.3956 48.9074 21
    endloop
  endfacet
  facet normal 0 0 1
    outer loop
      vertex 7.68235 54.6628 21
      vertex 8.68241 49.2404 21
      vertex 9.58538 54.3614 21
    endloop
  endfacet
  facet normal 0 0 1
    outer loop
      vertex 7.68235 54.6628 21
      vertex 6.95865 49.5134 21
      vertex 8.68241 49.2404 21
    endloop
  endfacet
  facet normal 0 0 1
    outer loop
      vertex 5.76997 54.8976 21
      vertex 6.95865 49.5134 21
      vertex 7.68235 54.6628 21
    endloop
  endfacet
  facet normal 0 0 1
    outer loop
      vertex 5.76997 54.8976 21
      vertex 5.22642 49.7261 21
      vertex 6.95865 49.5134 21
    endloop
  endfacet
  facet normal 0 0 1
    outer loop
      vertex 3.85056 55.0655 21
      vertex 5.22642 49.7261 21
      vertex 5.76997 54.8976 21
    endloop
  endfacet
  facet normal 0 0 1
    outer loop
      vertex 3.85056 55.0655 21
      vertex 3.48782 49.8782 21
      vertex 5.22642 49.7261 21
    endloop
  endfacet
  facet normal 0 0 1
    outer loop
      vertex 1.92645 55.1664 21
      vertex 3.48782 49.8782 21
      vertex 3.85056 55.0655 21
    endloop
  endfacet
  facet normal 0 0 1
    outer loop
      vertex 1.92645 55.1664 21
      vertex 1.74497 49.9695 21
      vertex 3.48782 49.8782 21
    endloop
  endfacet
  facet normal 0 0 1
    outer loop
      vertex 0 55.2 21
      vertex 1.74497 49.9695 21
      vertex 1.92645 55.1664 21
    endloop
  endfacet
  facet normal 0 0 1
    outer loop
      vertex 0 55.2 21
      vertex 0 50 21
      vertex 1.74497 49.9695 21
    endloop
  endfacet
  facet normal 0 0 1
    outer loop
      vertex 0 55.2 21
      vertex -1.74497 49.9695 21
      vertex 0 50 21
    endloop
  endfacet
  facet normal -0 0 1
    outer loop
      vertex -1.92645 55.1664 21
      vertex -1.74497 49.9695 21
      vertex 0 55.2 21
    endloop
  endfacet
  facet normal 0 0 1
    outer loop
      vertex -1.92645 55.1664 21
      vertex -3.48782 49.8782 21
      vertex -1.74497 49.9695 21
    endloop
  endfacet
  facet normal -0 0 1
    outer loop
      vertex -3.85056 55.0655 21
      vertex -3.48782 49.8782 21
      vertex -1.92645 55.1664 21
    endloop
  endfacet
  facet normal 0 0 1
    outer loop
      vertex -3.85056 55.0655 21
      vertex -5.22642 49.7261 21
      vertex -3.48782 49.8782 21
    endloop
  endfacet
  facet normal -0 0 1
    outer loop
      vertex -5.76997 54.8976 21
      vertex -5.22642 49.7261 21
      vertex -3.85056 55.0655 21
    endloop
  endfacet
  facet normal 0 0 1
    outer loop
      vertex -5.76997 54.8976 21
      vertex -6.95865 49.5134 21
      vertex -5.22642 49.7261 21
    endloop
  endfacet
  facet normal -0 0 1
    outer loop
      vertex -7.68235 54.6628 21
      vertex -6.95865 49.5134 21
      vertex -5.76997 54.8976 21
    endloop
  endfacet
  facet normal 0 0 1
    outer loop
      vertex -7.68235 54.6628 21
      vertex -8.68241 49.2404 21
      vertex -6.95865 49.5134 21
    endloop
  endfacet
  facet normal -0 0 1
    outer loop
      vertex -9.58538 54.3614 21
      vertex -8.68241 49.2404 21
      vertex -7.68235 54.6628 21
    endloop
  endfacet
  facet normal 0 0 1
    outer loop
      vertex -9.58538 54.3614 21
      vertex -10.3956 48.9074 21
      vertex -8.68241 49.2404 21
    endloop
  endfacet
  facet normal -0 0 1
    outer loop
      vertex -11.4767 53.9937 21
      vertex -10.3956 48.9074 21
      vertex -9.58538 54.3614 21
    endloop
  endfacet
  facet normal 0 0 1
    outer loop
      vertex -11.4767 53.9937 21
      vertex -12.0961 48.5148 21
      vertex -10.3956 48.9074 21
    endloop
  endfacet
  facet normal -0 0 1
    outer loop
      vertex -13.3541 53.5603 21
      vertex -12.0961 48.5148 21
      vertex -11.4767 53.9937 21
    endloop
  endfacet
  facet normal 0 0 1
    outer loop
      vertex -13.3541 53.5603 21
      vertex -13.7819 48.0631 21
      vertex -12.0961 48.5148 21
    endloop
  endfacet
  facet normal -0 0 1
    outer loop
      vertex -15.2152 53.0616 21
      vertex -13.7819 48.0631 21
      vertex -13.3541 53.5603 21
    endloop
  endfacet
  facet normal 0 0 1
    outer loop
      vertex -15.2152 53.0616 21
      vertex -15.4508 47.5528 21
      vertex -13.7819 48.0631 21
    endloop
  endfacet
  facet normal -0 0 1
    outer loop
      vertex -17.0577 52.4983 21
      vertex -15.4508 47.5528 21
      vertex -15.2152 53.0616 21
    endloop
  endfacet
  facet normal 0 0 1
    outer loop
      vertex -17.0577 52.4983 21
      vertex -17.101 46.9846 21
      vertex -15.4508 47.5528 21
    endloop
  endfacet
  facet normal -0 0 1
    outer loop
      vertex -18.8795 51.871 21
      vertex -17.101 46.9846 21
      vertex -17.0577 52.4983 21
    endloop
  endfacet
  facet normal 0 0 1
    outer loop
      vertex -17.101 46.9846 21
      vertex -18.8795 51.871 21
      vertex -18.7303 46.3592 21
    endloop
  endfacet
  facet normal -0 0 1
    outer loop
      vertex -20.6783 51.1805 21
      vertex -18.7303 46.3592 21
      vertex -18.8795 51.871 21
    endloop
  endfacet
  facet normal 0 0 1
    outer loop
      vertex -18.7303 46.3592 21
      vertex -20.6783 51.1805 21
      vertex -20.3368 45.6773 21
    endloop
  endfacet
  facet normal -0 0 1
    outer loop
      vertex -22.4519 50.4277 21
      vertex -20.3368 45.6773 21
      vertex -20.6783 51.1805 21
    endloop
  endfacet
  facet normal 0 0 1
    outer loop
      vertex -20.3368 45.6773 21
      vertex -22.4519 50.4277 21
      vertex -21.9186 44.9397 21
    endloop
  endfacet
  facet normal -0 0 1
    outer loop
      vertex -24.1981 49.6134 21
      vertex -21.9186 44.9397 21
      vertex -22.4519 50.4277 21
    endloop
  endfacet
  facet normal 0 0 1
    outer loop
      vertex -21.9186 44.9397 21
      vertex -24.1981 49.6134 21
      vertex -23.4736 44.1474 21
    endloop
  endfacet
  facet normal -0 0 1
    outer loop
      vertex -25.9148 48.7387 21
      vertex -23.4736 44.1474 21
      vertex -24.1981 49.6134 21
    endloop
  endfacet
  facet normal 0 0 1
    outer loop
      vertex -23.4736 44.1474 21
      vertex -25.9148 48.7387 21
      vertex -25 43.3013 21
    endloop
  endfacet
  facet normal -0 0 1
    outer loop
      vertex -27.6 47.8046 21
      vertex -25 43.3013 21
      vertex -25.9148 48.7387 21
    endloop
  endfacet
  facet normal 0 0 1
    outer loop
      vertex -25 43.3013 21
      vertex -27.6 47.8046 21
      vertex -26.496 42.4024 21
    endloop
  endfacet
  facet normal -0 0 1
    outer loop
      vertex -29.2515 46.8123 21
      vertex -26.496 42.4024 21
      vertex -27.6 47.8046 21
    endloop
  endfacet
  facet normal 0 0 1
    outer loop
      vertex -26.496 42.4024 21
      vertex -29.2515 46.8123 21
      vertex -27.9596 41.4519 21
    endloop
  endfacet
  facet normal -0 0 1
    outer loop
      vertex -30.8674 45.7629 21
      vertex -27.9596 41.4519 21
      vertex -29.2515 46.8123 21
    endloop
  endfacet
  facet normal 0 0 1
    outer loop
      vertex -27.9596 41.4519 21
      vertex -30.8674 45.7629 21
      vertex -29.3893 40.4509 21
    endloop
  endfacet
  facet normal -0 0 1
    outer loop
      vertex -32.4457 44.6577 21
      vertex -29.3893 40.4509 21
      vertex -30.8674 45.7629 21
    endloop
  endfacet
  facet normal 0 0 1
    outer loop
      vertex -29.3893 40.4509 21
      vertex -32.4457 44.6577 21
      vertex -30.7831 39.4005 21
    endloop
  endfacet
  facet normal -0 0 1
    outer loop
      vertex -33.9845 43.4982 21
      vertex -30.7831 39.4005 21
      vertex -32.4457 44.6577 21
    endloop
  endfacet
  facet normal 0 0 1
    outer loop
      vertex -30.7831 39.4005 21
      vertex -33.9845 43.4982 21
      vertex -32.1394 38.3022 21
    endloop
  endfacet
  facet normal -0 0 1
    outer loop
      vertex -35.4819 42.2857 21
      vertex -32.1394 38.3022 21
      vertex -33.9845 43.4982 21
    endloop
  endfacet
  facet normal 0 0 1
    outer loop
      vertex -32.1394 38.3022 21
      vertex -35.4819 42.2857 21
      vertex -33.4565 37.1572 21
    endloop
  endfacet
  facet normal -0 0 1
    outer loop
      vertex -36.936 41.0216 21
      vertex -33.4565 37.1572 21
      vertex -35.4819 42.2857 21
    endloop
  endfacet
  facet normal 0 0 1
    outer loop
      vertex -33.4565 37.1572 21
      vertex -36.936 41.0216 21
      vertex -34.7329 35.967 21
    endloop
  endfacet
  facet normal -0 0 1
    outer loop
      vertex -38.3451 39.7076 21
      vertex -34.7329 35.967 21
      vertex -36.936 41.0216 21
    endloop
  endfacet
  facet normal 0 0 1
    outer loop
      vertex -34.7329 35.967 21
      vertex -38.3451 39.7076 21
      vertex -35.967 34.7329 21
    endloop
  endfacet
  facet normal -0 0 1
    outer loop
      vertex -39.7076 38.3451 21
      vertex -35.967 34.7329 21
      vertex -38.3451 39.7076 21
    endloop
  endfacet
  facet normal 0 0 1
    outer loop
      vertex -35.967 34.7329 21
      vertex -39.7076 38.3451 21
      vertex -37.1572 33.4565 21
    endloop
  endfacet
  facet normal -0 0 1
    outer loop
      vertex -41.0216 36.936 21
      vertex -37.1572 33.4565 21
      vertex -39.7076 38.3451 21
    endloop
  endfacet
  facet normal 0 0 1
    outer loop
      vertex -37.1572 33.4565 21
      vertex -41.0216 36.936 21
      vertex -38.3022 32.1394 21
    endloop
  endfacet
  facet normal -0 0 1
    outer loop
      vertex -42.2857 35.4819 21
      vertex -38.3022 32.1394 21
      vertex -41.0216 36.936 21
    endloop
  endfacet
  facet normal 0 0 1
    outer loop
      vertex -38.3022 32.1394 21
      vertex -42.2857 35.4819 21
      vertex -39.4005 30.7831 21
    endloop
  endfacet
  facet normal -0 0 1
    outer loop
      vertex -43.4982 33.9845 21
      vertex -39.4005 30.7831 21
      vertex -42.2857 35.4819 21
    endloop
  endfacet
  facet normal 0 0 1
    outer loop
      vertex -39.4005 30.7831 21
      vertex -43.4982 33.9845 21
      vertex -40.4509 29.3893 21
    endloop
  endfacet
  facet normal -0 0 1
    outer loop
      vertex -44.6577 32.4457 21
      vertex -40.4509 29.3893 21
      vertex -43.4982 33.9845 21
    endloop
  endfacet
  facet normal 0 0 1
    outer loop
      vertex -40.4509 29.3893 21
      vertex -44.6577 32.4457 21
      vertex -41.4519 27.9596 21
    endloop
  endfacet
  facet normal -0 0 1
    outer loop
      vertex -45.7629 30.8674 21
      vertex -41.4519 27.9596 21
      vertex -44.6577 32.4457 21
    endloop
  endfacet
  facet normal 0 0 1
    outer loop
      vertex -41.4519 27.9596 21
      vertex -45.7629 30.8674 21
      vertex -42.4024 26.496 21
    endloop
  endfacet
  facet normal -0 0 1
    outer loop
      vertex -46.8123 29.2515 21
      vertex -42.4024 26.496 21
      vertex -45.7629 30.8674 21
    endloop
  endfacet
  facet normal 0 0 1
    outer loop
      vertex -42.4024 26.496 21
      vertex -46.8123 29.2515 21
      vertex -43.3013 25 21
    endloop
  endfacet
  facet normal -0 0 1
    outer loop
      vertex -47.8046 27.6 21
      vertex -43.3013 25 21
      vertex -46.8123 29.2515 21
    endloop
  endfacet
  facet normal 0 0 1
    outer loop
      vertex -43.3013 25 21
      vertex -47.8046 27.6 21
      vertex -44.1474 23.4736 21
    endloop
  endfacet
  facet normal -0 0 1
    outer loop
      vertex -48.7387 25.9148 21
      vertex -44.1474 23.4736 21
      vertex -47.8046 27.6 21
    endloop
  endfacet
  facet normal 0 0 1
    outer loop
      vertex -44.1474 23.4736 21
      vertex -48.7387 25.9148 21
      vertex -44.9397 21.9186 21
    endloop
  endfacet
  facet normal -0 0 1
    outer loop
      vertex -49.6134 24.1981 21
      vertex -44.9397 21.9186 21
      vertex -48.7387 25.9148 21
    endloop
  endfacet
  facet normal 0 0 1
    outer loop
      vertex -44.9397 21.9186 21
      vertex -49.6134 24.1981 21
      vertex -45.6773 20.3368 21
    endloop
  endfacet
  facet normal -0 0 1
    outer loop
      vertex -50.4277 22.4519 21
      vertex -45.6773 20.3368 21
      vertex -49.6134 24.1981 21
    endloop
  endfacet
  facet normal 0 0 1
    outer loop
      vertex -45.6773 20.3368 21
      vertex -50.4277 22.4519 21
      vertex -46.3592 18.7303 21
    endloop
  endfacet
  facet normal -0 0 1
    outer loop
      vertex -51.1805 20.6783 21
      vertex -46.3592 18.7303 21
      vertex -50.4277 22.4519 21
    endloop
  endfacet
  facet normal 0 0 1
    outer loop
      vertex -46.3592 18.7303 21
      vertex -51.1805 20.6783 21
      vertex -46.9846 17.101 21
    endloop
  endfacet
  facet normal -0 0 1
    outer loop
      vertex -51.871 18.8795 21
      vertex -46.9846 17.101 21
      vertex -51.1805 20.6783 21
    endloop
  endfacet
  facet normal 0 0 1
    outer loop
      vertex -46.9846 17.101 21
      vertex -51.871 18.8795 21
      vertex -47.5528 15.4508 21
    endloop
  endfacet
  facet normal -0 0 1
    outer loop
      vertex -52.4983 17.0577 21
      vertex -47.5528 15.4508 21
      vertex -51.871 18.8795 21
    endloop
  endfacet
  facet normal 0 0 1
    outer loop
      vertex -47.5528 15.4508 21
      vertex -52.4983 17.0577 21
      vertex -48.0631 13.7819 21
    endloop
  endfacet
  facet normal -0 0 1
    outer loop
      vertex -53.0616 15.2152 21
      vertex -48.0631 13.7819 21
      vertex -52.4983 17.0577 21
    endloop
  endfacet
  facet normal 0 0 1
    outer loop
      vertex -48.0631 13.7819 21
      vertex -53.0616 15.2152 21
      vertex -48.5148 12.0961 21
    endloop
  endfacet
  facet normal -0 0 1
    outer loop
      vertex -53.5603 13.3541 21
      vertex -48.5148 12.0961 21
      vertex -53.0616 15.2152 21
    endloop
  endfacet
  facet normal 0 0 1
    outer loop
      vertex -48.5148 12.0961 21
      vertex -53.5603 13.3541 21
      vertex -48.9074 10.3956 21
    endloop
  endfacet
  facet normal -0 0 1
    outer loop
      vertex -53.9937 11.4767 21
      vertex -48.9074 10.3956 21
      vertex -53.5603 13.3541 21
    endloop
  endfacet
  facet normal 0 0 1
    outer loop
      vertex 53.9937 -11.4767 21
      vertex 48.9074 -10.3956 21
      vertex 53.5603 -13.3541 21
    endloop
  endfacet
  facet normal -0 0 1
    outer loop
      vertex 48.5148 -12.0961 21
      vertex 53.5603 -13.3541 21
      vertex 48.9074 -10.3956 21
    endloop
  endfacet
  facet normal 0 0 1
    outer loop
      vertex 53.5603 -13.3541 21
      vertex 48.5148 -12.0961 21
      vertex 53.0616 -15.2152 21
    endloop
  endfacet
  facet normal -0 0 1
    outer loop
      vertex 48.0631 -13.7819 21
      vertex 53.0616 -15.2152 21
      vertex 48.5148 -12.0961 21
    endloop
  endfacet
  facet normal 0 0 1
    outer loop
      vertex 53.0616 -15.2152 21
      vertex 48.0631 -13.7819 21
      vertex 52.4983 -17.0577 21
    endloop
  endfacet
  facet normal -0 0 1
    outer loop
      vertex 47.5528 -15.4508 21
      vertex 52.4983 -17.0577 21
      vertex 48.0631 -13.7819 21
    endloop
  endfacet
  facet normal 0 0 1
    outer loop
      vertex 52.4983 -17.0577 21
      vertex 47.5528 -15.4508 21
      vertex 51.871 -18.8795 21
    endloop
  endfacet
  facet normal -0 0 1
    outer loop
      vertex 46.9846 -17.101 21
      vertex 51.871 -18.8795 21
      vertex 47.5528 -15.4508 21
    endloop
  endfacet
  facet normal 0 0 1
    outer loop
      vertex 51.871 -18.8795 21
      vertex 46.9846 -17.101 21
      vertex 51.1805 -20.6783 21
    endloop
  endfacet
  facet normal -0 0 1
    outer loop
      vertex 46.3592 -18.7303 21
      vertex 51.1805 -20.6783 21
      vertex 46.9846 -17.101 21
    endloop
  endfacet
  facet normal 0 0 1
    outer loop
      vertex 51.1805 -20.6783 21
      vertex 46.3592 -18.7303 21
      vertex 50.4277 -22.4519 21
    endloop
  endfacet
  facet normal -0 0 1
    outer loop
      vertex 45.6773 -20.3368 21
      vertex 50.4277 -22.4519 21
      vertex 46.3592 -18.7303 21
    endloop
  endfacet
  facet normal 0 0 1
    outer loop
      vertex 50.4277 -22.4519 21
      vertex 45.6773 -20.3368 21
      vertex 49.6134 -24.1981 21
    endloop
  endfacet
  facet normal -0 0 1
    outer loop
      vertex 44.9397 -21.9186 21
      vertex 49.6134 -24.1981 21
      vertex 45.6773 -20.3368 21
    endloop
  endfacet
  facet normal 0 0 1
    outer loop
      vertex 49.6134 -24.1981 21
      vertex 44.9397 -21.9186 21
      vertex 48.7387 -25.9148 21
    endloop
  endfacet
  facet normal -0 0 1
    outer loop
      vertex 44.1474 -23.4736 21
      vertex 48.7387 -25.9148 21
      vertex 44.9397 -21.9186 21
    endloop
  endfacet
  facet normal 0 0 1
    outer loop
      vertex 48.7387 -25.9148 21
      vertex 44.1474 -23.4736 21
      vertex 47.8046 -27.6 21
    endloop
  endfacet
  facet normal -0 0 1
    outer loop
      vertex 43.3013 -25 21
      vertex 47.8046 -27.6 21
      vertex 44.1474 -23.4736 21
    endloop
  endfacet
  facet normal 0 0 1
    outer loop
      vertex 47.8046 -27.6 21
      vertex 43.3013 -25 21
      vertex 46.8123 -29.2515 21
    endloop
  endfacet
  facet normal -0 0 1
    outer loop
      vertex 42.4024 -26.496 21
      vertex 46.8123 -29.2515 21
      vertex 43.3013 -25 21
    endloop
  endfacet
  facet normal 0 0 1
    outer loop
      vertex 46.8123 -29.2515 21
      vertex 42.4024 -26.496 21
      vertex 45.7629 -30.8674 21
    endloop
  endfacet
  facet normal -0 0 1
    outer loop
      vertex 41.4519 -27.9596 21
      vertex 45.7629 -30.8674 21
      vertex 42.4024 -26.496 21
    endloop
  endfacet
  facet normal 0 0 1
    outer loop
      vertex 45.7629 -30.8674 21
      vertex 41.4519 -27.9596 21
      vertex 44.6577 -32.4457 21
    endloop
  endfacet
  facet normal -0 0 1
    outer loop
      vertex 40.4509 -29.3893 21
      vertex 44.6577 -32.4457 21
      vertex 41.4519 -27.9596 21
    endloop
  endfacet
  facet normal 0 0 1
    outer loop
      vertex 44.6577 -32.4457 21
      vertex 40.4509 -29.3893 21
      vertex 43.4982 -33.9845 21
    endloop
  endfacet
  facet normal -0 0 1
    outer loop
      vertex 39.4005 -30.7831 21
      vertex 43.4982 -33.9845 21
      vertex 40.4509 -29.3893 21
    endloop
  endfacet
  facet normal 0 0 1
    outer loop
      vertex 43.4982 -33.9845 21
      vertex 39.4005 -30.7831 21
      vertex 42.2857 -35.4819 21
    endloop
  endfacet
  facet normal -0 0 1
    outer loop
      vertex 38.3022 -32.1394 21
      vertex 42.2857 -35.4819 21
      vertex 39.4005 -30.7831 21
    endloop
  endfacet
  facet normal 0 0 1
    outer loop
      vertex 42.2857 -35.4819 21
      vertex 38.3022 -32.1394 21
      vertex 41.0216 -36.936 21
    endloop
  endfacet
  facet normal -0 0 1
    outer loop
      vertex 37.1572 -33.4565 21
      vertex 41.0216 -36.936 21
      vertex 38.3022 -32.1394 21
    endloop
  endfacet
  facet normal 0 0 1
    outer loop
      vertex 41.0216 -36.936 21
      vertex 37.1572 -33.4565 21
      vertex 39.7076 -38.3451 21
    endloop
  endfacet
  facet normal -0 0 1
    outer loop
      vertex 35.967 -34.7329 21
      vertex 39.7076 -38.3451 21
      vertex 37.1572 -33.4565 21
    endloop
  endfacet
  facet normal 0 0 1
    outer loop
      vertex 39.7076 -38.3451 21
      vertex 35.967 -34.7329 21
      vertex 38.3451 -39.7076 21
    endloop
  endfacet
  facet normal -0 0 1
    outer loop
      vertex 34.7329 -35.967 21
      vertex 38.3451 -39.7076 21
      vertex 35.967 -34.7329 21
    endloop
  endfacet
  facet normal 0 0 1
    outer loop
      vertex 38.3451 -39.7076 21
      vertex 34.7329 -35.967 21
      vertex 36.936 -41.0216 21
    endloop
  endfacet
  facet normal -0 0 1
    outer loop
      vertex 33.4565 -37.1572 21
      vertex 36.936 -41.0216 21
      vertex 34.7329 -35.967 21
    endloop
  endfacet
  facet normal 0 0 1
    outer loop
      vertex 36.936 -41.0216 21
      vertex 33.4565 -37.1572 21
      vertex 35.4819 -42.2857 21
    endloop
  endfacet
  facet normal -0 0 1
    outer loop
      vertex 32.1394 -38.3022 21
      vertex 35.4819 -42.2857 21
      vertex 33.4565 -37.1572 21
    endloop
  endfacet
  facet normal 0 0 1
    outer loop
      vertex 35.4819 -42.2857 21
      vertex 32.1394 -38.3022 21
      vertex 33.9845 -43.4982 21
    endloop
  endfacet
  facet normal -0 0 1
    outer loop
      vertex 30.7831 -39.4005 21
      vertex 33.9845 -43.4982 21
      vertex 32.1394 -38.3022 21
    endloop
  endfacet
  facet normal 0 0 1
    outer loop
      vertex 33.9845 -43.4982 21
      vertex 30.7831 -39.4005 21
      vertex 32.4457 -44.6577 21
    endloop
  endfacet
  facet normal -0 0 1
    outer loop
      vertex 29.3893 -40.4509 21
      vertex 32.4457 -44.6577 21
      vertex 30.7831 -39.4005 21
    endloop
  endfacet
  facet normal 0 0 1
    outer loop
      vertex 32.4457 -44.6577 21
      vertex 29.3893 -40.4509 21
      vertex 30.8674 -45.7629 21
    endloop
  endfacet
  facet normal -0 0 1
    outer loop
      vertex 27.9596 -41.4519 21
      vertex 30.8674 -45.7629 21
      vertex 29.3893 -40.4509 21
    endloop
  endfacet
  facet normal 0 0 1
    outer loop
      vertex 30.8674 -45.7629 21
      vertex 27.9596 -41.4519 21
      vertex 29.2515 -46.8123 21
    endloop
  endfacet
  facet normal -0 0 1
    outer loop
      vertex 26.496 -42.4024 21
      vertex 29.2515 -46.8123 21
      vertex 27.9596 -41.4519 21
    endloop
  endfacet
  facet normal 0 0 1
    outer loop
      vertex 29.2515 -46.8123 21
      vertex 26.496 -42.4024 21
      vertex 27.6 -47.8046 21
    endloop
  endfacet
  facet normal -0 0 1
    outer loop
      vertex 25 -43.3013 21
      vertex 27.6 -47.8046 21
      vertex 26.496 -42.4024 21
    endloop
  endfacet
  facet normal 0 0 1
    outer loop
      vertex 27.6 -47.8046 21
      vertex 25 -43.3013 21
      vertex 25.9148 -48.7387 21
    endloop
  endfacet
  facet normal -0 0 1
    outer loop
      vertex 23.4736 -44.1474 21
      vertex 25.9148 -48.7387 21
      vertex 25 -43.3013 21
    endloop
  endfacet
  facet normal 0 0 1
    outer loop
      vertex 25.9148 -48.7387 21
      vertex 23.4736 -44.1474 21
      vertex 24.1981 -49.6134 21
    endloop
  endfacet
  facet normal -0 0 1
    outer loop
      vertex 21.9186 -44.9397 21
      vertex 24.1981 -49.6134 21
      vertex 23.4736 -44.1474 21
    endloop
  endfacet
  facet normal 0 0 1
    outer loop
      vertex 24.1981 -49.6134 21
      vertex 21.9186 -44.9397 21
      vertex 22.4519 -50.4277 21
    endloop
  endfacet
  facet normal -0 0 1
    outer loop
      vertex 20.3368 -45.6773 21
      vertex 22.4519 -50.4277 21
      vertex 21.9186 -44.9397 21
    endloop
  endfacet
  facet normal 0 0 1
    outer loop
      vertex 22.4519 -50.4277 21
      vertex 20.3368 -45.6773 21
      vertex 20.6783 -51.1805 21
    endloop
  endfacet
  facet normal -0 0 1
    outer loop
      vertex 18.7303 -46.3592 21
      vertex 20.6783 -51.1805 21
      vertex 20.3368 -45.6773 21
    endloop
  endfacet
  facet normal 0 0 1
    outer loop
      vertex 20.6783 -51.1805 21
      vertex 18.7303 -46.3592 21
      vertex 18.8795 -51.871 21
    endloop
  endfacet
  facet normal -0 0 1
    outer loop
      vertex 17.101 -46.9846 21
      vertex 18.8795 -51.871 21
      vertex 18.7303 -46.3592 21
    endloop
  endfacet
  facet normal 0 0 1
    outer loop
      vertex 17.101 -46.9846 21
      vertex 17.0577 -52.4983 21
      vertex 18.8795 -51.871 21
    endloop
  endfacet
  facet normal -0 0 1
    outer loop
      vertex 15.4508 -47.5528 21
      vertex 17.0577 -52.4983 21
      vertex 17.101 -46.9846 21
    endloop
  endfacet
  facet normal 0 0 1
    outer loop
      vertex 15.4508 -47.5528 21
      vertex 15.2152 -53.0616 21
      vertex 17.0577 -52.4983 21
    endloop
  endfacet
  facet normal -0 0 1
    outer loop
      vertex 13.7819 -48.0631 21
      vertex 15.2152 -53.0616 21
      vertex 15.4508 -47.5528 21
    endloop
  endfacet
  facet normal 0 0 1
    outer loop
      vertex 13.7819 -48.0631 21
      vertex 13.3541 -53.5603 21
      vertex 15.2152 -53.0616 21
    endloop
  endfacet
  facet normal -0 0 1
    outer loop
      vertex 12.0961 -48.5148 21
      vertex 13.3541 -53.5603 21
      vertex 13.7819 -48.0631 21
    endloop
  endfacet
  facet normal 0 0 1
    outer loop
      vertex 12.0961 -48.5148 21
      vertex 11.4767 -53.9937 21
      vertex 13.3541 -53.5603 21
    endloop
  endfacet
  facet normal -0 0 1
    outer loop
      vertex 10.3956 -48.9074 21
      vertex 11.4767 -53.9937 21
      vertex 12.0961 -48.5148 21
    endloop
  endfacet
  facet normal 0 0 1
    outer loop
      vertex 10.3956 -48.9074 21
      vertex 9.58538 -54.3614 21
      vertex 11.4767 -53.9937 21
    endloop
  endfacet
  facet normal -0 0 1
    outer loop
      vertex 8.68241 -49.2404 21
      vertex 9.58538 -54.3614 21
      vertex 10.3956 -48.9074 21
    endloop
  endfacet
  facet normal 0 0 1
    outer loop
      vertex 8.68241 -49.2404 21
      vertex 7.68235 -54.6628 21
      vertex 9.58538 -54.3614 21
    endloop
  endfacet
  facet normal -0 0 1
    outer loop
      vertex 6.95865 -49.5134 21
      vertex 7.68235 -54.6628 21
      vertex 8.68241 -49.2404 21
    endloop
  endfacet
  facet normal 0 0 1
    outer loop
      vertex 6.95865 -49.5134 21
      vertex 5.76997 -54.8976 21
      vertex 7.68235 -54.6628 21
    endloop
  endfacet
  facet normal -0 0 1
    outer loop
      vertex 5.22642 -49.7261 21
      vertex 5.76997 -54.8976 21
      vertex 6.95865 -49.5134 21
    endloop
  endfacet
  facet normal 0 0 1
    outer loop
      vertex 5.22642 -49.7261 21
      vertex 3.85056 -55.0655 21
      vertex 5.76997 -54.8976 21
    endloop
  endfacet
  facet normal -0 0 1
    outer loop
      vertex 3.48782 -49.8782 21
      vertex 3.85056 -55.0655 21
      vertex 5.22642 -49.7261 21
    endloop
  endfacet
  facet normal 0 0 1
    outer loop
      vertex 3.48782 -49.8782 21
      vertex 1.92645 -55.1664 21
      vertex 3.85056 -55.0655 21
    endloop
  endfacet
  facet normal -0 0 1
    outer loop
      vertex 1.74497 -49.9695 21
      vertex 1.92645 -55.1664 21
      vertex 3.48782 -49.8782 21
    endloop
  endfacet
  facet normal -0 0 1
    outer loop
      vertex 0 -50 21
      vertex 1.92645 -55.1664 21
      vertex 1.74497 -49.9695 21
    endloop
  endfacet
  facet normal 0 0 1
    outer loop
      vertex 0 -50 21
      vertex 0 -55.2 21
      vertex 1.92645 -55.1664 21
    endloop
  endfacet
  facet normal 0 0 1
    outer loop
      vertex -1.74497 -49.9695 21
      vertex 0 -55.2 21
      vertex 0 -50 21
    endloop
  endfacet
  facet normal 0 0 1
    outer loop
      vertex -1.74497 -49.9695 21
      vertex -1.92645 -55.1664 21
      vertex 0 -55.2 21
    endloop
  endfacet
  facet normal 0 0 1
    outer loop
      vertex -3.48782 -49.8782 21
      vertex -1.92645 -55.1664 21
      vertex -1.74497 -49.9695 21
    endloop
  endfacet
  facet normal 0 0 1
    outer loop
      vertex -3.48782 -49.8782 21
      vertex -3.85056 -55.0655 21
      vertex -1.92645 -55.1664 21
    endloop
  endfacet
  facet normal 0 0 1
    outer loop
      vertex -5.22642 -49.7261 21
      vertex -3.85056 -55.0655 21
      vertex -3.48782 -49.8782 21
    endloop
  endfacet
  facet normal 0 0 1
    outer loop
      vertex -5.22642 -49.7261 21
      vertex -5.76997 -54.8976 21
      vertex -3.85056 -55.0655 21
    endloop
  endfacet
  facet normal 0 0 1
    outer loop
      vertex -6.95865 -49.5134 21
      vertex -5.76997 -54.8976 21
      vertex -5.22642 -49.7261 21
    endloop
  endfacet
  facet normal 0 0 1
    outer loop
      vertex -6.95865 -49.5134 21
      vertex -7.68235 -54.6628 21
      vertex -5.76997 -54.8976 21
    endloop
  endfacet
  facet normal 0 0 1
    outer loop
      vertex -8.68241 -49.2404 21
      vertex -7.68235 -54.6628 21
      vertex -6.95865 -49.5134 21
    endloop
  endfacet
  facet normal 0 0 1
    outer loop
      vertex -8.68241 -49.2404 21
      vertex -9.58538 -54.3614 21
      vertex -7.68235 -54.6628 21
    endloop
  endfacet
  facet normal 0 0 1
    outer loop
      vertex -10.3956 -48.9074 21
      vertex -9.58538 -54.3614 21
      vertex -8.68241 -49.2404 21
    endloop
  endfacet
  facet normal 0 0 1
    outer loop
      vertex -10.3956 -48.9074 21
      vertex -11.4767 -53.9937 21
      vertex -9.58538 -54.3614 21
    endloop
  endfacet
  facet normal 0 0 1
    outer loop
      vertex -12.0961 -48.5148 21
      vertex -11.4767 -53.9937 21
      vertex -10.3956 -48.9074 21
    endloop
  endfacet
  facet normal 0 0 1
    outer loop
      vertex -12.0961 -48.5148 21
      vertex -13.3541 -53.5603 21
      vertex -11.4767 -53.9937 21
    endloop
  endfacet
  facet normal 0 0 1
    outer loop
      vertex -13.7819 -48.0631 21
      vertex -13.3541 -53.5603 21
      vertex -12.0961 -48.5148 21
    endloop
  endfacet
  facet normal 0 0 1
    outer loop
      vertex -13.7819 -48.0631 21
      vertex -15.2152 -53.0616 21
      vertex -13.3541 -53.5603 21
    endloop
  endfacet
  facet normal 0 0 1
    outer loop
      vertex -15.4508 -47.5528 21
      vertex -15.2152 -53.0616 21
      vertex -13.7819 -48.0631 21
    endloop
  endfacet
  facet normal 0 0 1
    outer loop
      vertex -15.4508 -47.5528 21
      vertex -17.0577 -52.4983 21
      vertex -15.2152 -53.0616 21
    endloop
  endfacet
  facet normal 0 0 1
    outer loop
      vertex -17.101 -46.9846 21
      vertex -17.0577 -52.4983 21
      vertex -15.4508 -47.5528 21
    endloop
  endfacet
  facet normal 0 0 1
    outer loop
      vertex -18.8795 -51.871 21
      vertex -17.101 -46.9846 21
      vertex -18.7303 -46.3592 21
    endloop
  endfacet
  facet normal 0 0 1
    outer loop
      vertex -17.101 -46.9846 21
      vertex -18.8795 -51.871 21
      vertex -17.0577 -52.4983 21
    endloop
  endfacet
  facet normal 0 0 1
    outer loop
      vertex -20.6783 -51.1805 21
      vertex -18.7303 -46.3592 21
      vertex -20.3368 -45.6773 21
    endloop
  endfacet
  facet normal 0 0 1
    outer loop
      vertex -18.7303 -46.3592 21
      vertex -20.6783 -51.1805 21
      vertex -18.8795 -51.871 21
    endloop
  endfacet
  facet normal 0 0 1
    outer loop
      vertex -22.4519 -50.4277 21
      vertex -20.3368 -45.6773 21
      vertex -21.9186 -44.9397 21
    endloop
  endfacet
  facet normal 0 0 1
    outer loop
      vertex -20.3368 -45.6773 21
      vertex -22.4519 -50.4277 21
      vertex -20.6783 -51.1805 21
    endloop
  endfacet
  facet normal 0 0 1
    outer loop
      vertex -24.1981 -49.6134 21
      vertex -21.9186 -44.9397 21
      vertex -23.4736 -44.1474 21
    endloop
  endfacet
  facet normal 0 0 1
    outer loop
      vertex -21.9186 -44.9397 21
      vertex -24.1981 -49.6134 21
      vertex -22.4519 -50.4277 21
    endloop
  endfacet
  facet normal 0 0 1
    outer loop
      vertex -25.9148 -48.7387 21
      vertex -23.4736 -44.1474 21
      vertex -25 -43.3013 21
    endloop
  endfacet
  facet normal 0 0 1
    outer loop
      vertex -23.4736 -44.1474 21
      vertex -25.9148 -48.7387 21
      vertex -24.1981 -49.6134 21
    endloop
  endfacet
  facet normal 0 0 1
    outer loop
      vertex -27.6 -47.8046 21
      vertex -25 -43.3013 21
      vertex -26.496 -42.4024 21
    endloop
  endfacet
  facet normal 0 0 1
    outer loop
      vertex -25 -43.3013 21
      vertex -27.6 -47.8046 21
      vertex -25.9148 -48.7387 21
    endloop
  endfacet
  facet normal 0 0 1
    outer loop
      vertex -29.2515 -46.8123 21
      vertex -26.496 -42.4024 21
      vertex -27.9596 -41.4519 21
    endloop
  endfacet
  facet normal 0 0 1
    outer loop
      vertex -26.496 -42.4024 21
      vertex -29.2515 -46.8123 21
      vertex -27.6 -47.8046 21
    endloop
  endfacet
  facet normal 0 0 1
    outer loop
      vertex -30.8674 -45.7629 21
      vertex -27.9596 -41.4519 21
      vertex -29.3893 -40.4509 21
    endloop
  endfacet
  facet normal 0 0 1
    outer loop
      vertex -32.4457 -44.6577 21
      vertex -29.3893 -40.4509 21
      vertex -30.7831 -39.4005 21
    endloop
  endfacet
  facet normal 0 0 1
    outer loop
      vertex -27.9596 -41.4519 21
      vertex -30.8674 -45.7629 21
      vertex -29.2515 -46.8123 21
    endloop
  endfacet
  facet normal 0 0 1
    outer loop
      vertex -33.9845 -43.4982 21
      vertex -30.7831 -39.4005 21
      vertex -32.1394 -38.3022 21
    endloop
  endfacet
  facet normal 0 0 1
    outer loop
      vertex -29.3893 -40.4509 21
      vertex -32.4457 -44.6577 21
      vertex -30.8674 -45.7629 21
    endloop
  endfacet
  facet normal 0 0 1
    outer loop
      vertex -35.4819 -42.2857 21
      vertex -32.1394 -38.3022 21
      vertex -33.4565 -37.1572 21
    endloop
  endfacet
  facet normal 0 0 1
    outer loop
      vertex -30.7831 -39.4005 21
      vertex -33.9845 -43.4982 21
      vertex -32.4457 -44.6577 21
    endloop
  endfacet
  facet normal 0 0 1
    outer loop
      vertex -36.936 -41.0216 21
      vertex -33.4565 -37.1572 21
      vertex -34.7329 -35.967 21
    endloop
  endfacet
  facet normal 0 0 1
    outer loop
      vertex -32.1394 -38.3022 21
      vertex -35.4819 -42.2857 21
      vertex -33.9845 -43.4982 21
    endloop
  endfacet
  facet normal 0 0 1
    outer loop
      vertex -38.3451 -39.7076 21
      vertex -34.7329 -35.967 21
      vertex -35.967 -34.7329 21
    endloop
  endfacet
  facet normal 0 0 1
    outer loop
      vertex -33.4565 -37.1572 21
      vertex -36.936 -41.0216 21
      vertex -35.4819 -42.2857 21
    endloop
  endfacet
  facet normal 0 0 1
    outer loop
      vertex -39.7076 -38.3451 21
      vertex -35.967 -34.7329 21
      vertex -37.1572 -33.4565 21
    endloop
  endfacet
  facet normal 0 0 1
    outer loop
      vertex -41.0216 -36.936 21
      vertex -37.1572 -33.4565 21
      vertex -38.3022 -32.1394 21
    endloop
  endfacet
  facet normal 0 0 1
    outer loop
      vertex -34.7329 -35.967 21
      vertex -38.3451 -39.7076 21
      vertex -36.936 -41.0216 21
    endloop
  endfacet
  facet normal 0 0 1
    outer loop
      vertex -42.2857 -35.4819 21
      vertex -38.3022 -32.1394 21
      vertex -39.4005 -30.7831 21
    endloop
  endfacet
  facet normal 0 0 1
    outer loop
      vertex -35.967 -34.7329 21
      vertex -39.7076 -38.3451 21
      vertex -38.3451 -39.7076 21
    endloop
  endfacet
  facet normal 0 0 1
    outer loop
      vertex -43.4982 -33.9845 21
      vertex -39.4005 -30.7831 21
      vertex -40.4509 -29.3893 21
    endloop
  endfacet
  facet normal 0 0 1
    outer loop
      vertex -37.1572 -33.4565 21
      vertex -41.0216 -36.936 21
      vertex -39.7076 -38.3451 21
    endloop
  endfacet
  facet normal 0 0 1
    outer loop
      vertex -44.6577 -32.4457 21
      vertex -40.4509 -29.3893 21
      vertex -41.4519 -27.9596 21
    endloop
  endfacet
  facet normal 0 0 1
    outer loop
      vertex -38.3022 -32.1394 21
      vertex -42.2857 -35.4819 21
      vertex -41.0216 -36.936 21
    endloop
  endfacet
  facet normal 0 0 1
    outer loop
      vertex -45.7629 -30.8674 21
      vertex -41.4519 -27.9596 21
      vertex -42.4024 -26.496 21
    endloop
  endfacet
  facet normal 0 0 1
    outer loop
      vertex -46.8123 -29.2515 21
      vertex -42.4024 -26.496 21
      vertex -43.3013 -25 21
    endloop
  endfacet
  facet normal 0 0 1
    outer loop
      vertex -39.4005 -30.7831 21
      vertex -43.4982 -33.9845 21
      vertex -42.2857 -35.4819 21
    endloop
  endfacet
  facet normal 0 0 1
    outer loop
      vertex -47.8046 -27.6 21
      vertex -43.3013 -25 21
      vertex -44.1474 -23.4736 21
    endloop
  endfacet
  facet normal 0 0 1
    outer loop
      vertex -40.4509 -29.3893 21
      vertex -44.6577 -32.4457 21
      vertex -43.4982 -33.9845 21
    endloop
  endfacet
  facet normal 0 0 1
    outer loop
      vertex -48.7387 -25.9148 21
      vertex -44.1474 -23.4736 21
      vertex -44.9397 -21.9186 21
    endloop
  endfacet
  facet normal 0 0 1
    outer loop
      vertex -49.6134 -24.1981 21
      vertex -44.9397 -21.9186 21
      vertex -45.6773 -20.3368 21
    endloop
  endfacet
  facet normal 0 0 1
    outer loop
      vertex -41.4519 -27.9596 21
      vertex -45.7629 -30.8674 21
      vertex -44.6577 -32.4457 21
    endloop
  endfacet
  facet normal 0 0 1
    outer loop
      vertex -50.4277 -22.4519 21
      vertex -45.6773 -20.3368 21
      vertex -46.3592 -18.7303 21
    endloop
  endfacet
  facet normal 0 0 1
    outer loop
      vertex -42.4024 -26.496 21
      vertex -46.8123 -29.2515 21
      vertex -45.7629 -30.8674 21
    endloop
  endfacet
  facet normal 0 0 1
    outer loop
      vertex -51.1805 -20.6783 21
      vertex -46.3592 -18.7303 21
      vertex -46.9846 -17.101 21
    endloop
  endfacet
  facet normal 0 0 1
    outer loop
      vertex -51.871 -18.8795 21
      vertex -46.9846 -17.101 21
      vertex -47.5528 -15.4508 21
    endloop
  endfacet
  facet normal 0 0 1
    outer loop
      vertex -43.3013 -25 21
      vertex -47.8046 -27.6 21
      vertex -46.8123 -29.2515 21
    endloop
  endfacet
  facet normal 0 0 1
    outer loop
      vertex -52.4983 -17.0577 21
      vertex -47.5528 -15.4508 21
      vertex -48.0631 -13.7819 21
    endloop
  endfacet
  facet normal 0 0 1
    outer loop
      vertex -53.0616 -15.2152 21
      vertex -48.0631 -13.7819 21
      vertex -48.5148 -12.0961 21
    endloop
  endfacet
  facet normal 0 0 1
    outer loop
      vertex -44.1474 -23.4736 21
      vertex -48.7387 -25.9148 21
      vertex -47.8046 -27.6 21
    endloop
  endfacet
  facet normal 0 0 1
    outer loop
      vertex -53.5603 -13.3541 21
      vertex -48.5148 -12.0961 21
      vertex -48.9074 -10.3956 21
    endloop
  endfacet
  facet normal 0 0 1
    outer loop
      vertex -53.9937 -11.4767 21
      vertex -48.9074 -10.3956 21
      vertex -49.2404 -8.68241 21
    endloop
  endfacet
  facet normal 0 0 1
    outer loop
      vertex -54.3614 -9.58538 21
      vertex -49.2404 -8.68241 21
      vertex -49.5134 -6.95865 21
    endloop
  endfacet
  facet normal 0 0 1
    outer loop
      vertex -44.9397 -21.9186 21
      vertex -49.6134 -24.1981 21
      vertex -48.7387 -25.9148 21
    endloop
  endfacet
  facet normal 0 0 1
    outer loop
      vertex -54.6628 -7.68235 21
      vertex -49.5134 -6.95865 21
      vertex -49.7261 -5.22642 21
    endloop
  endfacet
  facet normal 0 0 1
    outer loop
      vertex -54.8976 -5.76997 21
      vertex -49.7261 -5.22642 21
      vertex -49.8782 -3.48782 21
    endloop
  endfacet
  facet normal 0 0 1
    outer loop
      vertex -55.0655 -3.85056 21
      vertex -49.8782 -3.48782 21
      vertex -49.9695 -1.74497 21
    endloop
  endfacet
  facet normal 0 0 1
    outer loop
      vertex -55.1664 -1.92645 21
      vertex -49.9695 -1.74497 21
      vertex -50 0 21
    endloop
  endfacet
  facet normal 0 0 1
    outer loop
      vertex -48.9074 10.3956 21
      vertex -53.9937 11.4767 21
      vertex -49.2404 8.68241 21
    endloop
  endfacet
  facet normal 0 0 1
    outer loop
      vertex -45.6773 -20.3368 21
      vertex -50.4277 -22.4519 21
      vertex -49.6134 -24.1981 21
    endloop
  endfacet
  facet normal -0 0 1
    outer loop
      vertex -54.3614 9.58538 21
      vertex -49.2404 8.68241 21
      vertex -53.9937 11.4767 21
    endloop
  endfacet
  facet normal 0 0 1
    outer loop
      vertex -46.3592 -18.7303 21
      vertex -51.1805 -20.6783 21
      vertex -50.4277 -22.4519 21
    endloop
  endfacet
  facet normal 0 0 1
    outer loop
      vertex -49.2404 8.68241 21
      vertex -54.3614 9.58538 21
      vertex -49.5134 6.95865 21
    endloop
  endfacet
  facet normal 0 0 1
    outer loop
      vertex -46.9846 -17.101 21
      vertex -51.871 -18.8795 21
      vertex -51.1805 -20.6783 21
    endloop
  endfacet
  facet normal -0 0 1
    outer loop
      vertex -54.6628 7.68235 21
      vertex -49.5134 6.95865 21
      vertex -54.3614 9.58538 21
    endloop
  endfacet
  facet normal 0 0 1
    outer loop
      vertex -47.5528 -15.4508 21
      vertex -52.4983 -17.0577 21
      vertex -51.871 -18.8795 21
    endloop
  endfacet
  facet normal 0 0 1
    outer loop
      vertex -49.5134 6.95865 21
      vertex -54.6628 7.68235 21
      vertex -49.7261 5.22642 21
    endloop
  endfacet
  facet normal 0 0 1
    outer loop
      vertex -48.0631 -13.7819 21
      vertex -53.0616 -15.2152 21
      vertex -52.4983 -17.0577 21
    endloop
  endfacet
  facet normal -0 0 1
    outer loop
      vertex -54.8976 5.76997 21
      vertex -49.7261 5.22642 21
      vertex -54.6628 7.68235 21
    endloop
  endfacet
  facet normal 0 0 1
    outer loop
      vertex -48.5148 -12.0961 21
      vertex -53.5603 -13.3541 21
      vertex -53.0616 -15.2152 21
    endloop
  endfacet
  facet normal 0 0 1
    outer loop
      vertex -49.7261 5.22642 21
      vertex -54.8976 5.76997 21
      vertex -49.8782 3.48782 21
    endloop
  endfacet
  facet normal 0 0 1
    outer loop
      vertex -48.9074 -10.3956 21
      vertex -53.9937 -11.4767 21
      vertex -53.5603 -13.3541 21
    endloop
  endfacet
  facet normal -0 0 1
    outer loop
      vertex -55.0655 3.85056 21
      vertex -49.8782 3.48782 21
      vertex -54.8976 5.76997 21
    endloop
  endfacet
  facet normal 0 0 1
    outer loop
      vertex -49.2404 -8.68241 21
      vertex -54.3614 -9.58538 21
      vertex -53.9937 -11.4767 21
    endloop
  endfacet
  facet normal 0 0 1
    outer loop
      vertex -49.8782 3.48782 21
      vertex -55.0655 3.85056 21
      vertex -49.9695 1.74497 21
    endloop
  endfacet
  facet normal 0 0 1
    outer loop
      vertex -49.5134 -6.95865 21
      vertex -54.6628 -7.68235 21
      vertex -54.3614 -9.58538 21
    endloop
  endfacet
  facet normal -0 0 1
    outer loop
      vertex -55.1664 1.92645 21
      vertex -49.9695 1.74497 21
      vertex -55.0655 3.85056 21
    endloop
  endfacet
  facet normal 0 0 1
    outer loop
      vertex -49.7261 -5.22642 21
      vertex -54.8976 -5.76997 21
      vertex -54.6628 -7.68235 21
    endloop
  endfacet
  facet normal 0 0 1
    outer loop
      vertex -49.9695 1.74497 21
      vertex -55.1664 1.92645 21
      vertex -50 0 21
    endloop
  endfacet
  facet normal 0 0 1
    outer loop
      vertex -49.8782 -3.48782 21
      vertex -55.0655 -3.85056 21
      vertex -54.8976 -5.76997 21
    endloop
  endfacet
  facet normal 0 0 1
    outer loop
      vertex -55.2 0 21
      vertex -50 0 21
      vertex -55.1664 1.92645 21
    endloop
  endfacet
  facet normal 0 0 1
    outer loop
      vertex -49.9695 -1.74497 21
      vertex -55.1664 -1.92645 21
      vertex -55.0655 -3.85056 21
    endloop
  endfacet
  facet normal 0 0 1
    outer loop
      vertex -50 0 21
      vertex -55.2 0 21
      vertex -55.1664 -1.92645 21
    endloop
  endfacet
  facet normal 0.999847 0.0174761 0
    outer loop
      vertex -49.9695 -1.74497 21
      vertex -50 0 19
      vertex -50 0 21
    endloop
  endfacet
  facet normal 0.999847 0.0174761 0
    outer loop
      vertex -50 0 19
      vertex -49.9695 -1.74497 21
      vertex -49.9695 -1.74497 19
    endloop
  endfacet
  facet normal 0.732189 0.0127368 -0.680983
    outer loop
      vertex -49.9695 -1.74497 19
      vertex -50.899 -1.77743 18
      vertex -50.9026 -1.57048 18
    endloop
  endfacet
  facet normal 0.732212 0.0127748 -0.680957
    outer loop
      vertex -50 0 19
      vertex -50.9026 -1.57048 18
      vertex -50.93 0 18
    endloop
  endfacet
  facet normal 0.732193 0.0127979 -0.680977
    outer loop
      vertex -50.9026 -1.57048 18
      vertex -50 0 19
      vertex -49.9695 -1.74497 19
    endloop
  endfacet
  facet normal 0.986247 0.0171507 -0.164384
    outer loop
      vertex -60.763 -2.12189 0
      vertex -59.4345 -1.83959 8
      vertex -59.4304 -2.07536 8
    endloop
  endfacet
  facet normal 0.986246 0.0171975 -0.164385
    outer loop
      vertex -59.4345 -1.83959 8
      vertex -60.763 -2.12189 0
      vertex -60.8 0 0
    endloop
  endfacet
  facet normal 0.986248 0.0172632 -0.16437
    outer loop
      vertex -59.4667 0 8
      vertex -59.4345 -1.83959 8
      vertex -60.8 0 0
    endloop
  endfacet
  facet normal -0.986247 -0.0171994 0.16438
    outer loop
      vertex -58.9906 -0.540942 18
      vertex -57.9647 -2.02417 24
      vertex -58 0 24
    endloop
  endfacet
  facet normal -0.986247 -0.0172156 0.164376
    outer loop
      vertex -57.9647 -2.02417 24
      vertex -58.9906 -0.540942 18
      vertex -58.9641 -2.05907 18
    endloop
  endfacet
  facet normal -0.986248 -0.017248 0.164372
    outer loop
      vertex -60.6297 -2.11724 8
      vertex -60.6415 -1.44251 8
      vertex -61.9622 -2.16377 0
    endloop
  endfacet
  facet normal -0.986249 -0.0171381 0.164375
    outer loop
      vertex -58.9906 -0.540942 18
      vertex -58 0 24
      vertex -59 0 18
    endloop
  endfacet
  facet normal -0.986248 -0.0172293 0.164371
    outer loop
      vertex -62 0 0
      vertex -60.6415 -1.44251 8
      vertex -60.6667 0 8
    endloop
  endfacet
  facet normal -0.986248 -0.0172293 0.164371
    outer loop
      vertex -60.6415 -1.44251 8
      vertex -62 0 0
      vertex -61.9622 -2.16377 0
    endloop
  endfacet
  facet normal 0 0 -1
    outer loop
      vertex -58.5745 -7 18
      vertex -50.4596 -6.88264 18
      vertex -50.4452 -7 18
    endloop
  endfacet
  facet normal 0 0 -1
    outer loop
      vertex -58.6768 -6.16718 18
      vertex -50.669 -5.11744 18
      vertex -50.651 -5.32363 18
    endloop
  endfacet
  facet normal 0 0 -1
    outer loop
      vertex -58.9641 -2.05907 18
      vertex -50.9026 -1.57048 18
      vertex -50.899 -1.77743 18
    endloop
  endfacet
  facet normal 0 0 -1
    outer loop
      vertex -50.669 -5.11744 18
      vertex -58.8091 -4.6546 18
      vertex -50.8059 -3.5527 18
    endloop
  endfacet
  facet normal -0 0 -1
    outer loop
      vertex -50.669 -5.11744 18
      vertex -58.6768 -6.16718 18
      vertex -58.8091 -4.6546 18
    endloop
  endfacet
  facet normal 0 0 -1
    outer loop
      vertex -58.6768 -6.16718 18
      vertex -50.651 -5.32363 18
      vertex -58.6109 -6.70417 18
    endloop
  endfacet
  facet normal 0 0 -1
    outer loop
      vertex -58.6109 -6.70417 18
      vertex -50.651 -5.32363 18
      vertex -58.5745 -7 18
    endloop
  endfacet
  facet normal -0 0 -1
    outer loop
      vertex -50.4596 -6.88264 18
      vertex -58.5745 -7 18
      vertex -50.651 -5.32363 18
    endloop
  endfacet
  facet normal 0 0 -1
    outer loop
      vertex -58.8563 -4.11563 18
      vertex -50.8059 -3.5527 18
      vertex -58.8091 -4.6546 18
    endloop
  endfacet
  facet normal -0 0 -1
    outer loop
      vertex -50.8059 -3.5527 18
      vertex -58.8563 -4.11563 18
      vertex -50.8168 -3.34599 18
    endloop
  endfacet
  facet normal 0 0 -1
    outer loop
      vertex -58.9357 -2.59935 18
      vertex -50.8168 -3.34599 18
      vertex -58.8563 -4.11563 18
    endloop
  endfacet
  facet normal 0 0 -1
    outer loop
      vertex -50.8168 -3.34599 18
      vertex -58.9357 -2.59935 18
      vertex -50.899 -1.77743 18
    endloop
  endfacet
  facet normal 0 0 -1
    outer loop
      vertex -58.9641 -2.05907 18
      vertex -50.899 -1.77743 18
      vertex -58.9357 -2.59935 18
    endloop
  endfacet
  facet normal -0 0 -1
    outer loop
      vertex -50.9026 -1.57048 18
      vertex -58.9641 -2.05907 18
      vertex -58.9906 -0.540942 18
    endloop
  endfacet
  facet normal 0 0 -1
    outer loop
      vertex -50.9026 -1.57048 18
      vertex -58.9906 -0.540942 18
      vertex -50.93 0 18
    endloop
  endfacet
  facet normal 0 0 -1
    outer loop
      vertex -59 0 18
      vertex -50.93 0 18
      vertex -58.9906 -0.540942 18
    endloop
  endfacet
  facet normal 0 0 -1
    outer loop
      vertex -50.93 0 18
      vertex -59 0 18
      vertex -50.9264 0.206954 18
    endloop
  endfacet
  facet normal 0 -0 -1
    outer loop
      vertex -58.9735 1.51813 18
      vertex -50.9264 0.206954 18
      vertex -59 0 18
    endloop
  endfacet
  facet normal 0 0 -1
    outer loop
      vertex -50.9264 0.206954 18
      vertex -58.9735 1.51813 18
      vertex -50.899 1.77743 18
    endloop
  endfacet
  facet normal 0 -0 -1
    outer loop
      vertex -58.5745 7 18
      vertex -50.6258 5.52908 18
      vertex -58.6768 6.16718 18
    endloop
  endfacet
  facet normal 0 0 -1
    outer loop
      vertex -50.6258 5.52908 18
      vertex -58.5745 7 18
      vertex -50.4452 7 18
    endloop
  endfacet
  facet normal 0 -0 -1
    outer loop
      vertex -58.9641 2.05907 18
      vertex -50.899 1.77743 18
      vertex -58.9735 1.51813 18
    endloop
  endfacet
  facet normal 0 0 -1
    outer loop
      vertex -50.899 1.77743 18
      vertex -58.9641 2.05907 18
      vertex -50.8881 1.98413 18
    endloop
  endfacet
  facet normal 0 -0 -1
    outer loop
      vertex -58.6768 6.16718 18
      vertex -50.651 5.32363 18
      vertex -58.7239 5.62821 18
    endloop
  endfacet
  facet normal 0 0 -1
    outer loop
      vertex -50.651 5.32363 18
      vertex -58.6768 6.16718 18
      vertex -50.6258 5.52908 18
    endloop
  endfacet
  facet normal 0 -0 -1
    outer loop
      vertex -58.8846 3.57535 18
      vertex -50.8881 1.98413 18
      vertex -58.9641 2.05907 18
    endloop
  endfacet
  facet normal 0 0 -1
    outer loop
      vertex -50.8881 1.98413 18
      vertex -58.8846 3.57535 18
      vertex -50.8059 3.5527 18
    endloop
  endfacet
  facet normal 0 -0 -1
    outer loop
      vertex -58.7239 5.62821 18
      vertex -50.7879 3.75889 18
      vertex -58.8563 4.11563 18
    endloop
  endfacet
  facet normal 0 0 -1
    outer loop
      vertex -50.7879 3.75889 18
      vertex -58.7239 5.62821 18
      vertex -50.651 5.32363 18
    endloop
  endfacet
  facet normal 0 -0 -1
    outer loop
      vertex -58.8563 4.11563 18
      vertex -50.8059 3.5527 18
      vertex -58.8846 3.57535 18
    endloop
  endfacet
  facet normal 0 0 -1
    outer loop
      vertex -50.8059 3.5527 18
      vertex -58.8563 4.11563 18
      vertex -50.7879 3.75889 18
    endloop
  endfacet
  facet normal 0 1 0
    outer loop
      vertex -50.4452 -7 18
      vertex -59.0391 -7 15.2332
      vertex -58.5745 -7 18
    endloop
  endfacet
  facet normal 0 1 -0
    outer loop
      vertex -58.8767 -7 9
      vertex -59.0391 -7 15.2332
      vertex -50.4452 -7 18
    endloop
  endfacet
  facet normal 0 1 0
    outer loop
      vertex -60.2535 -7 8
      vertex -58.8767 -7 9
      vertex -59.0446 -7 8
    endloop
  endfacet
  facet normal 0 1 0
    outer loop
      vertex -58.8767 -7 9
      vertex -60.2535 -7 8
      vertex -59.0391 -7 15.2332
    endloop
  endfacet
  facet normal -0 0 1
    outer loop
      vertex -60.6549 0.674723 8
      vertex -59.4625 0.235765 8
      vertex -59.4304 2.07536 8
    endloop
  endfacet
  facet normal 0 0 1
    outer loop
      vertex -59.3012 4.38309 8
      vertex -60.5189 4.23189 8
      vertex -59.3218 4.14818 8
    endloop
  endfacet
  facet normal 0 0 1
    outer loop
      vertex -60.5189 4.23189 8
      vertex -59.3012 4.38309 8
      vertex -60.4601 4.90415 8
    endloop
  endfacet
  facet normal 0 0 1
    outer loop
      vertex -59.1409 6.21596 8
      vertex -60.4601 4.90415 8
      vertex -59.3012 4.38309 8
    endloop
  endfacet
  facet normal 0 0 1
    outer loop
      vertex -60.4601 4.90415 8
      vertex -59.1409 6.21596 8
      vertex -60.3343 6.34139 8
    endloop
  endfacet
  facet normal 0 0 1
    outer loop
      vertex -59.1122 6.45 8
      vertex -60.3343 6.34139 8
      vertex -59.1409 6.21596 8
    endloop
  endfacet
  facet normal 0 0 1
    outer loop
      vertex -60.3343 6.34139 8
      vertex -59.1122 6.45 8
      vertex -60.2535 7 8
    endloop
  endfacet
  facet normal -0 0 1
    outer loop
      vertex -60.2535 7 8
      vertex -59.1122 6.45 8
      vertex -59.0446 7 8
    endloop
  endfacet
  facet normal -0 0 1
    outer loop
      vertex -60.5542 -3.55799 8
      vertex -59.3341 -3.91271 8
      vertex -59.4304 -2.07536 8
    endloop
  endfacet
  facet normal 0 0 1
    outer loop
      vertex -60.5944 2.79114 8
      vertex -59.3218 4.14818 8
      vertex -60.5189 4.23189 8
    endloop
  endfacet
  facet normal 0 0 1
    outer loop
      vertex -59.3218 4.14818 8
      vertex -60.5944 2.79114 8
      vertex -59.4181 2.31083 8
    endloop
  endfacet
  facet normal 0 0 1
    outer loop
      vertex -60.6297 2.11724 8
      vertex -59.4181 2.31083 8
      vertex -60.5944 2.79114 8
    endloop
  endfacet
  facet normal 0 0 1
    outer loop
      vertex -59.1409 -6.21596 8
      vertex -60.2535 -7 8
      vertex -59.0446 -7 8
    endloop
  endfacet
  facet normal 0 0 1
    outer loop
      vertex -60.3343 -6.34139 8
      vertex -59.1409 -6.21596 8
      vertex -59.1614 -5.98105 8
    endloop
  endfacet
  facet normal -0 0 1
    outer loop
      vertex -60.3931 -5.66913 8
      vertex -59.1614 -5.98105 8
      vertex -59.3218 -4.14818 8
    endloop
  endfacet
  facet normal 0 0 1
    outer loop
      vertex -60.6549 0.674723 8
      vertex -59.4304 2.07536 8
      vertex -60.6297 2.11724 8
    endloop
  endfacet
  facet normal 0 0 1
    outer loop
      vertex -59.4181 2.31083 8
      vertex -60.6297 2.11724 8
      vertex -59.4304 2.07536 8
    endloop
  endfacet
  facet normal 0 0 1
    outer loop
      vertex -59.1614 -5.98105 8
      vertex -60.3931 -5.66913 8
      vertex -60.3343 -6.34139 8
    endloop
  endfacet
  facet normal 0 0 1
    outer loop
      vertex -59.1409 -6.21596 8
      vertex -60.3343 -6.34139 8
      vertex -60.2535 -7 8
    endloop
  endfacet
  facet normal 0 0 1
    outer loop
      vertex -60.6667 0 8
      vertex -59.4625 0.235765 8
      vertex -60.6549 0.674723 8
    endloop
  endfacet
  facet normal 0 0 1
    outer loop
      vertex -59.4625 0.235765 8
      vertex -60.6667 0 8
      vertex -59.4667 0 8
    endloop
  endfacet
  facet normal 0 0 1
    outer loop
      vertex -59.3341 -3.91271 8
      vertex -60.5189 -4.23189 8
      vertex -59.3218 -4.14818 8
    endloop
  endfacet
  facet normal 0 0 1
    outer loop
      vertex -59.3218 -4.14818 8
      vertex -60.5189 -4.23189 8
      vertex -60.3931 -5.66913 8
    endloop
  endfacet
  facet normal 0 -0 1
    outer loop
      vertex -60.6415 -1.44251 8
      vertex -59.4667 0 8
      vertex -60.6667 0 8
    endloop
  endfacet
  facet normal 0 0 1
    outer loop
      vertex -59.4667 0 8
      vertex -60.6415 -1.44251 8
      vertex -59.4345 -1.83959 8
    endloop
  endfacet
  facet normal 0 -0 1
    outer loop
      vertex -60.5542 -3.55799 8
      vertex -59.4304 -2.07536 8
      vertex -60.6297 -2.11724 8
    endloop
  endfacet
  facet normal 0 -0 1
    outer loop
      vertex -60.5189 -4.23189 8
      vertex -59.3341 -3.91271 8
      vertex -60.5542 -3.55799 8
    endloop
  endfacet
  facet normal 0 -0 1
    outer loop
      vertex -60.6297 -2.11724 8
      vertex -59.4345 -1.83959 8
      vertex -60.6415 -1.44251 8
    endloop
  endfacet
  facet normal 0 0 1
    outer loop
      vertex -59.4345 -1.83959 8
      vertex -60.6297 -2.11724 8
      vertex -59.4304 -2.07536 8
    endloop
  endfacet
  facet normal 0 -1 0
    outer loop
      vertex -58.5745 7 18
      vertex -54.9983 7 13.1399
      vertex -50.4452 7 18
    endloop
  endfacet
  facet normal 0 -1 -0
    outer loop
      vertex -58.5745 7 18
      vertex -58.8767 7 9
      vertex -54.9983 7 13.1399
    endloop
  endfacet
  facet normal 0 -1 0
    outer loop
      vertex -60.2535 7 8
      vertex -58.8767 7 9
      vertex -58.5745 7 18
    endloop
  endfacet
  facet normal 0 -1 0
    outer loop
      vertex -58.8767 7 9
      vertex -60.2535 7 8
      vertex -59.0446 7 8
    endloop
  endfacet
endsolid OpenSCAD_Model
